{"children":[],"adcode":110115,"name":"大兴区","center":[116.338033,39.728908],"centroid":[116.418968,39.647838],"childrenNum":0,"level":"district","acroutes":[100000,110000],"parent":{"adcode":110000}}