{"children":[],"adcode":110114,"name":"昌平区","center":[116.235906,40.218085],"centroid":[116.210616,40.215484],"childrenNum":0,"level":"district","acroutes":[100000,110000],"parent":{"adcode":110000}}