{"children":[],"adcode":110108,"name":"海淀区","center":[116.310316,39.956074],"centroid":[116.23328,40.026927],"childrenNum":0,"level":"district","acroutes":[100000,110000],"parent":{"adcode":110000}}