{"children":[],"adcode":110107,"name":"石景山区","center":[116.195445,39.914601],"centroid":[116.176229,39.933205],"childrenNum":0,"level":"district","acroutes":[100000,110000],"parent":{"adcode":110000}}