{"children":[],"adcode":110116,"name":"怀柔区","center":[116.637122,40.324272],"centroid":[116.586079,40.63069],"childrenNum":0,"level":"district","acroutes":[100000,110000],"parent":{"adcode":110000}}