{"children":[],"adcode":110117,"name":"平谷区","center":[117.112335,40.144783],"centroid":[117.145392,40.208997],"childrenNum":0,"level":"district","acroutes":[100000,110000],"parent":{"adcode":110000}}