{"children":[],"adcode":110102,"name":"西城区","center":[116.366794,39.915309],"centroid":[116.36567,39.912028],"childrenNum":0,"level":"district","acroutes":[100000,110000],"parent":{"adcode":110000}}