{"children":[],"adcode":110119,"name":"延庆区","center":[115.985006,40.465325],"centroid":[116.164004,40.540013],"childrenNum":0,"level":"district","acroutes":[100000,110000],"parent":{"adcode":110000}}