{"children":[],"adcode":110101,"name":"东城区","center":[116.418757,39.917544],"centroid":[116.416718,39.912934],"childrenNum":0,"level":"district","acroutes":[100000,110000],"parent":{"adcode":110000}}