{"children":[],"adcode":110118,"name":"密云区","center":[116.843352,40.377362],"centroid":[116.995042,40.526881],"childrenNum":0,"level":"district","acroutes":[100000,110000],"parent":{"adcode":110000}}