{"children":[],"adcode":110105,"name":"朝阳区","center":[116.486409,39.921489],"centroid":[116.513687,39.951064],"childrenNum":0,"level":"district","acroutes":[100000,110000],"parent":{"adcode":110000}}