{"children":[],"adcode":110106,"name":"丰台区","center":[116.286968,39.863642],"centroid":[116.250342,39.835716],"childrenNum":0,"level":"district","acroutes":[100000,110000],"parent":{"adcode":110000}}