{"children":[],"adcode":110111,"name":"房山区","center":[116.139157,39.735535],"centroid":[115.853966,39.719216],"childrenNum":0,"level":"district","acroutes":[100000,110000],"parent":{"adcode":110000}}