{"children":[],"adcode":110113,"name":"顺义区","center":[116.653525,40.128936],"centroid":[116.726467,40.152366],"childrenNum":0,"level":"district","acroutes":[100000,110000],"parent":{"adcode":110000}}