{"children":[],"adcode":110112,"name":"通州区","center":[116.658603,39.902486],"centroid":[116.733003,39.803506],"childrenNum":0,"level":"district","acroutes":[100000,110000],"parent":{"adcode":110000}}