{"children":[],"adcode":110109,"name":"门头沟区","center":[116.105381,39.937183],"centroid":[115.791698,39.994115],"childrenNum":0,"level":"district","acroutes":[100000,110000],"parent":{"adcode":110000}}