{"children":[],"adcode":120115,"name":"宝坻区","center":[117.308094,39.716965],"centroid":[117.405517,39.60949],"childrenNum":0,"level":"district","acroutes":[100000,120000],"parent":{"adcode":120000}}