{"children":[],"adcode":120114,"name":"武清区","center":[117.057959,39.376925],"centroid":[117.0282,39.451188],"childrenNum":0,"level":"district","acroutes":[100000,120000],"parent":{"adcode":120000}}