{"children":[],"adcode":120119,"name":"蓟州区","center":[117.407449,40.045342],"centroid":[117.434984,40.003468],"childrenNum":0,"level":"district","acroutes":[100000,120000],"parent":{"adcode":120000}}