{"children":[],"adcode":120110,"name":"东丽区","center":[117.313967,39.087764],"centroid":[117.409531,39.133692],"childrenNum":0,"level":"district","acroutes":[100000,120000],"parent":{"adcode":120000}}