{"children":[],"adcode":120101,"name":"和平区","center":[117.195907,39.118327],"centroid":[117.196207,39.118993],"childrenNum":0,"level":"district","acroutes":[100000,120000],"parent":{"adcode":120000}}