{"children":[],"adcode":120113,"name":"北辰区","center":[117.13482,39.225555],"centroid":[117.173477,39.253486],"childrenNum":0,"level":"district","acroutes":[100000,120000],"parent":{"adcode":120000}}