{"children":[],"adcode":120111,"name":"西青区","center":[117.012247,39.139446],"centroid":[117.118438,39.028602],"childrenNum":0,"level":"district","acroutes":[100000,120000],"parent":{"adcode":120000}}