{"children":[],"adcode":120106,"name":"红桥区","center":[117.163301,39.175066],"centroid":[117.155648,39.164723],"childrenNum":0,"level":"district","acroutes":[100000,120000],"parent":{"adcode":120000}}