{"children":[],"adcode":120112,"name":"津南区","center":[117.382549,38.989577],"centroid":[117.387949,38.963139],"childrenNum":0,"level":"district","acroutes":[100000,120000],"parent":{"adcode":120000}}