{"children":[],"adcode":120102,"name":"河东区","center":[117.226568,39.122125],"centroid":[117.256682,39.122406],"childrenNum":0,"level":"district","acroutes":[100000,120000],"parent":{"adcode":120000}}