{"children":[],"adcode":120117,"name":"宁河区","center":[117.82828,39.328886],"childrenNum":0,"level":"district","acroutes":[100000,120000],"parent":{"adcode":120000}}