{"children":[],"adcode":120103,"name":"河西区","center":[117.217536,39.101897],"centroid":[117.232522,39.072613],"childrenNum":0,"level":"district","acroutes":[100000,120000],"parent":{"adcode":120000}}