{"children":[],"adcode":120116,"name":"滨海新区","center":[117.654173,39.032846],"centroid":[117.59762,38.911764],"childrenNum":0,"level":"district","acroutes":[100000,120000],"parent":{"adcode":120000}}