{"children":[],"adcode":120105,"name":"河北区","center":[117.201569,39.156632],"centroid":[117.213791,39.167182],"childrenNum":0,"level":"district","acroutes":[100000,120000],"parent":{"adcode":120000}}