{"children":[],"adcode":120118,"name":"静海区","center":[116.925304,38.935671],"centroid":[116.966349,38.85579],"childrenNum":0,"level":"district","acroutes":[100000,120000],"parent":{"adcode":120000}}