{"children":[],"adcode":120104,"name":"南开区","center":[117.164143,39.120474],"centroid":[117.155049,39.108953],"childrenNum":0,"level":"district","acroutes":[100000,120000],"parent":{"adcode":120000}}