{"children":[],"adcode":130181,"name":"辛集市","center":[115.217451,37.92904],"centroid":[115.292201,37.916568],"childrenNum":0,"level":"district","acroutes":[100000,130000,130100],"parent":{"adcode":130100}}