{"children":[],"adcode":130105,"name":"新华区","center":[114.465974,38.067142],"centroid":[114.447636,38.099975],"childrenNum":0,"level":"district","acroutes":[100000,130000,130100],"parent":{"adcode":130100}}