{"children":[],"adcode":130123,"name":"正定县","center":[114.569887,38.147835],"centroid":[114.560729,38.222955],"childrenNum":0,"level":"district","acroutes":[100000,130000,130100],"parent":{"adcode":130100}}