{"children":[],"adcode":130107,"name":"井陉矿区","center":[114.058178,38.069748],"centroid":[114.045943,38.077325],"childrenNum":0,"level":"district","acroutes":[100000,130000,130100],"parent":{"adcode":130100}}