{"children":[],"adcode":130183,"name":"晋州市","center":[115.044886,38.027478],"centroid":[115.083994,37.984837],"childrenNum":0,"level":"district","acroutes":[100000,130000,130100],"parent":{"adcode":130100}}