{"children":[],"adcode":130102,"name":"长安区","center":[114.548151,38.047501],"centroid":[114.583482,38.080599],"childrenNum":0,"level":"district","acroutes":[100000,130000,130100],"parent":{"adcode":130100}}