{"children":[],"adcode":130128,"name":"深泽县","center":[115.200207,38.18454],"centroid":[115.223498,38.188482],"childrenNum":0,"level":"district","acroutes":[100000,130000,130100],"parent":{"adcode":130100}}