{"children":[],"adcode":130125,"name":"行唐县","center":[114.552734,38.437422],"centroid":[114.451539,38.53971],"childrenNum":0,"level":"district","acroutes":[100000,130000,130100],"parent":{"adcode":130100}}