{"children":[],"adcode":130132,"name":"元氏县","center":[114.52618,37.762514],"centroid":[114.42316,37.801614],"childrenNum":0,"level":"district","acroutes":[100000,130000,130100],"parent":{"adcode":130100}}