{"children":[],"adcode":130133,"name":"赵县","center":[114.775362,37.754341],"centroid":[114.825639,37.762868],"childrenNum":0,"level":"district","acroutes":[100000,130000,130100],"parent":{"adcode":130100}}