{"children":[],"adcode":130126,"name":"灵寿县","center":[114.37946,38.306546],"centroid":[114.178813,38.506712],"childrenNum":0,"level":"district","acroutes":[100000,130000,130100],"parent":{"adcode":130100}}