{"children":[],"adcode":130108,"name":"裕华区","center":[114.533257,38.027696],"centroid":[114.584117,38.009464],"childrenNum":0,"level":"district","acroutes":[100000,130000,130100],"parent":{"adcode":130100}}