{"children":[],"adcode":130130,"name":"无极县","center":[114.977845,38.176376],"centroid":[114.944245,38.178372],"childrenNum":0,"level":"district","acroutes":[100000,130000,130100],"parent":{"adcode":130100}}