{"children":[],"adcode":130184,"name":"新乐市","center":[114.68578,38.344768],"centroid":[114.75661,38.373288],"childrenNum":0,"level":"district","acroutes":[100000,130000,130100],"parent":{"adcode":130100}}