{"children":[],"adcode":130121,"name":"井陉县","center":[114.144488,38.033614],"centroid":[114.116012,37.956016],"childrenNum":0,"level":"district","acroutes":[100000,130000,130100],"parent":{"adcode":130100}}