{"children":[],"adcode":130131,"name":"平山县","center":[114.184144,38.259311],"centroid":[113.867428,38.401672],"childrenNum":0,"level":"district","acroutes":[100000,130000,130100],"parent":{"adcode":130100}}