{"children":[],"adcode":130104,"name":"桥西区","center":[114.462931,38.028383],"centroid":[114.449351,38.025685],"childrenNum":0,"level":"district","acroutes":[100000,130000,130100],"parent":{"adcode":130100}}