{"children":[],"adcode":130111,"name":"栾城区","center":[114.654281,37.886911],"centroid":[114.634833,37.892505],"childrenNum":0,"level":"district","acroutes":[100000,130000,130100],"parent":{"adcode":130100}}