{"children":[],"adcode":130127,"name":"高邑县","center":[114.610699,37.605714],"centroid":[114.598306,37.616239],"childrenNum":0,"level":"district","acroutes":[100000,130000,130100],"parent":{"adcode":130100}}