{"children":[],"adcode":130110,"name":"鹿泉区","center":[114.321023,38.093994],"centroid":[114.342239,38.076964],"childrenNum":0,"level":"district","acroutes":[100000,130000,130100],"parent":{"adcode":130100}}