{"children":[],"adcode":130109,"name":"藁城区","center":[114.849647,38.033767],"centroid":[114.809769,38.049193],"childrenNum":0,"level":"district","acroutes":[100000,130000,130100],"parent":{"adcode":130100}}