{"children":[],"adcode":130129,"name":"赞皇县","center":[114.387756,37.660199],"centroid":[114.28077,37.620812],"childrenNum":0,"level":"district","acroutes":[100000,130000,130100],"parent":{"adcode":130100}}