{"children":[],"adcode":130225,"name":"乐亭县","center":[118.905341,39.42813],"centroid":[118.944196,39.340011],"childrenNum":0,"level":"district","acroutes":[100000,130000,130200],"parent":{"adcode":130200}}