{"children":[],"adcode":130207,"name":"丰南区","center":[118.110793,39.56303],"centroid":[118.133595,39.438623],"childrenNum":0,"level":"district","acroutes":[100000,130000,130200],"parent":{"adcode":130200}}