{"children":[],"adcode":130283,"name":"迁安市","center":[118.701933,40.012108],"centroid":[118.68042,40.035068],"childrenNum":0,"level":"district","acroutes":[100000,130000,130200],"parent":{"adcode":130200}}