{"children":[],"adcode":130209,"name":"曹妃甸区","center":[118.446585,39.278277],"centroid":[118.422781,39.185429],"childrenNum":0,"level":"district","acroutes":[100000,130000,130200],"parent":{"adcode":130200}}