{"children":[],"adcode":130205,"name":"开平区","center":[118.264425,39.676171],"centroid":[118.276609,39.70354],"childrenNum":0,"level":"district","acroutes":[100000,130000,130200],"parent":{"adcode":130200}}