{"children":[],"adcode":130284,"name":"滦州市","center":[118.699546,39.74485],"centroid":[118.582114,39.779374],"childrenNum":0,"level":"district","acroutes":[100000,130000,130200],"parent":{"adcode":130200}}