{"children":[],"adcode":130202,"name":"路南区","center":[118.210821,39.615162],"centroid":[118.198847,39.565826],"childrenNum":0,"level":"district","acroutes":[100000,130000,130200],"parent":{"adcode":130200}}