{"children":[],"adcode":130229,"name":"玉田县","center":[117.753665,39.887323],"centroid":[117.728613,39.813211],"childrenNum":0,"level":"district","acroutes":[100000,130000,130200],"parent":{"adcode":130200}}