{"children":[],"adcode":130227,"name":"迁西县","center":[118.305139,40.146238],"centroid":[118.365274,40.233033],"childrenNum":0,"level":"district","acroutes":[100000,130000,130200],"parent":{"adcode":130200}}