{"children":[],"adcode":130203,"name":"路北区","center":[118.174736,39.628538],"centroid":[118.119598,39.649539],"childrenNum":0,"level":"district","acroutes":[100000,130000,130200],"parent":{"adcode":130200}}