{"children":[],"adcode":130204,"name":"古冶区","center":[118.45429,39.715736],"centroid":[118.438559,39.716483],"childrenNum":0,"level":"district","acroutes":[100000,130000,130200],"parent":{"adcode":130200}}