{"children":[],"adcode":130281,"name":"遵化市","center":[117.965875,40.188616],"centroid":[117.950905,40.132038],"childrenNum":0,"level":"district","acroutes":[100000,130000,130200],"parent":{"adcode":130200}}