{"children":[],"adcode":130224,"name":"滦南县","center":[118.681552,39.506201],"centroid":[118.613229,39.471893],"childrenNum":0,"level":"district","acroutes":[100000,130000,130200],"parent":{"adcode":130200}}