{"children":[],"adcode":130208,"name":"丰润区","center":[118.155779,39.831363],"centroid":[118.085374,39.821747],"childrenNum":0,"level":"district","acroutes":[100000,130000,130200],"parent":{"adcode":130200}}