{"children":[],"adcode":130321,"name":"青龙满族自治县","center":[118.954555,40.406023],"centroid":[119.13346,40.348387],"childrenNum":0,"level":"district","acroutes":[100000,130000,130300],"parent":{"adcode":130300}}