{"children":[],"adcode":130322,"name":"昌黎县","center":[119.164541,39.709729],"centroid":[119.101644,39.626176],"childrenNum":0,"level":"district","acroutes":[100000,130000,130300],"parent":{"adcode":130300}}