{"children":[],"adcode":130324,"name":"卢龙县","center":[118.881809,39.891639],"centroid":[118.979474,39.918726],"childrenNum":0,"level":"district","acroutes":[100000,130000,130300],"parent":{"adcode":130300}}