{"children":[],"adcode":130304,"name":"北戴河区","center":[119.486286,39.825121],"centroid":[119.426985,39.847925],"childrenNum":0,"level":"district","acroutes":[100000,130000,130300],"parent":{"adcode":130300}}