{"children":[],"adcode":130306,"name":"抚宁区","center":[119.240651,39.887053],"centroid":[119.270998,39.958109],"childrenNum":0,"level":"district","acroutes":[100000,130000,130300],"parent":{"adcode":130300}}