{"children":[],"adcode":130302,"name":"海港区","center":[119.596224,39.943458],"centroid":[119.586134,40.07265],"childrenNum":0,"level":"district","acroutes":[100000,130000,130300],"parent":{"adcode":130300}}