{"children":[],"adcode":130303,"name":"山海关区","center":[119.753591,39.998023],"centroid":[119.746367,40.017247],"childrenNum":0,"level":"district","acroutes":[100000,130000,130300],"parent":{"adcode":130300}}