{"children":[],"adcode":130407,"name":"肥乡区","center":[114.805154,36.555778],"centroid":[114.8319,36.571143],"childrenNum":0,"level":"district","acroutes":[100000,130000,130400],"parent":{"adcode":130400}}