{"children":[],"adcode":130433,"name":"馆陶县","center":[115.289057,36.539461],"centroid":[115.291918,36.612595],"childrenNum":0,"level":"district","acroutes":[100000,130000,130400],"parent":{"adcode":130400}}