{"children":[],"adcode":130406,"name":"峰峰矿区","center":[114.209936,36.420487],"centroid":[114.182422,36.467014],"childrenNum":0,"level":"district","acroutes":[100000,130000,130400],"parent":{"adcode":130400}}