{"children":[],"adcode":130425,"name":"大名县","center":[115.152586,36.283316],"centroid":[115.243924,36.303893],"childrenNum":0,"level":"district","acroutes":[100000,130000,130400],"parent":{"adcode":130400}}