{"children":[],"adcode":130424,"name":"成安县","center":[114.680356,36.443832],"centroid":[114.698494,36.422563],"childrenNum":0,"level":"district","acroutes":[100000,130000,130400],"parent":{"adcode":130400}}