{"children":[],"adcode":130426,"name":"涉县","center":[113.673297,36.563143],"centroid":[113.73849,36.590232],"childrenNum":0,"level":"district","acroutes":[100000,130000,130400],"parent":{"adcode":130400}}