{"children":[],"adcode":130403,"name":"丛台区","center":[114.494703,36.611082],"centroid":[114.579057,36.662594],"childrenNum":0,"level":"district","acroutes":[100000,130000,130400],"parent":{"adcode":130400}}