{"children":[],"adcode":130404,"name":"复兴区","center":[114.458242,36.615484],"centroid":[114.360088,36.574264],"childrenNum":0,"level":"district","acroutes":[100000,130000,130400],"parent":{"adcode":130400}}