{"children":[],"adcode":130481,"name":"武安市","center":[114.194581,36.696115],"centroid":[114.052008,36.742816],"childrenNum":0,"level":"district","acroutes":[100000,130000,130400],"parent":{"adcode":130400}}