{"children":[],"adcode":130427,"name":"磁县","center":[114.38208,36.367673],"childrenNum":0,"level":"district","acroutes":[100000,130000,130400],"parent":{"adcode":130400}}