{"children":[],"adcode":130431,"name":"鸡泽县","center":[114.878517,36.914908],"centroid":[114.863926,36.866333],"childrenNum":0,"level":"district","acroutes":[100000,130000,130400],"parent":{"adcode":130400}}