{"children":[],"adcode":130434,"name":"魏县","center":[114.93411,36.354248],"centroid":[114.930165,36.24498],"childrenNum":0,"level":"district","acroutes":[100000,130000,130400],"parent":{"adcode":130400}}