{"children":[],"adcode":130430,"name":"邱县","center":[115.168584,36.81325],"centroid":[115.201512,36.78884],"childrenNum":0,"level":"district","acroutes":[100000,130000,130400],"parent":{"adcode":130400}}