{"children":[],"adcode":130408,"name":"永年区","center":[114.496162,36.776413],"centroid":[114.621707,36.786372],"childrenNum":0,"level":"district","acroutes":[100000,130000,130400],"parent":{"adcode":130400}}