{"children":[],"adcode":130423,"name":"临漳县","center":[114.610703,36.337604],"centroid":[114.580075,36.261238],"childrenNum":0,"level":"district","acroutes":[100000,130000,130400],"parent":{"adcode":130400}}