{"children":[],"adcode":130432,"name":"广平县","center":[114.950859,36.483603],"centroid":[115.011123,36.504076],"childrenNum":0,"level":"district","acroutes":[100000,130000,130400],"parent":{"adcode":130400}}