{"children":[],"adcode":130435,"name":"曲周县","center":[114.957588,36.773398],"centroid":[115.031937,36.746467],"childrenNum":0,"level":"district","acroutes":[100000,130000,130400],"parent":{"adcode":130400}}