{"children":[],"adcode":130402,"name":"邯山区","center":[114.484989,36.603196],"centroid":[114.482744,36.503743],"childrenNum":0,"level":"district","acroutes":[100000,130000,130400],"parent":{"adcode":130400}}