{"children":[],"adcode":130528,"name":"宁晋县","center":[114.921027,37.618956],"centroid":[115.01419,37.605445],"childrenNum":0,"level":"district","acroutes":[100000,130000,130500],"parent":{"adcode":130500}}