{"children":[],"adcode":130502,"name":"襄都区","center":[114.507131,37.064125],"centroid":[114.561714,37.088203],"childrenNum":0,"level":"district","acroutes":[100000,130000,130500],"parent":{"adcode":130500}}