{"children":[],"adcode":130582,"name":"沙河市","center":[114.504902,36.861903],"centroid":[114.274277,36.932246],"childrenNum":0,"level":"district","acroutes":[100000,130000,130500],"parent":{"adcode":130500}}