{"children":[],"adcode":130524,"name":"柏乡县","center":[114.693382,37.483596],"centroid":[114.702944,37.512672],"childrenNum":0,"level":"district","acroutes":[100000,130000,130500],"parent":{"adcode":130500}}