{"children":[],"adcode":130534,"name":"清河县","center":[115.668999,37.059991],"centroid":[115.686622,37.034838],"childrenNum":0,"level":"district","acroutes":[100000,130000,130500],"parent":{"adcode":130500}}