{"children":[],"adcode":130525,"name":"隆尧县","center":[114.776348,37.350925],"centroid":[114.78462,37.357352],"childrenNum":0,"level":"district","acroutes":[100000,130000,130500],"parent":{"adcode":130500}}