{"children":[],"adcode":130505,"name":"任泽区","center":[114.684469,37.129952],"centroid":[114.766808,37.167218],"childrenNum":0,"level":"district","acroutes":[100000,130000,130500],"parent":{"adcode":130500}}