{"children":[],"adcode":130532,"name":"平乡县","center":[115.029218,37.069404],"centroid":[115.000023,37.047071],"childrenNum":0,"level":"district","acroutes":[100000,130000,130500],"parent":{"adcode":130500}}