{"children":[],"adcode":130503,"name":"信都区","center":[114.473687,37.068009],"centroid":[114.139821,37.145542],"childrenNum":0,"level":"district","acroutes":[100000,130000,130500],"parent":{"adcode":130500}}