{"children":[],"adcode":130535,"name":"临西县","center":[115.498684,36.8642],"centroid":[115.523961,36.851507],"childrenNum":0,"level":"district","acroutes":[100000,130000,130500],"parent":{"adcode":130500}}