{"children":[],"adcode":130529,"name":"巨鹿县","center":[115.038782,37.21768],"centroid":[115.052776,37.271301],"childrenNum":0,"level":"district","acroutes":[100000,130000,130500],"parent":{"adcode":130500}}