{"children":[],"adcode":130531,"name":"广宗县","center":[115.142797,37.075548],"centroid":[115.192609,37.079211],"childrenNum":0,"level":"district","acroutes":[100000,130000,130500],"parent":{"adcode":130500}}