{"children":[],"adcode":130522,"name":"临城县","center":[114.506873,37.444009],"centroid":[114.379745,37.457355],"childrenNum":0,"level":"district","acroutes":[100000,130000,130500],"parent":{"adcode":130500}}