{"children":[],"adcode":130506,"name":"南和区","center":[114.691377,37.003812],"centroid":[114.748019,37.011672],"childrenNum":0,"level":"district","acroutes":[100000,130000,130500],"parent":{"adcode":130500}}