{"children":[],"adcode":130523,"name":"内丘县","center":[114.511523,37.287663],"centroid":[114.351718,37.312681],"childrenNum":0,"level":"district","acroutes":[100000,130000,130500],"parent":{"adcode":130500}}