{"children":[],"adcode":130581,"name":"南宫市","center":[115.398102,37.359668],"centroid":[115.472183,37.280176],"childrenNum":0,"level":"district","acroutes":[100000,130000,130500],"parent":{"adcode":130500}}