{"children":[],"adcode":130533,"name":"威县","center":[115.272749,36.983272],"centroid":[115.382099,37.068934],"childrenNum":0,"level":"district","acroutes":[100000,130000,130500],"parent":{"adcode":130500}}