{"children":[],"adcode":130530,"name":"新河县","center":[115.247537,37.526216],"centroid":[115.249378,37.49365],"childrenNum":0,"level":"district","acroutes":[100000,130000,130500],"parent":{"adcode":130500}}