{"children":[],"adcode":130636,"name":"顺平县","center":[115.132749,38.845127],"centroid":[115.066403,38.922047],"childrenNum":0,"level":"district","acroutes":[100000,130000,130600],"parent":{"adcode":130600}}