{"children":[],"adcode":130632,"name":"安新县","center":[115.931979,38.929912],"centroid":[115.879026,38.874038],"childrenNum":0,"level":"district","acroutes":[100000,130000,130600],"parent":{"adcode":130600}}