{"children":[],"adcode":130629,"name":"容城县","center":[115.866247,39.05282],"centroid":[115.899032,39.053708],"childrenNum":0,"level":"district","acroutes":[100000,130000,130600],"parent":{"adcode":130600}}