{"children":[],"adcode":130633,"name":"易县","center":[115.501146,39.35297],"centroid":[115.245576,39.311674],"childrenNum":0,"level":"district","acroutes":[100000,130000,130600],"parent":{"adcode":130600}}