{"children":[],"adcode":130635,"name":"蠡县","center":[115.583631,38.496429],"centroid":[115.66346,38.523533],"childrenNum":0,"level":"district","acroutes":[100000,130000,130600],"parent":{"adcode":130600}}