{"children":[],"adcode":130630,"name":"涞源县","center":[114.692567,39.35755],"centroid":[114.723966,39.362095],"childrenNum":0,"level":"district","acroutes":[100000,130000,130600],"parent":{"adcode":130600}}