{"children":[],"adcode":130682,"name":"定州市","center":[114.991389,38.517602],"centroid":[115.050014,38.460198],"childrenNum":0,"level":"district","acroutes":[100000,130000,130600],"parent":{"adcode":130600}}