{"children":[],"adcode":130684,"name":"高碑店市","center":[115.882704,39.327689],"centroid":[116.034663,39.259853],"childrenNum":0,"level":"district","acroutes":[100000,130000,130600],"parent":{"adcode":130600}}