{"children":[],"adcode":130627,"name":"唐县","center":[114.981241,38.748542],"centroid":[114.798254,38.898644],"childrenNum":0,"level":"district","acroutes":[100000,130000,130600],"parent":{"adcode":130600}}