{"children":[],"adcode":130638,"name":"雄县","center":[116.107474,38.990819],"centroid":[116.175932,39.038181],"childrenNum":0,"level":"district","acroutes":[100000,130000,130600],"parent":{"adcode":130600}}