{"children":[],"adcode":130626,"name":"定兴县","center":[115.796895,39.266195],"centroid":[115.748575,39.206731],"childrenNum":0,"level":"district","acroutes":[100000,130000,130600],"parent":{"adcode":130600}}