{"children":[],"adcode":130637,"name":"博野县","center":[115.461798,38.458271],"centroid":[115.481043,38.453156],"childrenNum":0,"level":"district","acroutes":[100000,130000,130600],"parent":{"adcode":130600}}