{"children":[],"adcode":130631,"name":"望都县","center":[115.154009,38.707448],"centroid":[115.172283,38.671064],"childrenNum":0,"level":"district","acroutes":[100000,130000,130600],"parent":{"adcode":130600}}