{"children":[],"adcode":130602,"name":"竞秀区","center":[115.470659,38.88662],"centroid":[115.421059,38.897799],"childrenNum":0,"level":"district","acroutes":[100000,130000,130600],"parent":{"adcode":130600}}