{"children":[],"adcode":130634,"name":"曲阳县","center":[114.704055,38.619992],"centroid":[114.654101,38.700739],"childrenNum":0,"level":"district","acroutes":[100000,130000,130600],"parent":{"adcode":130600}}