{"children":[],"adcode":130683,"name":"安国市","center":[115.33141,38.421367],"centroid":[115.328755,38.385303],"childrenNum":0,"level":"district","acroutes":[100000,130000,130600],"parent":{"adcode":130600}}