{"children":[],"adcode":130606,"name":"莲池区","center":[115.500934,38.865005],"centroid":[115.51316,38.856197],"childrenNum":0,"level":"district","acroutes":[100000,130000,130600],"parent":{"adcode":130600}}