{"children":[],"adcode":130609,"name":"徐水区","center":[115.64941,39.020395],"centroid":[115.573594,39.037931],"childrenNum":0,"level":"district","acroutes":[100000,130000,130600],"parent":{"adcode":130600}}