{"children":[],"adcode":130607,"name":"满城区","center":[115.32442,38.95138],"centroid":[115.246496,38.971175],"childrenNum":0,"level":"district","acroutes":[100000,130000,130600],"parent":{"adcode":130600}}