{"children":[],"adcode":130628,"name":"高阳县","center":[115.778878,38.690092],"centroid":[115.831404,38.668578],"childrenNum":0,"level":"district","acroutes":[100000,130000,130600],"parent":{"adcode":130600}}