{"children":[],"adcode":130623,"name":"涞水县","center":[115.711985,39.393148],"centroid":[115.438361,39.609621],"childrenNum":0,"level":"district","acroutes":[100000,130000,130600],"parent":{"adcode":130600}}