{"children":[],"adcode":130608,"name":"清苑区","center":[115.492221,38.771012],"centroid":[115.483624,38.718612],"childrenNum":0,"level":"district","acroutes":[100000,130000,130600],"parent":{"adcode":130600}}