{"children":[],"adcode":130624,"name":"阜平县","center":[114.198801,38.847276],"centroid":[114.158549,38.888063],"childrenNum":0,"level":"district","acroutes":[100000,130000,130600],"parent":{"adcode":130600}}