{"children":[],"adcode":130681,"name":"涿州市","center":[115.973409,39.485765],"centroid":[115.994175,39.477134],"childrenNum":0,"level":"district","acroutes":[100000,130000,130600],"parent":{"adcode":130600}}