{"children":[],"adcode":130709,"name":"崇礼区","center":[115.281652,40.971302],"centroid":[115.214117,41.020609],"childrenNum":0,"level":"district","acroutes":[100000,130000,130700],"parent":{"adcode":130700}}