{"children":[],"adcode":130726,"name":"蔚县","center":[114.582695,39.837181],"centroid":[114.705069,39.875106],"childrenNum":0,"level":"district","acroutes":[100000,130000,130700],"parent":{"adcode":130700}}