{"children":[],"adcode":130725,"name":"尚义县","center":[113.977713,41.080091],"centroid":[114.147607,41.123316],"childrenNum":0,"level":"district","acroutes":[100000,130000,130700],"parent":{"adcode":130700}}