{"children":[],"adcode":130708,"name":"万全区","center":[114.736131,40.765136],"centroid":[114.606604,40.838387],"childrenNum":0,"level":"district","acroutes":[100000,130000,130700],"parent":{"adcode":130700}}