{"children":[],"adcode":130723,"name":"康保县","center":[114.615809,41.850046],"centroid":[114.599044,41.778702],"childrenNum":0,"level":"district","acroutes":[100000,130000,130700],"parent":{"adcode":130700}}