{"children":[],"adcode":130728,"name":"怀安县","center":[114.422364,40.671274],"centroid":[114.499305,40.552446],"childrenNum":0,"level":"district","acroutes":[100000,130000,130700],"parent":{"adcode":130700}}