{"children":[],"adcode":130706,"name":"下花园区","center":[115.281002,40.488645],"centroid":[115.312145,40.541469],"childrenNum":0,"level":"district","acroutes":[100000,130000,130700],"parent":{"adcode":130700}}