{"children":[],"adcode":130730,"name":"怀来县","center":[115.520846,40.405405],"centroid":[115.62888,40.342767],"childrenNum":0,"level":"district","acroutes":[100000,130000,130700],"parent":{"adcode":130700}}