{"children":[],"adcode":130727,"name":"阳原县","center":[114.167343,40.113419],"centroid":[114.386855,40.133863],"childrenNum":0,"level":"district","acroutes":[100000,130000,130700],"parent":{"adcode":130700}}