{"children":[],"adcode":130731,"name":"涿鹿县","center":[115.219246,40.378701],"centroid":[115.219102,40.096877],"childrenNum":0,"level":"district","acroutes":[100000,130000,130700],"parent":{"adcode":130700}}