{"children":[],"adcode":130703,"name":"桥西区","center":[114.882127,40.824385],"centroid":[114.861509,40.786876],"childrenNum":0,"level":"district","acroutes":[100000,130000,130700],"parent":{"adcode":130700}}