{"children":[],"adcode":130702,"name":"桥东区","center":[114.885658,40.813875],"centroid":[115.049193,40.758806],"childrenNum":0,"level":"district","acroutes":[100000,130000,130700],"parent":{"adcode":130700}}