{"children":[],"adcode":130724,"name":"沽源县","center":[115.684836,41.667419],"centroid":[115.628684,41.573668],"childrenNum":0,"level":"district","acroutes":[100000,130000,130700],"parent":{"adcode":130700}}