{"children":[],"adcode":130732,"name":"赤城县","center":[115.832708,40.912081],"centroid":[115.886345,40.951441],"childrenNum":0,"level":"district","acroutes":[100000,130000,130700],"parent":{"adcode":130700}}