{"children":[],"adcode":130705,"name":"宣化区","center":[115.0632,40.609368],"centroid":[115.050785,40.528096],"childrenNum":0,"level":"district","acroutes":[100000,130000,130700],"parent":{"adcode":130700}}