{"children":[],"adcode":130722,"name":"张北县","center":[114.715951,41.151713],"centroid":[114.763824,41.286538],"childrenNum":0,"level":"district","acroutes":[100000,130000,130700],"parent":{"adcode":130700}}