{"children":[],"adcode":130824,"name":"滦平县","center":[117.337124,40.936644],"centroid":[117.332778,40.92011],"childrenNum":0,"level":"district","acroutes":[100000,130000,130800],"parent":{"adcode":130800}}