{"children":[],"adcode":130828,"name":"围场满族蒙古族自治县","center":[117.764086,41.949404],"centroid":[117.538134,42.106146],"childrenNum":0,"level":"district","acroutes":[100000,130000,130800],"parent":{"adcode":130800}}