{"children":[],"adcode":130821,"name":"承德县","center":[118.172496,40.768637],"centroid":[118.130085,40.973011],"childrenNum":0,"level":"district","acroutes":[100000,130000,130800],"parent":{"adcode":130800}}