{"children":[],"adcode":130827,"name":"宽城满族自治县","center":[118.488642,40.607981],"centroid":[118.630081,40.572096],"childrenNum":0,"level":"district","acroutes":[100000,130000,130800],"parent":{"adcode":130800}}