{"children":[],"adcode":130803,"name":"双滦区","center":[117.797485,40.959756],"centroid":[117.790295,40.978274],"childrenNum":0,"level":"district","acroutes":[100000,130000,130800],"parent":{"adcode":130800}}