{"children":[],"adcode":130822,"name":"兴隆县","center":[117.507098,40.418525],"centroid":[117.50651,40.401946],"childrenNum":0,"level":"district","acroutes":[100000,130000,130800],"parent":{"adcode":130800}}