{"children":[],"adcode":130825,"name":"隆化县","center":[117.736343,41.316667],"centroid":[117.559156,41.514767],"childrenNum":0,"level":"district","acroutes":[100000,130000,130800],"parent":{"adcode":130800}}