{"children":[],"adcode":130881,"name":"平泉市","center":[118.690238,41.00561],"centroid":[118.731191,41.06919],"childrenNum":0,"level":"district","acroutes":[100000,130000,130800],"parent":{"adcode":130800}}