{"children":[],"adcode":130826,"name":"丰宁满族自治县","center":[116.65121,41.209903],"centroid":[116.617293,41.41881],"childrenNum":0,"level":"district","acroutes":[100000,130000,130800],"parent":{"adcode":130800}}