{"children":[],"adcode":130804,"name":"鹰手营子矿区","center":[117.661154,40.546956],"centroid":[117.675201,40.526778],"childrenNum":0,"level":"district","acroutes":[100000,130000,130800],"parent":{"adcode":130800}}