{"children":[],"adcode":130802,"name":"双桥区","center":[117.939152,40.976204],"centroid":[117.974692,40.928457],"childrenNum":0,"level":"district","acroutes":[100000,130000,130800],"parent":{"adcode":130800}}