{"children":[],"adcode":130981,"name":"泊头市","center":[116.570163,38.073479],"centroid":[116.381827,38.084193],"childrenNum":0,"level":"district","acroutes":[100000,130000,130900],"parent":{"adcode":130900}}