{"children":[],"adcode":130984,"name":"河间市","center":[116.089452,38.44149],"centroid":[116.266852,38.478822],"childrenNum":0,"level":"district","acroutes":[100000,130000,130900],"parent":{"adcode":130900}}