{"children":[],"adcode":130929,"name":"献县","center":[116.123844,38.189661],"centroid":[116.169831,38.236931],"childrenNum":0,"level":"district","acroutes":[100000,130000,130900],"parent":{"adcode":130900}}