{"children":[],"adcode":130930,"name":"孟村回族自治县","center":[117.105104,38.057953],"centroid":[117.149672,38.084903],"childrenNum":0,"level":"district","acroutes":[100000,130000,130900],"parent":{"adcode":130900}}