{"children":[],"adcode":130903,"name":"运河区","center":[116.840063,38.307405],"centroid":[116.828488,38.315734],"childrenNum":0,"level":"district","acroutes":[100000,130000,130900],"parent":{"adcode":130900}}