{"children":[],"adcode":130923,"name":"东光县","center":[116.542062,37.88655],"centroid":[116.669397,37.882433],"childrenNum":0,"level":"district","acroutes":[100000,130000,130900],"parent":{"adcode":130900}}