{"children":[],"adcode":130927,"name":"南皮县","center":[116.709171,38.042439],"centroid":[116.856055,38.016773],"childrenNum":0,"level":"district","acroutes":[100000,130000,130900],"parent":{"adcode":130900}}