{"children":[],"adcode":130983,"name":"黄骅市","center":[117.343803,38.369238],"centroid":[117.434912,38.398124],"childrenNum":0,"level":"district","acroutes":[100000,130000,130900],"parent":{"adcode":130900}}