{"children":[],"adcode":130928,"name":"吴桥县","center":[116.391512,37.628182],"centroid":[116.500077,37.655887],"childrenNum":0,"level":"district","acroutes":[100000,130000,130900],"parent":{"adcode":130900}}