{"children":[],"adcode":130921,"name":"沧县","center":[117.007478,38.219856],"childrenNum":0,"level":"district","acroutes":[100000,130000,130900],"parent":{"adcode":130900}}