{"children":[],"adcode":130922,"name":"青县","center":[116.838384,38.569646],"centroid":[116.846737,38.559872],"childrenNum":0,"level":"district","acroutes":[100000,130000,130900],"parent":{"adcode":130900}}