{"children":[],"adcode":130902,"name":"新华区","center":[116.873049,38.308273],"centroid":[116.906141,38.309747],"childrenNum":0,"level":"district","acroutes":[100000,130000,130900],"parent":{"adcode":130900}}