{"children":[],"adcode":130925,"name":"盐山县","center":[117.229814,38.056141],"centroid":[117.258834,37.954847],"childrenNum":0,"level":"district","acroutes":[100000,130000,130900],"parent":{"adcode":130900}}