{"children":[],"adcode":130982,"name":"任丘市","center":[116.106764,38.706513],"centroid":[116.157313,38.737031],"childrenNum":0,"level":"district","acroutes":[100000,130000,130900],"parent":{"adcode":130900}}