{"children":[],"adcode":130924,"name":"海兴县","center":[117.496606,38.141582],"centroid":[117.561376,38.137418],"childrenNum":0,"level":"district","acroutes":[100000,130000,130900],"parent":{"adcode":130900}}