{"children":[],"adcode":130926,"name":"肃宁县","center":[115.835856,38.427102],"centroid":[115.882137,38.414385],"childrenNum":0,"level":"district","acroutes":[100000,130000,130900],"parent":{"adcode":130900}}