{"children":[],"adcode":131023,"name":"永清县","center":[116.498089,39.319717],"centroid":[116.553421,39.296403],"childrenNum":0,"level":"district","acroutes":[100000,130000,131000],"parent":{"adcode":131000}}