{"children":[],"adcode":131082,"name":"三河市","center":[117.077018,39.982778],"centroid":[117.013814,39.960535],"childrenNum":0,"level":"district","acroutes":[100000,130000,131000],"parent":{"adcode":131000}}