{"children":[],"adcode":131024,"name":"香河县","center":[117.007161,39.757212],"centroid":[117.045397,39.736872],"childrenNum":0,"level":"district","acroutes":[100000,130000,131000],"parent":{"adcode":131000}}