{"children":[],"adcode":131002,"name":"安次区","center":[116.694544,39.502569],"centroid":[116.758623,39.343267],"childrenNum":0,"level":"district","acroutes":[100000,130000,131000],"parent":{"adcode":131000}}