{"children":[],"adcode":131026,"name":"文安县","center":[116.460107,38.866801],"centroid":[116.486965,38.907371],"childrenNum":0,"level":"district","acroutes":[100000,130000,131000],"parent":{"adcode":131000}}