{"children":[],"adcode":131022,"name":"固安县","center":[116.299894,39.436468],"centroid":[116.28441,39.346111],"childrenNum":0,"level":"district","acroutes":[100000,130000,131000],"parent":{"adcode":131000}}