{"children":[],"adcode":131081,"name":"霸州市","center":[116.392021,39.117331],"centroid":[116.56869,39.104355],"childrenNum":0,"level":"district","acroutes":[100000,130000,131000],"parent":{"adcode":131000}}