{"children":[],"adcode":131025,"name":"大城县","center":[116.640735,38.699215],"centroid":[116.584631,38.662626],"childrenNum":0,"level":"district","acroutes":[100000,130000,131000],"parent":{"adcode":131000}}