{"children":[],"adcode":131028,"name":"大厂回族自治县","center":[116.986501,39.889266],"centroid":[116.941853,39.893562],"childrenNum":0,"level":"district","acroutes":[100000,130000,131000],"parent":{"adcode":131000}}