{"children":[],"adcode":131003,"name":"广阳区","center":[116.713708,39.521931],"centroid":[116.629064,39.53896],"childrenNum":0,"level":"district","acroutes":[100000,130000,131000],"parent":{"adcode":131000}}