{"children":[],"adcode":131182,"name":"深州市","center":[115.554596,38.00347],"centroid":[115.581623,37.952239],"childrenNum":0,"level":"district","acroutes":[100000,130000,131100],"parent":{"adcode":131100}}