{"children":[],"adcode":131122,"name":"武邑县","center":[115.892415,37.803774],"centroid":[115.940532,37.820955],"childrenNum":0,"level":"district","acroutes":[100000,130000,131100],"parent":{"adcode":131100}}