{"children":[],"adcode":131124,"name":"饶阳县","center":[115.726577,38.232671],"centroid":[115.734412,38.218091],"childrenNum":0,"level":"district","acroutes":[100000,130000,131100],"parent":{"adcode":131100}}