{"children":[],"adcode":131103,"name":"冀州区","center":[115.579173,37.542788],"centroid":[115.464843,37.547953],"childrenNum":0,"level":"district","acroutes":[100000,130000,131100],"parent":{"adcode":131100}}