{"children":[],"adcode":131126,"name":"故城县","center":[115.966747,37.350981],"centroid":[115.970265,37.35064],"childrenNum":0,"level":"district","acroutes":[100000,130000,131100],"parent":{"adcode":131100}}