{"children":[],"adcode":131123,"name":"武强县","center":[115.970236,38.03698],"centroid":[115.916273,38.045559],"childrenNum":0,"level":"district","acroutes":[100000,130000,131100],"parent":{"adcode":131100}}