{"children":[],"adcode":131125,"name":"安平县","center":[115.519627,38.233511],"centroid":[115.483403,38.237875],"childrenNum":0,"level":"district","acroutes":[100000,130000,131100],"parent":{"adcode":131100}}