{"children":[],"adcode":131121,"name":"枣强县","center":[115.726499,37.511512],"centroid":[115.752981,37.455148],"childrenNum":0,"level":"district","acroutes":[100000,130000,131100],"parent":{"adcode":131100}}