{"children":[],"adcode":131102,"name":"桃城区","center":[115.694945,37.732237],"centroid":[115.663275,37.718614],"childrenNum":0,"level":"district","acroutes":[100000,130000,131100],"parent":{"adcode":131100}}