{"children":[],"adcode":131128,"name":"阜城县","center":[116.164727,37.869945],"centroid":[116.323983,37.906815],"childrenNum":0,"level":"district","acroutes":[100000,130000,131100],"parent":{"adcode":131100}}