{"children":[],"adcode":131127,"name":"景县","center":[116.258446,37.686622],"centroid":[116.195431,37.662526],"childrenNum":0,"level":"district","acroutes":[100000,130000,131100],"parent":{"adcode":131100}}