{"children":[],"adcode":140121,"name":"清徐县","center":[112.357961,37.60729],"centroid":[112.379689,37.586837],"childrenNum":0,"level":"district","acroutes":[100000,140000,140100],"parent":{"adcode":140100}}