{"children":[],"adcode":140181,"name":"古交市","center":[112.174353,37.908534],"centroid":[112.10275,37.899387],"childrenNum":0,"level":"district","acroutes":[100000,140000,140100],"parent":{"adcode":140100}}