{"children":[],"adcode":140106,"name":"迎泽区","center":[112.558851,37.855804],"centroid":[112.664316,37.86519],"childrenNum":0,"level":"district","acroutes":[100000,140000,140100],"parent":{"adcode":140100}}