{"children":[],"adcode":140110,"name":"晋源区","center":[112.477849,37.715619],"centroid":[112.435125,37.729977],"childrenNum":0,"level":"district","acroutes":[100000,140000,140100],"parent":{"adcode":140100}}