{"children":[],"adcode":140108,"name":"尖草坪区","center":[112.487122,37.939893],"centroid":[112.498332,37.980153],"childrenNum":0,"level":"district","acroutes":[100000,140000,140100],"parent":{"adcode":140100}}