{"children":[],"adcode":140105,"name":"小店区","center":[112.564273,37.817974],"centroid":[112.566093,37.71378],"childrenNum":0,"level":"district","acroutes":[100000,140000,140100],"parent":{"adcode":140100}}