{"children":[],"adcode":140122,"name":"阳曲县","center":[112.673818,38.058797],"centroid":[112.667175,38.15214],"childrenNum":0,"level":"district","acroutes":[100000,140000,140100],"parent":{"adcode":140100}}