{"children":[],"adcode":140123,"name":"娄烦县","center":[111.793798,38.066035],"centroid":[111.791321,38.028649],"childrenNum":0,"level":"district","acroutes":[100000,140000,140100],"parent":{"adcode":140100}}