{"children":[],"adcode":140109,"name":"万柏林区","center":[112.522258,37.862653],"centroid":[112.400268,37.870528],"childrenNum":0,"level":"district","acroutes":[100000,140000,140100],"parent":{"adcode":140100}}