{"children":[],"adcode":140107,"name":"杏花岭区","center":[112.560743,37.879291],"centroid":[112.638537,37.917855],"childrenNum":0,"level":"district","acroutes":[100000,140000,140100],"parent":{"adcode":140100}}