{"children":[],"adcode":140212,"name":"新荣区","center":[113.141044,40.258269],"centroid":[113.182695,40.263077],"childrenNum":0,"level":"district","acroutes":[100000,140000,140200],"parent":{"adcode":140200}}