{"children":[],"adcode":140225,"name":"浑源县","center":[113.698091,39.699099],"centroid":[113.704854,39.628272],"childrenNum":0,"level":"district","acroutes":[100000,140000,140200],"parent":{"adcode":140200}}