{"children":[],"adcode":140223,"name":"广灵县","center":[114.279252,39.763051],"centroid":[114.15158,39.762615],"childrenNum":0,"level":"district","acroutes":[100000,140000,140200],"parent":{"adcode":140200}}