{"children":[],"adcode":140222,"name":"天镇县","center":[114.09112,40.421336],"centroid":[114.156244,40.384966],"childrenNum":0,"level":"district","acroutes":[100000,140000,140200],"parent":{"adcode":140200}}