{"children":[],"adcode":140226,"name":"左云县","center":[112.70641,40.012873],"centroid":[112.772184,39.99543],"childrenNum":0,"level":"district","acroutes":[100000,140000,140200],"parent":{"adcode":140200}}