{"children":[],"adcode":140214,"name":"云冈区","center":[113.149693,40.005405],"centroid":[113.114195,40.021423],"childrenNum":0,"level":"district","acroutes":[100000,140000,140200],"parent":{"adcode":140200}}