{"children":[],"adcode":140215,"name":"云州区","center":[113.61244,40.040295],"centroid":[113.579015,39.993649],"childrenNum":0,"level":"district","acroutes":[100000,140000,140200],"parent":{"adcode":140200}}