{"children":[],"adcode":140213,"name":"平城区","center":[113.298027,40.075667],"centroid":[113.313703,40.085893],"childrenNum":0,"level":"district","acroutes":[100000,140000,140200],"parent":{"adcode":140200}}