{"children":[],"adcode":140221,"name":"阳高县","center":[113.749871,40.364927],"centroid":[113.804802,40.22211],"childrenNum":0,"level":"district","acroutes":[100000,140000,140200],"parent":{"adcode":140200}}