{"children":[],"adcode":140224,"name":"灵丘县","center":[114.23576,39.438867],"centroid":[114.207844,39.372378],"childrenNum":0,"level":"district","acroutes":[100000,140000,140200],"parent":{"adcode":140200}}