{"children":[],"adcode":140321,"name":"平定县","center":[113.631049,37.800289],"centroid":[113.763656,37.842501],"childrenNum":0,"level":"district","acroutes":[100000,140000,140300],"parent":{"adcode":140300}}