{"children":[],"adcode":140302,"name":"城区","center":[113.586513,37.860938],"centroid":[113.597621,37.851697],"childrenNum":0,"level":"district","acroutes":[100000,140000,140300],"parent":{"adcode":140300}}