{"children":[],"adcode":140322,"name":"盂县","center":[113.41223,38.086131],"centroid":[113.355613,38.223351],"childrenNum":0,"level":"district","acroutes":[100000,140000,140300],"parent":{"adcode":140300}}