{"children":[],"adcode":140303,"name":"矿区","center":[113.559066,37.870085],"childrenNum":0,"level":"district","acroutes":[100000,140000,140300],"parent":{"adcode":140300}}