{"children":[],"adcode":140311,"name":"郊区","center":[113.58664,37.94096],"centroid":[113.594211,37.961036],"childrenNum":0,"level":"district","acroutes":[100000,140000,140300],"parent":{"adcode":140300}}