{"children":[],"adcode":140404,"name":"上党区","center":[113.056679,36.052438],"centroid":[113.079262,36.019531],"childrenNum":0,"level":"district","acroutes":[100000,140000,140400],"parent":{"adcode":140400}}