{"children":[],"adcode":140423,"name":"襄垣县","center":[113.050094,36.532854],"centroid":[112.980918,36.572823],"childrenNum":0,"level":"district","acroutes":[100000,140000,140400],"parent":{"adcode":140400}}