{"children":[],"adcode":140406,"name":"潞城区","center":[113.223245,36.332232],"centroid":[113.246411,36.368886],"childrenNum":0,"level":"district","acroutes":[100000,140000,140400],"parent":{"adcode":140400}}