{"children":[],"adcode":140426,"name":"黎城县","center":[113.387366,36.502971],"centroid":[113.389922,36.613822],"childrenNum":0,"level":"district","acroutes":[100000,140000,140400],"parent":{"adcode":140400}}