{"children":[],"adcode":140430,"name":"沁县","center":[112.70138,36.757123],"centroid":[112.646509,36.701327],"childrenNum":0,"level":"district","acroutes":[100000,140000,140400],"parent":{"adcode":140400}}