{"children":[],"adcode":140429,"name":"武乡县","center":[112.8653,36.834315],"centroid":[112.961871,36.882149],"childrenNum":0,"level":"district","acroutes":[100000,140000,140400],"parent":{"adcode":140400}}