{"children":[],"adcode":140431,"name":"沁源县","center":[112.340878,36.500777],"centroid":[112.283659,36.696813],"childrenNum":0,"level":"district","acroutes":[100000,140000,140400],"parent":{"adcode":140400}}