{"children":[],"adcode":140427,"name":"壶关县","center":[113.206138,36.110938],"centroid":[113.364313,35.986195],"childrenNum":0,"level":"district","acroutes":[100000,140000,140400],"parent":{"adcode":140400}}