{"children":[],"adcode":140425,"name":"平顺县","center":[113.438791,36.200202],"centroid":[113.526583,36.214773],"childrenNum":0,"level":"district","acroutes":[100000,140000,140400],"parent":{"adcode":140400}}