{"children":[],"adcode":140405,"name":"屯留区","center":[112.892741,36.314072],"centroid":[112.74491,36.336289],"childrenNum":0,"level":"district","acroutes":[100000,140000,140400],"parent":{"adcode":140400}}