{"children":[],"adcode":140403,"name":"潞州区","center":[113.114107,36.187895],"centroid":[113.097441,36.257637],"childrenNum":0,"level":"district","acroutes":[100000,140000,140400],"parent":{"adcode":140400}}