{"children":[],"adcode":140428,"name":"长子县","center":[112.884656,36.119484],"centroid":[112.795907,36.104499],"childrenNum":0,"level":"district","acroutes":[100000,140000,140400],"parent":{"adcode":140400}}