{"children":[],"adcode":140502,"name":"城区","center":[112.853106,35.496641],"centroid":[112.84802,35.516079],"childrenNum":0,"level":"district","acroutes":[100000,140000,140500],"parent":{"adcode":140500}}