{"children":[],"adcode":140521,"name":"沁水县","center":[112.187213,35.689472],"centroid":[112.371004,35.747474],"childrenNum":0,"level":"district","acroutes":[100000,140000,140500],"parent":{"adcode":140500}}