{"children":[],"adcode":140524,"name":"陵川县","center":[113.278877,35.775614],"centroid":[113.337556,35.683412],"childrenNum":0,"level":"district","acroutes":[100000,140000,140500],"parent":{"adcode":140500}}