{"children":[],"adcode":140525,"name":"泽州县","center":[112.899137,35.617221],"centroid":[112.764182,35.429854],"childrenNum":0,"level":"district","acroutes":[100000,140000,140500],"parent":{"adcode":140500}}