{"children":[],"adcode":140581,"name":"高平市","center":[112.930691,35.791355],"centroid":[112.928907,35.804188],"childrenNum":0,"level":"district","acroutes":[100000,140000,140500],"parent":{"adcode":140500}}