{"children":[],"adcode":140522,"name":"阳城县","center":[112.422014,35.482177],"centroid":[112.352973,35.422345],"childrenNum":0,"level":"district","acroutes":[100000,140000,140500],"parent":{"adcode":140500}}