{"children":[],"adcode":140602,"name":"朔城区","center":[112.428676,39.324525],"centroid":[112.449799,39.280973],"childrenNum":0,"level":"district","acroutes":[100000,140000,140600],"parent":{"adcode":140600}}