{"children":[],"adcode":140603,"name":"平鲁区","center":[112.295227,39.515603],"centroid":[112.222974,39.612911],"childrenNum":0,"level":"district","acroutes":[100000,140000,140600],"parent":{"adcode":140600}}