{"children":[],"adcode":140681,"name":"怀仁市","center":[113.100511,39.820789],"centroid":[113.103554,39.786464],"childrenNum":0,"level":"district","acroutes":[100000,140000,140600],"parent":{"adcode":140600}}