{"children":[],"adcode":140622,"name":"应县","center":[113.187505,39.559187],"centroid":[113.25504,39.502687],"childrenNum":0,"level":"district","acroutes":[100000,140000,140600],"parent":{"adcode":140600}}