{"children":[],"adcode":140623,"name":"右玉县","center":[112.465588,39.988812],"centroid":[112.415064,40.001498],"childrenNum":0,"level":"district","acroutes":[100000,140000,140600],"parent":{"adcode":140600}}