{"children":[],"adcode":140621,"name":"山阴县","center":[112.816396,39.52677],"centroid":[112.780151,39.511584],"childrenNum":0,"level":"district","acroutes":[100000,140000,140600],"parent":{"adcode":140600}}