{"children":[],"adcode":140703,"name":"太谷区","center":[112.554103,37.424595],"centroid":[112.729812,37.40065],"childrenNum":0,"level":"district","acroutes":[100000,140000,140700],"parent":{"adcode":140700}}