{"children":[],"adcode":140728,"name":"平遥县","center":[112.174059,37.195474],"centroid":[112.262178,37.140832],"childrenNum":0,"level":"district","acroutes":[100000,140000,140700],"parent":{"adcode":140700}}