{"children":[],"adcode":140725,"name":"寿阳县","center":[113.177708,37.891136],"centroid":[113.131851,37.821789],"childrenNum":0,"level":"district","acroutes":[100000,140000,140700],"parent":{"adcode":140700}}