{"children":[],"adcode":140723,"name":"和顺县","center":[113.572919,37.327027],"centroid":[113.470421,37.340851],"childrenNum":0,"level":"district","acroutes":[100000,140000,140700],"parent":{"adcode":140700}}