{"children":[],"adcode":140729,"name":"灵石县","center":[111.772759,36.847469],"centroid":[111.730475,36.828065],"childrenNum":0,"level":"district","acroutes":[100000,140000,140700],"parent":{"adcode":140700}}