{"children":[],"adcode":140722,"name":"左权县","center":[113.377834,37.079672],"centroid":[113.469312,37.02506],"childrenNum":0,"level":"district","acroutes":[100000,140000,140700],"parent":{"adcode":140700}}