{"children":[],"adcode":140702,"name":"榆次区","center":[112.740056,37.6976],"centroid":[112.837033,37.642794],"childrenNum":0,"level":"district","acroutes":[100000,140000,140700],"parent":{"adcode":140700}}