{"children":[],"adcode":140724,"name":"昔阳县","center":[113.706166,37.60437],"centroid":[113.745424,37.557476],"childrenNum":0,"level":"district","acroutes":[100000,140000,140700],"parent":{"adcode":140700}}