{"children":[],"adcode":140781,"name":"介休市","center":[111.913857,37.027616],"centroid":[111.987966,37.017991],"childrenNum":0,"level":"district","acroutes":[100000,140000,140700],"parent":{"adcode":140700}}