{"children":[],"adcode":140727,"name":"祁县","center":[112.330532,37.358739],"centroid":[112.463767,37.285897],"childrenNum":0,"level":"district","acroutes":[100000,140000,140700],"parent":{"adcode":140700}}