{"children":[],"adcode":140721,"name":"榆社县","center":[112.973521,37.069019],"centroid":[112.947818,37.135174],"childrenNum":0,"level":"district","acroutes":[100000,140000,140700],"parent":{"adcode":140700}}