{"children":[],"adcode":140824,"name":"稷山县","center":[110.978996,35.600412],"centroid":[110.957783,35.591406],"childrenNum":0,"level":"district","acroutes":[100000,140000,140800],"parent":{"adcode":140800}}