{"children":[],"adcode":140822,"name":"万荣县","center":[110.843561,35.417042],"centroid":[110.714865,35.381593],"childrenNum":0,"level":"district","acroutes":[100000,140000,140800],"parent":{"adcode":140800}}