{"children":[],"adcode":140881,"name":"永济市","center":[110.447984,34.865125],"centroid":[110.480322,34.887096],"childrenNum":0,"level":"district","acroutes":[100000,140000,140800],"parent":{"adcode":140800}}