{"children":[],"adcode":140823,"name":"闻喜县","center":[111.220306,35.353839],"centroid":[111.312158,35.368718],"childrenNum":0,"level":"district","acroutes":[100000,140000,140800],"parent":{"adcode":140800}}