{"children":[],"adcode":140829,"name":"平陆县","center":[111.212377,34.837256],"centroid":[111.244493,34.881986],"childrenNum":0,"level":"district","acroutes":[100000,140000,140800],"parent":{"adcode":140800}}