{"children":[],"adcode":140821,"name":"临猗县","center":[110.77493,35.141883],"centroid":[110.619027,35.142954],"childrenNum":0,"level":"district","acroutes":[100000,140000,140800],"parent":{"adcode":140800}}