{"children":[],"adcode":140828,"name":"夏县","center":[111.223174,35.140441],"centroid":[111.35306,35.120604],"childrenNum":0,"level":"district","acroutes":[100000,140000,140800],"parent":{"adcode":140800}}