{"children":[],"adcode":140825,"name":"新绛县","center":[111.225205,35.613697],"centroid":[111.165309,35.626784],"childrenNum":0,"level":"district","acroutes":[100000,140000,140800],"parent":{"adcode":140800}}