{"children":[],"adcode":140826,"name":"绛县","center":[111.576182,35.49045],"centroid":[111.639748,35.495331],"childrenNum":0,"level":"district","acroutes":[100000,140000,140800],"parent":{"adcode":140800}}