{"children":[],"adcode":140827,"name":"垣曲县","center":[111.67099,35.298293],"centroid":[111.818996,35.21586],"childrenNum":0,"level":"district","acroutes":[100000,140000,140800],"parent":{"adcode":140800}}