{"children":[],"adcode":140830,"name":"芮城县","center":[110.69114,34.694769],"centroid":[110.610698,34.704516],"childrenNum":0,"level":"district","acroutes":[100000,140000,140800],"parent":{"adcode":140800}}