{"children":[],"adcode":140802,"name":"盐湖区","center":[111.000627,35.025643],"centroid":[110.956097,35.056725],"childrenNum":0,"level":"district","acroutes":[100000,140000,140800],"parent":{"adcode":140800}}