{"children":[],"adcode":140882,"name":"河津市","center":[110.710268,35.59715],"centroid":[110.700108,35.624602],"childrenNum":0,"level":"district","acroutes":[100000,140000,140800],"parent":{"adcode":140800}}