{"children":[],"adcode":140981,"name":"原平市","center":[112.713132,38.729186],"centroid":[112.67502,38.831601],"childrenNum":0,"level":"district","acroutes":[100000,140000,140900],"parent":{"adcode":140900}}