{"children":[],"adcode":140923,"name":"代县","center":[112.962519,39.065138],"centroid":[113.044724,39.085062],"childrenNum":0,"level":"district","acroutes":[100000,140000,140900],"parent":{"adcode":140900}}