{"children":[],"adcode":140921,"name":"定襄县","center":[112.963231,38.484948],"centroid":[113.029996,38.510088],"childrenNum":0,"level":"district","acroutes":[100000,140000,140900],"parent":{"adcode":140900}}