{"children":[],"adcode":140922,"name":"五台县","center":[113.259012,38.725711],"centroid":[113.437049,38.770931],"childrenNum":0,"level":"district","acroutes":[100000,140000,140900],"parent":{"adcode":140900}}