{"children":[],"adcode":140926,"name":"静乐县","center":[111.940231,38.355947],"centroid":[112.059606,38.394521],"childrenNum":0,"level":"district","acroutes":[100000,140000,140900],"parent":{"adcode":140900}}