{"children":[],"adcode":140929,"name":"岢岚县","center":[111.56981,38.705625],"centroid":[111.535548,38.731563],"childrenNum":0,"level":"district","acroutes":[100000,140000,140900],"parent":{"adcode":140900}}