{"children":[],"adcode":140927,"name":"神池县","center":[112.200438,39.088467],"centroid":[112.002706,39.16701],"childrenNum":0,"level":"district","acroutes":[100000,140000,140900],"parent":{"adcode":140900}}