{"children":[],"adcode":140928,"name":"五寨县","center":[111.841015,38.912761],"centroid":[111.738147,39.001636],"childrenNum":0,"level":"district","acroutes":[100000,140000,140900],"parent":{"adcode":140900}}