{"children":[],"adcode":140932,"name":"偏关县","center":[111.500477,39.442153],"centroid":[111.665441,39.458341],"childrenNum":0,"level":"district","acroutes":[100000,140000,140900],"parent":{"adcode":140900}}