{"children":[],"adcode":140924,"name":"繁峙县","center":[113.267707,39.188104],"centroid":[113.593844,39.199281],"childrenNum":0,"level":"district","acroutes":[100000,140000,140900],"parent":{"adcode":140900}}