{"children":[],"adcode":140902,"name":"忻府区","center":[112.734112,38.417743],"centroid":[112.599927,38.431843],"childrenNum":0,"level":"district","acroutes":[100000,140000,140900],"parent":{"adcode":140900}}