{"children":[],"adcode":140931,"name":"保德县","center":[111.085688,39.022576],"centroid":[111.135553,38.881563],"childrenNum":0,"level":"district","acroutes":[100000,140000,140900],"parent":{"adcode":140900}}