{"children":[],"adcode":140925,"name":"宁武县","center":[112.307936,39.001718],"centroid":[112.187502,38.815157],"childrenNum":0,"level":"district","acroutes":[100000,140000,140900],"parent":{"adcode":140900}}