{"children":[],"adcode":140930,"name":"河曲县","center":[111.146609,39.381895],"centroid":[111.352937,39.201729],"childrenNum":0,"level":"district","acroutes":[100000,140000,140900],"parent":{"adcode":140900}}