{"children":[],"adcode":141031,"name":"隰县","center":[110.935809,36.692675],"centroid":[111.002721,36.706748],"childrenNum":0,"level":"district","acroutes":[100000,140000,141000],"parent":{"adcode":141000}}