{"children":[],"adcode":141002,"name":"尧都区","center":[111.522945,36.080366],"centroid":[111.469655,36.11972],"childrenNum":0,"level":"district","acroutes":[100000,140000,141000],"parent":{"adcode":141000}}