{"children":[],"adcode":141032,"name":"永和县","center":[110.631276,36.760614],"centroid":[110.611263,36.731533],"childrenNum":0,"level":"district","acroutes":[100000,140000,141000],"parent":{"adcode":141000}}