{"children":[],"adcode":141034,"name":"汾西县","center":[111.563021,36.653368],"centroid":[111.477149,36.637495],"childrenNum":0,"level":"district","acroutes":[100000,140000,141000],"parent":{"adcode":141000}}