{"children":[],"adcode":141024,"name":"洪洞县","center":[111.673692,36.255742],"centroid":[111.652867,36.320865],"childrenNum":0,"level":"district","acroutes":[100000,140000,141000],"parent":{"adcode":141000}}