{"children":[],"adcode":141025,"name":"古县","center":[111.920207,36.26855],"centroid":[112.004986,36.297955],"childrenNum":0,"level":"district","acroutes":[100000,140000,141000],"parent":{"adcode":141000}}