{"children":[],"adcode":141022,"name":"翼城县","center":[111.713508,35.738621],"centroid":[111.832131,35.68903],"childrenNum":0,"level":"district","acroutes":[100000,140000,141000],"parent":{"adcode":141000}}