{"children":[],"adcode":141021,"name":"曲沃县","center":[111.475529,35.641387],"centroid":[111.519853,35.701063],"childrenNum":0,"level":"district","acroutes":[100000,140000,141000],"parent":{"adcode":141000}}