{"children":[],"adcode":141023,"name":"襄汾县","center":[111.442932,35.876139],"centroid":[111.377154,35.868491],"childrenNum":0,"level":"district","acroutes":[100000,140000,141000],"parent":{"adcode":141000}}