{"children":[],"adcode":141082,"name":"霍州市","center":[111.723103,36.57202],"centroid":[111.823963,36.592999],"childrenNum":0,"level":"district","acroutes":[100000,140000,141000],"parent":{"adcode":141000}}