{"children":[],"adcode":141081,"name":"侯马市","center":[111.371272,35.620302],"centroid":[111.363659,35.615536],"childrenNum":0,"level":"district","acroutes":[100000,140000,141000],"parent":{"adcode":141000}}