{"children":[],"adcode":141033,"name":"蒲县","center":[111.09733,36.411682],"centroid":[111.156072,36.419989],"childrenNum":0,"level":"district","acroutes":[100000,140000,141000],"parent":{"adcode":141000}}