{"children":[],"adcode":141026,"name":"安泽县","center":[112.251372,36.146032],"centroid":[112.302432,36.157882],"childrenNum":0,"level":"district","acroutes":[100000,140000,141000],"parent":{"adcode":141000}}