{"children":[],"adcode":141027,"name":"浮山县","center":[111.850039,35.971359],"centroid":[111.921567,35.940038],"childrenNum":0,"level":"district","acroutes":[100000,140000,141000],"parent":{"adcode":141000}}