{"children":[],"adcode":141030,"name":"大宁县","center":[110.751283,36.46383],"centroid":[110.704006,36.426124],"childrenNum":0,"level":"district","acroutes":[100000,140000,141000],"parent":{"adcode":141000}}