{"children":[],"adcode":141029,"name":"乡宁县","center":[110.857365,35.975402],"centroid":[110.937073,35.91888],"childrenNum":0,"level":"district","acroutes":[100000,140000,141000],"parent":{"adcode":141000}}