{"children":[],"adcode":141028,"name":"吉县","center":[110.682853,36.099355],"centroid":[110.721328,36.153216],"childrenNum":0,"level":"district","acroutes":[100000,140000,141000],"parent":{"adcode":141000}}