{"children":[],"adcode":141122,"name":"交城县","center":[112.159154,37.555155],"centroid":[111.812233,37.680185],"childrenNum":0,"level":"district","acroutes":[100000,140000,141100],"parent":{"adcode":141100}}