{"children":[],"adcode":141128,"name":"方山县","center":[111.238885,37.892632],"centroid":[111.331711,37.877876],"childrenNum":0,"level":"district","acroutes":[100000,140000,141100],"parent":{"adcode":141100}}