{"children":[],"adcode":141130,"name":"交口县","center":[111.183188,36.983068],"centroid":[111.309162,36.951528],"childrenNum":0,"level":"district","acroutes":[100000,140000,141100],"parent":{"adcode":141100}}