{"children":[],"adcode":141182,"name":"汾阳市","center":[111.785273,37.267742],"centroid":[111.740257,37.308644],"childrenNum":0,"level":"district","acroutes":[100000,140000,141100],"parent":{"adcode":141100}}