{"children":[],"adcode":141181,"name":"孝义市","center":[111.781568,37.144474],"centroid":[111.630451,37.111329],"childrenNum":0,"level":"district","acroutes":[100000,140000,141100],"parent":{"adcode":141100}}