{"children":[],"adcode":141102,"name":"离石区","center":[111.134462,37.524037],"centroid":[111.30795,37.543606],"childrenNum":0,"level":"district","acroutes":[100000,140000,141100],"parent":{"adcode":141100}}