{"children":[],"adcode":141127,"name":"岚县","center":[111.671555,38.278654],"centroid":[111.601155,38.336755],"childrenNum":0,"level":"district","acroutes":[100000,140000,141100],"parent":{"adcode":141100}}