{"children":[],"adcode":141129,"name":"中阳县","center":[111.193319,37.342054],"centroid":[111.177704,37.258526],"childrenNum":0,"level":"district","acroutes":[100000,140000,141100],"parent":{"adcode":141100}}