{"children":[],"adcode":141123,"name":"兴县","center":[111.124816,38.464136],"centroid":[111.062566,38.385603],"childrenNum":0,"level":"district","acroutes":[100000,140000,141100],"parent":{"adcode":141100}}