{"children":[],"adcode":141121,"name":"文水县","center":[112.032595,37.436314],"centroid":[111.962285,37.450431],"childrenNum":0,"level":"district","acroutes":[100000,140000,141100],"parent":{"adcode":141100}}