{"children":[],"adcode":141124,"name":"临县","center":[110.995963,37.960806],"centroid":[110.895328,37.955364],"childrenNum":0,"level":"district","acroutes":[100000,140000,141100],"parent":{"adcode":141100}}