{"children":[],"adcode":141125,"name":"柳林县","center":[110.89613,37.431664],"centroid":[110.87023,37.398821],"childrenNum":0,"level":"district","acroutes":[100000,140000,141100],"parent":{"adcode":141100}}