{"children":[],"adcode":141126,"name":"石楼县","center":[110.837119,36.999426],"centroid":[110.745552,37.029516],"childrenNum":0,"level":"district","acroutes":[100000,140000,141100],"parent":{"adcode":141100}}