{"children":[],"adcode":150102,"name":"新城区","center":[111.685964,40.826225],"centroid":[111.844321,40.968113],"childrenNum":0,"level":"district","acroutes":[100000,150000,150100],"parent":{"adcode":150100}}