{"children":[],"adcode":150121,"name":"土默特左旗","center":[111.133615,40.720416],"centroid":[111.229862,40.684182],"childrenNum":0,"level":"district","acroutes":[100000,150000,150100],"parent":{"adcode":150100}}