{"children":[],"adcode":150124,"name":"清水河县","center":[111.67222,39.912479],"centroid":[111.700161,39.882957],"childrenNum":0,"level":"district","acroutes":[100000,150000,150100],"parent":{"adcode":150100}}