{"children":[],"adcode":150104,"name":"玉泉区","center":[111.66543,40.799421],"centroid":[111.646136,40.717725],"childrenNum":0,"level":"district","acroutes":[100000,150000,150100],"parent":{"adcode":150100}}