{"children":[],"adcode":150122,"name":"托克托县","center":[111.197317,40.276729],"centroid":[111.311033,40.355565],"childrenNum":0,"level":"district","acroutes":[100000,150000,150100],"parent":{"adcode":150100}}