{"children":[],"adcode":150105,"name":"赛罕区","center":[111.698463,40.807834],"centroid":[111.943436,40.785639],"childrenNum":0,"level":"district","acroutes":[100000,150000,150100],"parent":{"adcode":150100}}