{"children":[],"adcode":150123,"name":"和林格尔县","center":[111.824143,40.380288],"centroid":[111.89514,40.327517],"childrenNum":0,"level":"district","acroutes":[100000,150000,150100],"parent":{"adcode":150100}}