{"children":[],"adcode":150103,"name":"回民区","center":[111.662162,40.815149],"centroid":[111.558975,40.868828],"childrenNum":0,"level":"district","acroutes":[100000,150000,150100],"parent":{"adcode":150100}}