{"children":[],"adcode":150125,"name":"武川县","center":[111.456563,41.094483],"centroid":[111.174093,41.109643],"childrenNum":0,"level":"district","acroutes":[100000,150000,150100],"parent":{"adcode":150100}}