{"children":[],"adcode":150205,"name":"石拐区","center":[110.272565,40.672094],"centroid":[110.286154,40.747287],"childrenNum":0,"level":"district","acroutes":[100000,150000,150200],"parent":{"adcode":150200}}