{"children":[],"adcode":150202,"name":"东河区","center":[110.026895,40.587056],"centroid":[110.207275,40.57604],"childrenNum":0,"level":"district","acroutes":[100000,150000,150200],"parent":{"adcode":150200}}