{"children":[],"adcode":150206,"name":"白云鄂博矿区","center":[109.97016,41.769246],"centroid":[109.938644,41.767761],"childrenNum":0,"level":"district","acroutes":[100000,150000,150200],"parent":{"adcode":150200}}