{"children":[],"adcode":150222,"name":"固阳县","center":[110.063421,41.030004],"centroid":[110.146314,41.113731],"childrenNum":0,"level":"district","acroutes":[100000,150000,150200],"parent":{"adcode":150200}}