{"children":[],"adcode":150223,"name":"达尔罕茂明安联合旗","center":[110.438452,41.702836],"centroid":[110.472676,41.954988],"childrenNum":0,"level":"district","acroutes":[100000,150000,150200],"parent":{"adcode":150200}}