{"children":[],"adcode":150204,"name":"青山区","center":[109.880049,40.668558],"centroid":[109.958168,40.689984],"childrenNum":0,"level":"district","acroutes":[100000,150000,150200],"parent":{"adcode":150200}}