{"children":[],"adcode":150221,"name":"土默特右旗","center":[110.526766,40.566434],"centroid":[110.688082,40.518635],"childrenNum":0,"level":"district","acroutes":[100000,150000,150200],"parent":{"adcode":150200}}