{"children":[],"adcode":150203,"name":"昆都仑区","center":[109.822932,40.661345],"centroid":[109.755359,40.686374],"childrenNum":0,"level":"district","acroutes":[100000,150000,150200],"parent":{"adcode":150200}}