{"children":[],"adcode":150207,"name":"九原区","center":[109.968122,40.600581],"centroid":[109.664582,40.604186],"childrenNum":0,"level":"district","acroutes":[100000,150000,150200],"parent":{"adcode":150200}}