{"children":[],"adcode":150303,"name":"海南区","center":[106.884789,39.44153],"centroid":[106.922665,39.274726],"childrenNum":0,"level":"district","acroutes":[100000,150000,150300],"parent":{"adcode":150300}}