{"children":[],"adcode":150302,"name":"海勃湾区","center":[106.817762,39.673527],"centroid":[106.848404,39.683678],"childrenNum":0,"level":"district","acroutes":[100000,150000,150300],"parent":{"adcode":150300}}