{"children":[{"adcode":150302,"name":"海勃湾区","center":[106.817762,39.673527],"centroid":[106.848404,39.683678],"childrenNum":0,"level":"district","parent":{"adcode":150300},"subFeatureIndex":0,"acroutes":[100000,150000,150300]},{"adcode":150303,"name":"海南区","center":[106.884789,39.44153],"centroid":[106.922665,39.274726],"childrenNum":0,"level":"district","parent":{"adcode":150300},"subFeatureIndex":1,"acroutes":[100000,150000,150300]},{"adcode":150304,"name":"乌达区","center":[106.722711,39.502288],"centroid":[106.704571,39.533057],"childrenNum":0,"level":"district","parent":{"adcode":150300},"subFeatureIndex":2,"acroutes":[100000,150000,150300]}],"adcode":150300,"name":"乌海市","center":[106.825563,39.673734],"centroid":[106.874373,39.426964],"childrenNum":3,"level":"city","acroutes":[100000,150000],"parent":{"adcode":150000}}