{"children":[],"adcode":150304,"name":"乌达区","center":[106.722711,39.502288],"centroid":[106.704571,39.533057],"childrenNum":0,"level":"district","acroutes":[100000,150000,150300],"parent":{"adcode":150300}}