{"children":[],"adcode":150425,"name":"克什克腾旗","center":[117.542465,43.256233],"centroid":[117.352996,43.247976],"childrenNum":0,"level":"district","acroutes":[100000,150000,150400],"parent":{"adcode":150400}}