{"children":[],"adcode":150403,"name":"元宝山区","center":[119.289877,42.041168],"centroid":[119.243478,42.181693],"childrenNum":0,"level":"district","acroutes":[100000,150000,150400],"parent":{"adcode":150400}}