{"children":[],"adcode":150424,"name":"林西县","center":[118.05775,43.605326],"centroid":[118.106167,43.75835],"childrenNum":0,"level":"district","acroutes":[100000,150000,150400],"parent":{"adcode":150400}}