{"children":[],"adcode":150428,"name":"喀喇沁旗","center":[118.708572,41.92778],"centroid":[118.643743,41.898905],"childrenNum":0,"level":"district","acroutes":[100000,150000,150400],"parent":{"adcode":150400}}