{"children":[],"adcode":150402,"name":"红山区","center":[118.961087,42.269732],"centroid":[118.984114,42.189403],"childrenNum":0,"level":"district","acroutes":[100000,150000,150400],"parent":{"adcode":150400}}