{"children":[],"adcode":150430,"name":"敖汉旗","center":[119.906486,42.287012],"centroid":[120.150718,42.426295],"childrenNum":0,"level":"district","acroutes":[100000,150000,150400],"parent":{"adcode":150400}}