{"children":[],"adcode":150404,"name":"松山区","center":[118.938958,42.281046],"centroid":[118.614776,42.403627],"childrenNum":0,"level":"district","acroutes":[100000,150000,150400],"parent":{"adcode":150400}}