{"children":[],"adcode":150426,"name":"翁牛特旗","center":[119.022619,42.937128],"centroid":[119.248434,42.969563],"childrenNum":0,"level":"district","acroutes":[100000,150000,150400],"parent":{"adcode":150400}}