{"children":[],"adcode":150422,"name":"巴林左旗","center":[119.391737,43.980715],"centroid":[119.270087,44.201302],"childrenNum":0,"level":"district","acroutes":[100000,150000,150400],"parent":{"adcode":150400}}