{"children":[],"adcode":150421,"name":"阿鲁科尔沁旗","center":[120.094969,43.87877],"centroid":[120.033011,44.201823],"childrenNum":0,"level":"district","acroutes":[100000,150000,150400],"parent":{"adcode":150400}}