{"children":[],"adcode":150429,"name":"宁城县","center":[119.339242,41.598692],"centroid":[118.896441,41.564499],"childrenNum":0,"level":"district","acroutes":[100000,150000,150400],"parent":{"adcode":150400}}