{"children":[],"adcode":150423,"name":"巴林右旗","center":[118.678347,43.528963],"centroid":[118.93345,43.685471],"childrenNum":0,"level":"district","acroutes":[100000,150000,150400],"parent":{"adcode":150400}}