{"children":[],"adcode":150526,"name":"扎鲁特旗","center":[120.905275,44.555294],"centroid":[120.596058,44.807432],"childrenNum":0,"level":"district","acroutes":[100000,150000,150500],"parent":{"adcode":150500}}