{"children":[],"adcode":150522,"name":"科尔沁左翼后旗","center":[122.355155,42.954564],"centroid":[122.688034,43.186904],"childrenNum":0,"level":"district","acroutes":[100000,150000,150500],"parent":{"adcode":150500}}