{"children":[],"adcode":150502,"name":"科尔沁区","center":[122.264042,43.617422],"centroid":[122.280573,43.651865],"childrenNum":0,"level":"district","acroutes":[100000,150000,150500],"parent":{"adcode":150500}}