{"children":[],"adcode":150581,"name":"霍林郭勒市","center":[119.657862,45.532361],"centroid":[119.541133,45.496581],"childrenNum":0,"level":"district","acroutes":[100000,150000,150500],"parent":{"adcode":150500}}