{"children":[],"adcode":150521,"name":"科尔沁左翼中旗","center":[123.313873,44.127166],"centroid":[122.492569,44.049623],"childrenNum":0,"level":"district","acroutes":[100000,150000,150500],"parent":{"adcode":150500}}