{"children":[],"adcode":150525,"name":"奈曼旗","center":[120.662543,42.84685],"centroid":[120.935823,42.966933],"childrenNum":0,"level":"district","acroutes":[100000,150000,150500],"parent":{"adcode":150500}}