{"children":[],"adcode":150523,"name":"开鲁县","center":[121.308797,43.602432],"centroid":[121.317588,43.728444],"childrenNum":0,"level":"district","acroutes":[100000,150000,150500],"parent":{"adcode":150500}}