{"children":[],"adcode":150524,"name":"库伦旗","center":[121.774886,42.734692],"centroid":[121.561146,42.801414],"childrenNum":0,"level":"district","acroutes":[100000,150000,150500],"parent":{"adcode":150500}}