{"children":[],"adcode":150626,"name":"乌审旗","center":[108.842454,38.596611],"centroid":[108.885044,38.635547],"childrenNum":0,"level":"district","acroutes":[100000,150000,150600],"parent":{"adcode":150600}}