{"children":[],"adcode":150627,"name":"伊金霍洛旗","center":[109.787402,39.604312],"centroid":[109.699451,39.417895],"childrenNum":0,"level":"district","acroutes":[100000,150000,150600],"parent":{"adcode":150600}}