{"children":[],"adcode":150625,"name":"杭锦旗","center":[108.736324,39.831789],"centroid":[108.205675,40.205135],"childrenNum":0,"level":"district","acroutes":[100000,150000,150600],"parent":{"adcode":150600}}