{"children":[],"adcode":150623,"name":"鄂托克前旗","center":[107.48172,38.183257],"centroid":[107.580682,38.271624],"childrenNum":0,"level":"district","acroutes":[100000,150000,150600],"parent":{"adcode":150600}}