{"children":[],"adcode":150622,"name":"准格尔旗","center":[111.238332,39.865221],"centroid":[110.879595,39.788407],"childrenNum":0,"level":"district","acroutes":[100000,150000,150600],"parent":{"adcode":150600}}