{"children":[],"adcode":150603,"name":"康巴什区","center":[109.790076,39.607472],"centroid":[109.825115,39.64346],"childrenNum":0,"level":"district","acroutes":[100000,150000,150600],"parent":{"adcode":150600}}