{"children":[],"adcode":150602,"name":"东胜区","center":[109.98945,39.81788],"centroid":[109.75022,39.828458],"childrenNum":0,"level":"district","acroutes":[100000,150000,150600],"parent":{"adcode":150600}}