{"children":[],"adcode":150621,"name":"达拉特旗","center":[110.040281,40.404076],"centroid":[109.856494,40.214953],"childrenNum":0,"level":"district","acroutes":[100000,150000,150600],"parent":{"adcode":150600}}