{"children":[],"adcode":150624,"name":"鄂托克旗","center":[107.982604,39.095752],"centroid":[107.744516,39.27818],"childrenNum":0,"level":"district","acroutes":[100000,150000,150600],"parent":{"adcode":150600}}