{"children":[],"adcode":150784,"name":"额尔古纳市","center":[120.178636,50.2439],"centroid":[120.625329,51.628506],"childrenNum":0,"level":"district","acroutes":[100000,150000,150700],"parent":{"adcode":150700}}