{"children":[],"adcode":150724,"name":"鄂温克族自治旗","center":[119.754041,49.143293],"centroid":[120.062097,48.492258],"childrenNum":0,"level":"district","acroutes":[100000,150000,150700],"parent":{"adcode":150700}}