{"children":[],"adcode":150721,"name":"阿荣旗","center":[123.464615,48.130503],"centroid":[123.164072,48.633144],"childrenNum":0,"level":"district","acroutes":[100000,150000,150700],"parent":{"adcode":150700}}