{"children":[],"adcode":150781,"name":"满洲里市","center":[117.455561,49.590788],"centroid":[117.557139,49.537083],"childrenNum":0,"level":"district","acroutes":[100000,150000,150700],"parent":{"adcode":150700}}