{"children":[],"adcode":150727,"name":"新巴尔虎右旗","center":[116.825991,48.669134],"centroid":[116.786664,48.635883],"childrenNum":0,"level":"district","acroutes":[100000,150000,150700],"parent":{"adcode":150700}}