{"children":[],"adcode":150726,"name":"新巴尔虎左旗","center":[118.267454,48.216571],"centroid":[118.598561,48.432638],"childrenNum":0,"level":"district","acroutes":[100000,150000,150700],"parent":{"adcode":150700}}