{"children":[],"adcode":150702,"name":"海拉尔区","center":[119.764923,49.213889],"centroid":[120.012381,49.256481],"childrenNum":0,"level":"district","acroutes":[100000,150000,150700],"parent":{"adcode":150700}}