{"children":[],"adcode":150785,"name":"根河市","center":[121.532724,50.780454],"centroid":[121.789145,51.387801],"childrenNum":0,"level":"district","acroutes":[100000,150000,150700],"parent":{"adcode":150700}}