{"children":[],"adcode":150783,"name":"扎兰屯市","center":[122.744401,48.007412],"centroid":[121.920531,47.737011],"childrenNum":0,"level":"district","acroutes":[100000,150000,150700],"parent":{"adcode":150700}}