{"children":[],"adcode":150725,"name":"陈巴尔虎旗","center":[119.437609,49.328422],"centroid":[119.507662,49.581077],"childrenNum":0,"level":"district","acroutes":[100000,150000,150700],"parent":{"adcode":150700}}