{"children":[],"adcode":150703,"name":"扎赉诺尔区","center":[117.716373,49.456567],"centroid":[117.649463,49.432321],"childrenNum":0,"level":"district","acroutes":[100000,150000,150700],"parent":{"adcode":150700}}