{"children":[],"adcode":150723,"name":"鄂伦春自治旗","center":[123.725684,50.590177],"centroid":[125.0196,50.730221],"childrenNum":0,"level":"district","acroutes":[100000,150000,150700],"parent":{"adcode":150700}}