{"children":[],"adcode":150722,"name":"莫力达瓦达斡尔族自治旗","center":[124.507401,48.478385],"centroid":[124.467119,49.104976],"childrenNum":0,"level":"district","acroutes":[100000,150000,150700],"parent":{"adcode":150700}}