{"children":[],"adcode":150782,"name":"牙克石市","center":[120.729005,49.287024],"centroid":[121.507106,49.3245],"childrenNum":0,"level":"district","acroutes":[100000,150000,150700],"parent":{"adcode":150700}}