{"children":[],"adcode":150824,"name":"乌拉特中旗","center":[108.515255,41.57254],"centroid":[108.467323,41.82759],"childrenNum":0,"level":"district","acroutes":[100000,150000,150800],"parent":{"adcode":150800}}