{"children":[],"adcode":150823,"name":"乌拉特前旗","center":[108.656816,40.725209],"centroid":[109.100989,40.899807],"childrenNum":0,"level":"district","acroutes":[100000,150000,150800],"parent":{"adcode":150800}}