{"children":[],"adcode":150822,"name":"磴口县","center":[107.006056,40.330479],"centroid":[106.667676,40.547972],"childrenNum":0,"level":"district","acroutes":[100000,150000,150800],"parent":{"adcode":150800}}