{"children":[],"adcode":150821,"name":"五原县","center":[108.270658,41.097639],"centroid":[108.062409,41.038197],"childrenNum":0,"level":"district","acroutes":[100000,150000,150800],"parent":{"adcode":150800}}