{"children":[],"adcode":150826,"name":"杭锦后旗","center":[107.147682,40.888797],"centroid":[107.030648,40.878231],"childrenNum":0,"level":"district","acroutes":[100000,150000,150800],"parent":{"adcode":150800}}