{"children":[],"adcode":150802,"name":"临河区","center":[107.417018,40.757092],"centroid":[107.434343,40.925015],"childrenNum":0,"level":"district","acroutes":[100000,150000,150800],"parent":{"adcode":150800}}