{"children":[],"adcode":150825,"name":"乌拉特后旗","center":[107.074941,41.084307],"centroid":[106.417226,41.527753],"childrenNum":0,"level":"district","acroutes":[100000,150000,150800],"parent":{"adcode":150800}}