{"children":[],"adcode":150926,"name":"察哈尔右翼前旗","center":[113.211958,40.786859],"childrenNum":0,"level":"district","acroutes":[100000,150000,150900],"parent":{"adcode":150900}}