{"children":[],"adcode":150921,"name":"卓资县","center":[112.577702,40.89576],"centroid":[112.438065,40.951759],"childrenNum":0,"level":"district","acroutes":[100000,150000,150900],"parent":{"adcode":150900}}