{"children":[],"adcode":150902,"name":"集宁区","center":[113.116453,41.034134],"centroid":[113.17194,41.069345],"childrenNum":0,"level":"district","acroutes":[100000,150000,150900],"parent":{"adcode":150900}}