{"children":[],"adcode":150928,"name":"察哈尔右翼后旗","center":[113.1906,41.447213],"centroid":[113.064458,41.521355],"childrenNum":0,"level":"district","acroutes":[100000,150000,150900],"parent":{"adcode":150900}}