{"children":[],"adcode":150925,"name":"凉城县","center":[112.500911,40.531627],"centroid":[112.543546,40.497269],"childrenNum":0,"level":"district","acroutes":[100000,150000,150900],"parent":{"adcode":150900}}