{"children":[],"adcode":150924,"name":"兴和县","center":[113.834009,40.872437],"centroid":[113.768588,40.94481],"childrenNum":0,"level":"district","acroutes":[100000,150000,150900],"parent":{"adcode":150900}}