{"children":[],"adcode":150927,"name":"察哈尔右翼中旗","center":[112.633563,41.274212],"centroid":[112.463905,41.42039],"childrenNum":0,"level":"district","acroutes":[100000,150000,150900],"parent":{"adcode":150900}}