{"children":[],"adcode":150923,"name":"商都县","center":[113.560643,41.560163],"centroid":[113.614976,41.719499],"childrenNum":0,"level":"district","acroutes":[100000,150000,150900],"parent":{"adcode":150900}}