{"children":[],"adcode":150981,"name":"丰镇市","center":[113.163462,40.437534],"centroid":[113.301538,40.551733],"childrenNum":0,"level":"district","acroutes":[100000,150000,150900],"parent":{"adcode":150900}}