{"children":[],"adcode":150922,"name":"化德县","center":[114.01008,41.899335],"centroid":[114.157017,41.968421],"childrenNum":0,"level":"district","acroutes":[100000,150000,150900],"parent":{"adcode":150900}}