{"children":[],"adcode":150929,"name":"四子王旗","center":[111.70123,41.528114],"centroid":[111.580676,42.29483],"childrenNum":0,"level":"district","acroutes":[100000,150000,150900],"parent":{"adcode":150900}}