{"children":[],"adcode":152223,"name":"扎赉特旗","center":[122.909332,46.725136],"centroid":[122.372981,46.787685],"childrenNum":0,"level":"district","acroutes":[100000,150000,152200],"parent":{"adcode":152200}}