{"children":[],"adcode":152224,"name":"突泉县","center":[121.564856,45.380986],"centroid":[121.518266,45.619204],"childrenNum":0,"level":"district","acroutes":[100000,150000,152200],"parent":{"adcode":152200}}