{"children":[],"adcode":152202,"name":"阿尔山市","center":[119.943656,47.177],"centroid":[120.349607,47.155595],"childrenNum":0,"level":"district","acroutes":[100000,150000,152200],"parent":{"adcode":152200}}