{"children":[],"adcode":152201,"name":"乌兰浩特市","center":[122.068975,46.077238],"centroid":[122.417854,46.019435],"childrenNum":0,"level":"district","acroutes":[100000,150000,152200],"parent":{"adcode":152200}}