{"children":[],"adcode":152222,"name":"科尔沁右翼中旗","center":[121.472818,45.059645],"centroid":[121.104567,45.268401],"childrenNum":0,"level":"district","acroutes":[100000,150000,152200],"parent":{"adcode":152200}}