{"children":[],"adcode":152221,"name":"科尔沁右翼前旗","center":[121.957544,46.076497],"centroid":[121.071252,46.36768],"childrenNum":0,"level":"district","acroutes":[100000,150000,152200],"parent":{"adcode":152200}}