{"children":[],"adcode":152530,"name":"正蓝旗","center":[116.003311,42.245895],"centroid":[115.936617,42.665867],"childrenNum":0,"level":"district","acroutes":[100000,150000,152500],"parent":{"adcode":152500}}