{"children":[],"adcode":152523,"name":"苏尼特左旗","center":[113.653412,43.854108],"centroid":[113.144724,44.03178],"childrenNum":0,"level":"district","acroutes":[100000,150000,152500],"parent":{"adcode":152500}}