{"children":[],"adcode":152529,"name":"正镶白旗","center":[115.031423,42.286807],"centroid":[115.020349,42.543128],"childrenNum":0,"level":"district","acroutes":[100000,150000,152500],"parent":{"adcode":152500}}