{"children":[],"adcode":152531,"name":"多伦县","center":[116.477288,42.197962],"centroid":[116.485104,42.182116],"childrenNum":0,"level":"district","acroutes":[100000,150000,152500],"parent":{"adcode":152500}}