{"children":[],"adcode":152526,"name":"西乌珠穆沁旗","center":[117.615249,44.586147],"centroid":[117.80411,44.723025],"childrenNum":0,"level":"district","acroutes":[100000,150000,152500],"parent":{"adcode":152500}}