{"children":[],"adcode":152501,"name":"二连浩特市","center":[111.97981,43.652895],"centroid":[112.035327,43.415206],"childrenNum":0,"level":"district","acroutes":[100000,150000,152500],"parent":{"adcode":152500}}