{"children":[],"adcode":152522,"name":"阿巴嘎旗","center":[114.970618,44.022728],"centroid":[114.896823,44.268025],"childrenNum":0,"level":"district","acroutes":[100000,150000,152500],"parent":{"adcode":152500}}