{"children":[],"adcode":152525,"name":"东乌珠穆沁旗","center":[116.980022,45.510307],"centroid":[117.771996,45.813749],"childrenNum":0,"level":"district","acroutes":[100000,150000,152500],"parent":{"adcode":152500}}