{"children":[],"adcode":152527,"name":"太仆寺旗","center":[115.28728,41.895199],"centroid":[115.292815,41.896167],"childrenNum":0,"level":"district","acroutes":[100000,150000,152500],"parent":{"adcode":152500}}