{"children":[],"adcode":152524,"name":"苏尼特右旗","center":[112.65539,42.746662],"centroid":[112.914218,42.883354],"childrenNum":0,"level":"district","acroutes":[100000,150000,152500],"parent":{"adcode":152500}}