{"children":[],"adcode":152528,"name":"镶黄旗","center":[113.843869,42.239229],"centroid":[114.113225,42.355296],"childrenNum":0,"level":"district","acroutes":[100000,150000,152500],"parent":{"adcode":152500}}