{"children":[],"adcode":152502,"name":"锡林浩特市","center":[116.091903,43.944301],"centroid":[116.142157,44.079114],"childrenNum":0,"level":"district","acroutes":[100000,150000,152500],"parent":{"adcode":152500}}