{"children":[],"adcode":152923,"name":"额济纳旗","center":[101.06944,41.958813],"centroid":[100.186776,41.666456],"childrenNum":0,"level":"district","acroutes":[100000,150000,152900],"parent":{"adcode":152900}}