{"children":[],"adcode":152922,"name":"阿拉善右旗","center":[101.671984,39.21159],"centroid":[102.453753,40.138445],"childrenNum":0,"level":"district","acroutes":[100000,150000,152900],"parent":{"adcode":152900}}