{"children":[],"adcode":152921,"name":"阿拉善左旗","center":[105.70192,38.847241],"centroid":[105.030551,39.538967],"childrenNum":0,"level":"district","acroutes":[100000,150000,152900],"parent":{"adcode":152900}}