{"children":[{"adcode":152921,"name":"阿拉善左旗","center":[105.70192,38.847241],"centroid":[105.030551,39.538967],"childrenNum":0,"level":"district","parent":{"adcode":152900},"subFeatureIndex":0,"acroutes":[100000,150000,152900]},{"adcode":152922,"name":"阿拉善右旗","center":[101.671984,39.21159],"centroid":[102.453753,40.138445],"childrenNum":0,"level":"district","parent":{"adcode":152900},"subFeatureIndex":1,"acroutes":[100000,150000,152900]},{"adcode":152923,"name":"额济纳旗","center":[101.06944,41.958813],"centroid":[100.186776,41.666456],"childrenNum":0,"level":"district","parent":{"adcode":152900},"subFeatureIndex":2,"acroutes":[100000,150000,152900]}],"adcode":152900,"name":"阿拉善盟","center":[105.706422,38.844814],"centroid":[102.42556,40.532392],"childrenNum":3,"level":"city","acroutes":[100000,150000],"parent":{"adcode":150000}}