{"children":[],"adcode":210104,"name":"大东区","center":[123.469956,41.808503],"centroid":[123.512129,41.861227],"childrenNum":0,"level":"district","acroutes":[100000,210000,210100],"parent":{"adcode":210100}}