{"children":[],"adcode":210114,"name":"于洪区","center":[123.310829,41.795833],"centroid":[123.253673,41.906113],"childrenNum":0,"level":"district","acroutes":[100000,210000,210100],"parent":{"adcode":210100}}