{"children":[],"adcode":210181,"name":"新民市","center":[122.828868,41.996508],"centroid":[122.857957,42.009602],"childrenNum":0,"level":"district","acroutes":[100000,210000,210100],"parent":{"adcode":210100}}