{"children":[],"adcode":210103,"name":"沈河区","center":[123.445696,41.795591],"childrenNum":0,"level":"district","acroutes":[100000,210000,210100],"parent":{"adcode":210100}}