{"children":[],"adcode":210105,"name":"皇姑区","center":[123.405677,41.822336],"centroid":[123.425618,41.85951],"childrenNum":0,"level":"district","acroutes":[100000,210000,210100],"parent":{"adcode":210100}}