{"children":[],"adcode":210106,"name":"铁西区","center":[123.350664,41.787808],"centroid":[123.119361,41.673501],"childrenNum":0,"level":"district","acroutes":[100000,210000,210100],"parent":{"adcode":210100}}