{"children":[],"adcode":210123,"name":"康平县","center":[123.352703,42.741533],"centroid":[123.267489,42.759025],"childrenNum":0,"level":"district","acroutes":[100000,210000,210100],"parent":{"adcode":210100}}