{"children":[],"adcode":210115,"name":"辽中区","center":[122.731269,41.512725],"centroid":[122.744639,41.553183],"childrenNum":0,"level":"district","acroutes":[100000,210000,210100],"parent":{"adcode":210100}}