{"children":[],"adcode":210112,"name":"浑南区","center":[123.458981,41.741946],"centroid":[123.627317,41.764818],"childrenNum":0,"level":"district","acroutes":[100000,210000,210100],"parent":{"adcode":210100}}