{"children":[],"adcode":210102,"name":"和平区","center":[123.406664,41.788074],"centroid":[123.389006,41.746003],"childrenNum":0,"level":"district","acroutes":[100000,210000,210100],"parent":{"adcode":210100}}