{"children":[],"adcode":210124,"name":"法库县","center":[123.416722,42.507045],"centroid":[123.239321,42.408583],"childrenNum":0,"level":"district","acroutes":[100000,210000,210100],"parent":{"adcode":210100}}