{"children":[],"adcode":210111,"name":"苏家屯区","center":[123.341604,41.665904],"centroid":[123.418969,41.583169],"childrenNum":0,"level":"district","acroutes":[100000,210000,210100],"parent":{"adcode":210100}}