{"children":[],"adcode":210113,"name":"沈北新区","center":[123.521471,42.052312],"centroid":[123.496836,42.035269],"childrenNum":0,"level":"district","acroutes":[100000,210000,210100],"parent":{"adcode":210100}}