{"children":[],"adcode":210211,"name":"甘井子区","center":[121.582614,38.975148],"centroid":[121.518531,38.985425],"childrenNum":0,"level":"district","acroutes":[100000,210000,210200],"parent":{"adcode":210200}}