{"children":[],"adcode":210213,"name":"金州区","center":[121.789413,39.052745],"centroid":[121.853889,39.249258],"childrenNum":0,"level":"district","acroutes":[100000,210000,210200],"parent":{"adcode":210200}}