{"children":[],"adcode":210281,"name":"瓦房店市","center":[122.002656,39.63065],"centroid":[121.775003,39.706598],"childrenNum":0,"level":"district","acroutes":[100000,210000,210200],"parent":{"adcode":210200}}