{"children":[],"adcode":210283,"name":"庄河市","center":[122.970612,39.69829],"centroid":[122.935203,39.843348],"childrenNum":0,"level":"district","acroutes":[100000,210000,210200],"parent":{"adcode":210200}}