{"children":[],"adcode":210224,"name":"长海县","center":[122.587824,39.272399],"centroid":[122.588968,39.280032],"childrenNum":0,"level":"district","acroutes":[100000,210000,210200],"parent":{"adcode":210200}}