{"children":[],"adcode":210204,"name":"沙河口区","center":[121.593702,38.912859],"centroid":[121.57005,38.905634],"childrenNum":0,"level":"district","acroutes":[100000,210000,210200],"parent":{"adcode":210200}}