{"children":[],"adcode":210203,"name":"西岗区","center":[121.616112,38.914266],"centroid":[121.620142,38.910058],"childrenNum":0,"level":"district","acroutes":[100000,210000,210200],"parent":{"adcode":210200}}