{"children":[],"adcode":210214,"name":"普兰店区","center":[121.9705,39.401555],"centroid":[122.287652,39.605827],"childrenNum":0,"level":"district","acroutes":[100000,210000,210200],"parent":{"adcode":210200}}