{"children":[],"adcode":210212,"name":"旅顺口区","center":[121.26713,38.812043],"centroid":[121.2525,38.857425],"childrenNum":0,"level":"district","acroutes":[100000,210000,210200],"parent":{"adcode":210200}}