{"children":[],"adcode":210202,"name":"中山区","center":[121.64376,38.921553],"centroid":[121.67331,38.900125],"childrenNum":0,"level":"district","acroutes":[100000,210000,210200],"parent":{"adcode":210200}}