{"children":[],"adcode":210323,"name":"岫岩满族自治县","center":[123.28833,40.281509],"centroid":[123.339578,40.397343],"childrenNum":0,"level":"district","acroutes":[100000,210000,210300],"parent":{"adcode":210300}}