{"children":[],"adcode":210302,"name":"铁东区","center":[122.994475,41.110344],"centroid":[123.081284,41.046333],"childrenNum":0,"level":"district","acroutes":[100000,210000,210300],"parent":{"adcode":210300}}