{"children":[],"adcode":210311,"name":"千山区","center":[122.949298,41.068909],"centroid":[122.946713,40.985217],"childrenNum":0,"level":"district","acroutes":[100000,210000,210300],"parent":{"adcode":210300}}