{"children":[],"adcode":210321,"name":"台安县","center":[122.429736,41.38686],"centroid":[122.437855,41.341289],"childrenNum":0,"level":"district","acroutes":[100000,210000,210300],"parent":{"adcode":210300}}