{"children":[],"adcode":210381,"name":"海城市","center":[122.752199,40.852533],"centroid":[122.778304,40.824679],"childrenNum":0,"level":"district","acroutes":[100000,210000,210300],"parent":{"adcode":210300}}