{"children":[],"adcode":210303,"name":"铁西区","center":[122.971834,41.11069],"centroid":[122.928418,41.132878],"childrenNum":0,"level":"district","acroutes":[100000,210000,210300],"parent":{"adcode":210300}}