{"children":[],"adcode":210304,"name":"立山区","center":[123.024806,41.150622],"centroid":[123.102113,41.121623],"childrenNum":0,"level":"district","acroutes":[100000,210000,210300],"parent":{"adcode":210300}}