{"children":[],"adcode":210402,"name":"新抚区","center":[123.902858,41.86082],"centroid":[123.936695,41.812256],"childrenNum":0,"level":"district","acroutes":[100000,210000,210400],"parent":{"adcode":210400}}