{"children":[],"adcode":210422,"name":"新宾满族自治县","center":[125.037547,41.732456],"centroid":[124.835007,41.625651],"childrenNum":0,"level":"district","acroutes":[100000,210000,210400],"parent":{"adcode":210400}}