{"children":[],"adcode":210403,"name":"东洲区","center":[124.047219,41.866829],"centroid":[124.147814,41.934137],"childrenNum":0,"level":"district","acroutes":[100000,210000,210400],"parent":{"adcode":210400}}