{"children":[],"adcode":210423,"name":"清原满族自治县","center":[124.927192,42.10135],"centroid":[124.918471,42.11327],"childrenNum":0,"level":"district","acroutes":[100000,210000,210400],"parent":{"adcode":210400}}