{"children":[],"adcode":210411,"name":"顺城区","center":[123.917165,41.881132],"centroid":[123.907888,41.942006],"childrenNum":0,"level":"district","acroutes":[100000,210000,210400],"parent":{"adcode":210400}}