{"children":[],"adcode":210421,"name":"抚顺县","center":[124.097979,41.922644],"centroid":[124.166387,41.676258],"childrenNum":0,"level":"district","acroutes":[100000,210000,210400],"parent":{"adcode":210400}}