{"children":[],"adcode":210404,"name":"望花区","center":[123.801509,41.851803],"centroid":[123.797866,41.787842],"childrenNum":0,"level":"district","acroutes":[100000,210000,210400],"parent":{"adcode":210400}}