{"children":[],"adcode":210502,"name":"平山区","center":[123.761231,41.291581],"centroid":[123.701385,41.220824],"childrenNum":0,"level":"district","acroutes":[100000,210000,210500],"parent":{"adcode":210500}}