{"children":[],"adcode":210505,"name":"南芬区","center":[123.748381,41.104093],"centroid":[123.822976,41.096872],"childrenNum":0,"level":"district","acroutes":[100000,210000,210500],"parent":{"adcode":210500}}