{"children":[],"adcode":210521,"name":"本溪满族自治县","center":[124.126156,41.300344],"centroid":[124.171395,41.200551],"childrenNum":0,"level":"district","acroutes":[100000,210000,210500],"parent":{"adcode":210500}}