{"children":[],"adcode":210504,"name":"明山区","center":[123.763288,41.302429],"centroid":[123.873953,41.325174],"childrenNum":0,"level":"district","acroutes":[100000,210000,210500],"parent":{"adcode":210500}}