{"children":[],"adcode":210522,"name":"桓仁满族自治县","center":[125.359195,41.268997],"centroid":[125.281957,41.256209],"childrenNum":0,"level":"district","acroutes":[100000,210000,210500],"parent":{"adcode":210500}}