{"children":[],"adcode":210503,"name":"溪湖区","center":[123.765226,41.330056],"centroid":[123.714735,41.423883],"childrenNum":0,"level":"district","acroutes":[100000,210000,210500],"parent":{"adcode":210500}}