{"children":[],"adcode":210603,"name":"振兴区","center":[124.361153,40.102801],"centroid":[124.292666,40.049622],"childrenNum":0,"level":"district","acroutes":[100000,210000,210600],"parent":{"adcode":210600}}