{"children":[],"adcode":210682,"name":"凤城市","center":[124.071067,40.457567],"centroid":[124.059326,40.583747],"childrenNum":0,"level":"district","acroutes":[100000,210000,210600],"parent":{"adcode":210600}}