{"children":[],"adcode":210681,"name":"东港市","center":[124.149437,39.883467],"centroid":[123.848319,39.962615],"childrenNum":0,"level":"district","acroutes":[100000,210000,210600],"parent":{"adcode":210600}}