{"children":[],"adcode":210624,"name":"宽甸满族自治县","center":[124.784867,40.730412],"centroid":[124.925347,40.763806],"childrenNum":0,"level":"district","acroutes":[100000,210000,210600],"parent":{"adcode":210600}}