{"children":[],"adcode":210602,"name":"元宝区","center":[124.397814,40.136483],"centroid":[124.323638,40.178832],"childrenNum":0,"level":"district","acroutes":[100000,210000,210600],"parent":{"adcode":210600}}