{"children":[],"adcode":210604,"name":"振安区","center":[124.427709,40.158557],"centroid":[124.29086,40.241859],"childrenNum":0,"level":"district","acroutes":[100000,210000,210600],"parent":{"adcode":210600}}