{"children":[],"adcode":210711,"name":"太和区","center":[121.107297,41.105378],"centroid":[121.160594,40.980422],"childrenNum":0,"level":"district","acroutes":[100000,210000,210700],"parent":{"adcode":210700}}