{"children":[],"adcode":210727,"name":"义县","center":[121.242831,41.537224],"centroid":[121.297017,41.530803],"childrenNum":0,"level":"district","acroutes":[100000,210000,210700],"parent":{"adcode":210700}}