{"children":[],"adcode":210726,"name":"黑山县","center":[122.117915,41.691804],"centroid":[122.252937,41.792332],"childrenNum":0,"level":"district","acroutes":[100000,210000,210700],"parent":{"adcode":210700}}