{"children":[],"adcode":210703,"name":"凌河区","center":[121.151304,41.114662],"centroid":[121.18047,41.127212],"childrenNum":0,"level":"district","acroutes":[100000,210000,210700],"parent":{"adcode":210700}}