{"children":[],"adcode":210702,"name":"古塔区","center":[121.130085,41.115719],"centroid":[121.078614,41.153672],"childrenNum":0,"level":"district","acroutes":[100000,210000,210700],"parent":{"adcode":210700}}