{"children":[],"adcode":210782,"name":"北镇市","center":[121.795962,41.598764],"centroid":[121.857306,41.540448],"childrenNum":0,"level":"district","acroutes":[100000,210000,210700],"parent":{"adcode":210700}}