{"children":[],"adcode":210781,"name":"凌海市","center":[121.364236,41.171738],"centroid":[121.306448,41.170048],"childrenNum":0,"level":"district","acroutes":[100000,210000,210700],"parent":{"adcode":210700}}