{"children":[],"adcode":210811,"name":"老边区","center":[122.382584,40.682723],"childrenNum":0,"level":"district","acroutes":[100000,210000,210800],"parent":{"adcode":210800}}