{"children":[],"adcode":210882,"name":"大石桥市","center":[122.505894,40.633973],"centroid":[122.563913,40.641117],"childrenNum":0,"level":"district","acroutes":[100000,210000,210800],"parent":{"adcode":210800}}