{"children":[],"adcode":210881,"name":"盖州市","center":[122.355534,40.405234],"centroid":[122.462024,40.229034],"childrenNum":0,"level":"district","acroutes":[100000,210000,210800],"parent":{"adcode":210800}}