{"children":[],"adcode":210802,"name":"站前区","center":[122.253235,40.669949],"childrenNum":0,"level":"district","acroutes":[100000,210000,210800],"parent":{"adcode":210800}}