{"children":[],"adcode":210803,"name":"西市区","center":[122.210067,40.663086],"centroid":[122.248293,40.584713],"childrenNum":0,"level":"district","acroutes":[100000,210000,210800],"parent":{"adcode":210800}}