{"children":[],"adcode":210804,"name":"鲅鱼圈区","center":[122.127242,40.263646],"centroid":[122.161166,40.266719],"childrenNum":0,"level":"district","acroutes":[100000,210000,210800],"parent":{"adcode":210800}}