{"children":[],"adcode":210905,"name":"清河门区","center":[121.42018,41.780477],"centroid":[121.435799,41.752757],"childrenNum":0,"level":"district","acroutes":[100000,210000,210900],"parent":{"adcode":210900}}