{"children":[],"adcode":210921,"name":"阜新蒙古族自治县","center":[121.743125,42.058607],"centroid":[121.453452,42.11807],"childrenNum":0,"level":"district","acroutes":[100000,210000,210900],"parent":{"adcode":210900}}