{"children":[],"adcode":210903,"name":"新邱区","center":[121.790541,42.086603],"centroid":[121.824192,42.057526],"childrenNum":0,"level":"district","acroutes":[100000,210000,210900],"parent":{"adcode":210900}}