{"children":[],"adcode":210904,"name":"太平区","center":[121.677575,42.011145],"centroid":[121.733328,41.994633],"childrenNum":0,"level":"district","acroutes":[100000,210000,210900],"parent":{"adcode":210900}}