{"children":[],"adcode":210902,"name":"海州区","center":[121.657639,42.011162],"centroid":[121.632991,41.957146],"childrenNum":0,"level":"district","acroutes":[100000,210000,210900],"parent":{"adcode":210900}}