{"children":[],"adcode":210922,"name":"彰武县","center":[122.537444,42.384823],"centroid":[122.466431,42.51892],"childrenNum":0,"level":"district","acroutes":[100000,210000,210900],"parent":{"adcode":210900}}