{"children":[],"adcode":210911,"name":"细河区","center":[121.654791,42.019218],"centroid":[121.620004,42.036291],"childrenNum":0,"level":"district","acroutes":[100000,210000,210900],"parent":{"adcode":210900}}