{"children":[],"adcode":211005,"name":"弓长岭区","center":[123.431633,41.157831],"centroid":[123.417953,41.149535],"childrenNum":0,"level":"district","acroutes":[100000,210000,211000],"parent":{"adcode":211000}}