{"children":[],"adcode":211002,"name":"白塔区","center":[123.172611,41.26745],"centroid":[123.182426,41.261464],"childrenNum":0,"level":"district","acroutes":[100000,210000,211000],"parent":{"adcode":211000}}