{"children":[],"adcode":211011,"name":"太子河区","center":[123.185336,41.251682],"centroid":[123.088382,41.320797],"childrenNum":0,"level":"district","acroutes":[100000,210000,211000],"parent":{"adcode":211000}}