{"children":[],"adcode":211004,"name":"宏伟区","center":[123.200461,41.205747],"centroid":[123.22556,41.184658],"childrenNum":0,"level":"district","acroutes":[100000,210000,211000],"parent":{"adcode":211000}}