{"children":[],"adcode":211003,"name":"文圣区","center":[123.188227,41.266765],"centroid":[123.33924,41.282102],"childrenNum":0,"level":"district","acroutes":[100000,210000,211000],"parent":{"adcode":211000}}