{"children":[],"adcode":211021,"name":"辽阳县","center":[123.079674,41.216479],"centroid":[123.374347,40.953088],"childrenNum":0,"level":"district","acroutes":[100000,210000,211000],"parent":{"adcode":211000}}