{"children":[],"adcode":211081,"name":"灯塔市","center":[123.325864,41.427836],"centroid":[123.319601,41.421551],"childrenNum":0,"level":"district","acroutes":[100000,210000,211000],"parent":{"adcode":211000}}