{"children":[],"adcode":211103,"name":"兴隆台区","center":[122.071624,41.122423],"centroid":[122.022469,41.14611],"childrenNum":0,"level":"district","acroutes":[100000,210000,211100],"parent":{"adcode":211100}}