{"children":[{"adcode":211102,"name":"双台子区","center":[122.055733,41.190365],"centroid":[122.013935,41.195083],"childrenNum":0,"level":"district","parent":{"adcode":211100},"subFeatureIndex":0,"acroutes":[100000,210000,211100]},{"adcode":211103,"name":"兴隆台区","center":[122.071624,41.122423],"centroid":[122.022469,41.14611],"childrenNum":0,"level":"district","parent":{"adcode":211100},"subFeatureIndex":1,"acroutes":[100000,210000,211100]},{"adcode":211104,"name":"大洼区","center":[122.071708,40.994428],"centroid":[122.05242,40.913075],"childrenNum":0,"level":"district","parent":{"adcode":211100},"subFeatureIndex":2,"acroutes":[100000,210000,211100]},{"adcode":211122,"name":"盘山县","center":[121.98528,41.240701],"childrenNum":0,"level":"district","parent":{"adcode":211100},"subFeatureIndex":3,"acroutes":[100000,210000,211100]}],"adcode":211100,"name":"盘锦市","center":[122.06957,41.124484],"centroid":[121.999309,41.06851],"childrenNum":4,"level":"city","acroutes":[100000,210000],"parent":{"adcode":210000}}