{"children":[],"adcode":211122,"name":"盘山县","center":[121.98528,41.240701],"childrenNum":0,"level":"district","acroutes":[100000,210000,211100],"parent":{"adcode":211100}}