{"children":[],"adcode":211104,"name":"大洼区","center":[122.071708,40.994428],"centroid":[122.05242,40.913075],"childrenNum":0,"level":"district","acroutes":[100000,210000,211100],"parent":{"adcode":211100}}