{"children":[],"adcode":211102,"name":"双台子区","center":[122.055733,41.190365],"centroid":[122.013935,41.195083],"childrenNum":0,"level":"district","acroutes":[100000,210000,211100],"parent":{"adcode":211100}}