{"children":[],"adcode":211223,"name":"西丰县","center":[124.72332,42.738091],"centroid":[124.73206,42.706707],"childrenNum":0,"level":"district","acroutes":[100000,210000,211200],"parent":{"adcode":211200}}