{"children":[],"adcode":211204,"name":"清河区","center":[124.14896,42.542978],"centroid":[124.271326,42.520352],"childrenNum":0,"level":"district","acroutes":[100000,210000,211200],"parent":{"adcode":211200}}