{"children":[],"adcode":211224,"name":"昌图县","center":[124.11017,42.784441],"centroid":[123.9393,42.994205],"childrenNum":0,"level":"district","acroutes":[100000,210000,211200],"parent":{"adcode":211200}}