{"children":[],"adcode":211202,"name":"银州区","center":[123.844877,42.292278],"centroid":[123.851466,42.247882],"childrenNum":0,"level":"district","acroutes":[100000,210000,211200],"parent":{"adcode":211200}}