{"children":[],"adcode":211281,"name":"调兵山市","center":[123.545366,42.450734],"centroid":[123.581029,42.434001],"childrenNum":0,"level":"district","acroutes":[100000,210000,211200],"parent":{"adcode":211200}}