{"children":[],"adcode":211221,"name":"铁岭县","center":[123.725669,42.223316],"centroid":[123.703548,42.266194],"childrenNum":0,"level":"district","acroutes":[100000,210000,211200],"parent":{"adcode":211200}}