{"children":[],"adcode":211282,"name":"开原市","center":[124.045551,42.542141],"childrenNum":0,"level":"district","acroutes":[100000,210000,211200],"parent":{"adcode":211200}}