{"children":[],"adcode":211322,"name":"建平县","center":[119.642363,41.402576],"centroid":[119.625367,41.837961],"childrenNum":0,"level":"district","acroutes":[100000,210000,211300],"parent":{"adcode":211300}}