{"children":[],"adcode":211302,"name":"双塔区","center":[120.44877,41.579389],"centroid":[120.537954,41.580173],"childrenNum":0,"level":"district","acroutes":[100000,210000,211300],"parent":{"adcode":211300}}