{"children":[],"adcode":211303,"name":"龙城区","center":[120.413376,41.576749],"centroid":[120.287688,41.562535],"childrenNum":0,"level":"district","acroutes":[100000,210000,211300],"parent":{"adcode":211300}}