{"children":[],"adcode":211321,"name":"朝阳县","center":[120.404217,41.526342],"centroid":[120.292061,41.352249],"childrenNum":0,"level":"district","acroutes":[100000,210000,211300],"parent":{"adcode":211300}}