{"children":[],"adcode":211382,"name":"凌源市","center":[119.404789,41.243086],"centroid":[119.264109,40.974253],"childrenNum":0,"level":"district","acroutes":[100000,210000,211300],"parent":{"adcode":211300}}