{"children":[],"adcode":211381,"name":"北票市","center":[120.766951,41.803286],"centroid":[120.807621,41.862374],"childrenNum":0,"level":"district","acroutes":[100000,210000,211300],"parent":{"adcode":211300}}