{"children":[],"adcode":211324,"name":"喀喇沁左翼蒙古族自治县","center":[119.744883,41.125428],"centroid":[119.768641,41.138049],"childrenNum":0,"level":"district","acroutes":[100000,210000,211300],"parent":{"adcode":211300}}