{"children":[],"adcode":211481,"name":"兴城市","center":[120.729365,40.619413],"centroid":[120.469994,40.584045],"childrenNum":0,"level":"district","acroutes":[100000,210000,211400],"parent":{"adcode":211400}}