{"children":[],"adcode":211422,"name":"建昌县","center":[119.807776,40.812871],"centroid":[119.827574,40.710576],"childrenNum":0,"level":"district","acroutes":[100000,210000,211400],"parent":{"adcode":211400}}