{"children":[],"adcode":211404,"name":"南票区","center":[120.752314,41.098813],"centroid":[120.77221,41.033551],"childrenNum":0,"level":"district","acroutes":[100000,210000,211400],"parent":{"adcode":211400}}