{"children":[],"adcode":211403,"name":"龙港区","center":[120.838569,40.709991],"centroid":[120.905777,40.733458],"childrenNum":0,"level":"district","acroutes":[100000,210000,211400],"parent":{"adcode":211400}}