{"children":[],"adcode":211421,"name":"绥中县","center":[120.342112,40.328407],"centroid":[120.031339,40.289624],"childrenNum":0,"level":"district","acroutes":[100000,210000,211400],"parent":{"adcode":211400}}