{"children":[],"adcode":211402,"name":"连山区","center":[120.85937,40.755143],"centroid":[120.608401,40.866683],"childrenNum":0,"level":"district","acroutes":[100000,210000,211400],"parent":{"adcode":211400}}