{"children":[],"adcode":220112,"name":"双阳区","center":[125.659018,43.525168],"centroid":[125.70623,43.52608],"childrenNum":0,"level":"district","acroutes":[100000,220000,220100],"parent":{"adcode":220100}}