{"children":[],"adcode":220122,"name":"农安县","center":[125.175287,44.431258],"centroid":[125.08508,44.472531],"childrenNum":0,"level":"district","acroutes":[100000,220000,220100],"parent":{"adcode":220100}}