{"children":[],"adcode":220103,"name":"宽城区","center":[125.342828,43.903823],"centroid":[125.326657,44.088569],"childrenNum":0,"level":"district","acroutes":[100000,220000,220100],"parent":{"adcode":220100}}