{"children":[],"adcode":220106,"name":"绿园区","center":[125.272467,43.892177],"centroid":[125.175055,43.890116],"childrenNum":0,"level":"district","acroutes":[100000,220000,220100],"parent":{"adcode":220100}}