{"children":[],"adcode":220105,"name":"二道区","center":[125.384727,43.870824],"centroid":[125.606605,43.866861],"childrenNum":0,"level":"district","acroutes":[100000,220000,220100],"parent":{"adcode":220100}}