{"children":[],"adcode":220182,"name":"榆树市","center":[126.550107,44.827642],"centroid":[126.595959,44.873204],"childrenNum":0,"level":"district","acroutes":[100000,220000,220100],"parent":{"adcode":220100}}