{"children":[],"adcode":220104,"name":"朝阳区","center":[125.318042,43.86491],"childrenNum":0,"level":"district","acroutes":[100000,220000,220100],"parent":{"adcode":220100}}