{"children":[],"adcode":220113,"name":"九台区","center":[125.844682,44.157155],"centroid":[125.979165,44.204262],"childrenNum":0,"level":"district","acroutes":[100000,220000,220100],"parent":{"adcode":220100}}