{"children":[],"adcode":220102,"name":"南关区","center":[125.337237,43.890235],"centroid":[125.412301,43.725267],"childrenNum":0,"level":"district","acroutes":[100000,220000,220100],"parent":{"adcode":220100}}