{"children":[],"adcode":220184,"name":"公主岭市","center":[124.817588,43.509474],"centroid":[124.674107,43.786324],"childrenNum":0,"level":"district","acroutes":[100000,220000,220100],"parent":{"adcode":220100}}