{"children":[],"adcode":220183,"name":"德惠市","center":[125.703327,44.533909],"centroid":[125.810373,44.554404],"childrenNum":0,"level":"district","acroutes":[100000,220000,220100],"parent":{"adcode":220100}}