{"children":[],"adcode":220221,"name":"永吉县","center":[126.501622,43.667416],"centroid":[126.220851,43.595657],"childrenNum":0,"level":"district","acroutes":[100000,220000,220200],"parent":{"adcode":220200}}