{"children":[],"adcode":220202,"name":"昌邑区","center":[126.570766,43.851118],"centroid":[126.283196,44.036785],"childrenNum":0,"level":"district","acroutes":[100000,220000,220200],"parent":{"adcode":220200}}