{"children":[],"adcode":220211,"name":"丰满区","center":[126.560759,43.816594],"centroid":[126.698504,43.658351],"childrenNum":0,"level":"district","acroutes":[100000,220000,220200],"parent":{"adcode":220200}}