{"children":[],"adcode":220204,"name":"船营区","center":[126.55239,43.843804],"centroid":[126.29533,43.856627],"childrenNum":0,"level":"district","acroutes":[100000,220000,220200],"parent":{"adcode":220200}}