{"children":[],"adcode":220281,"name":"蛟河市","center":[127.342739,43.720579],"centroid":[127.331819,43.708477],"childrenNum":0,"level":"district","acroutes":[100000,220000,220200],"parent":{"adcode":220200}}