{"children":[],"adcode":220203,"name":"龙潭区","center":[126.561429,43.909755],"centroid":[126.651253,44.051949],"childrenNum":0,"level":"district","acroutes":[100000,220000,220200],"parent":{"adcode":220200}}