{"children":[],"adcode":220283,"name":"舒兰市","center":[126.947813,44.410906],"centroid":[127.110477,44.32942],"childrenNum":0,"level":"district","acroutes":[100000,220000,220200],"parent":{"adcode":220200}}