{"children":[],"adcode":220282,"name":"桦甸市","center":[126.745445,42.972093],"centroid":[127.040618,43.048009],"childrenNum":0,"level":"district","acroutes":[100000,220000,220200],"parent":{"adcode":220200}}