{"children":[],"adcode":220284,"name":"磐石市","center":[126.059929,42.942476],"centroid":[126.166582,43.051293],"childrenNum":0,"level":"district","acroutes":[100000,220000,220200],"parent":{"adcode":220200}}