{"children":[],"adcode":220303,"name":"铁东区","center":[124.388464,43.16726],"centroid":[124.556207,43.058574],"childrenNum":0,"level":"district","acroutes":[100000,220000,220300],"parent":{"adcode":220300}}