{"children":[],"adcode":220382,"name":"双辽市","center":[123.505283,43.518275],"centroid":[123.698743,43.759743],"childrenNum":0,"level":"district","acroutes":[100000,220000,220300],"parent":{"adcode":220300}}