{"children":[],"adcode":220322,"name":"梨树县","center":[124.335802,43.30831],"centroid":[124.314662,43.48416],"childrenNum":0,"level":"district","acroutes":[100000,220000,220300],"parent":{"adcode":220300}}