{"children":[],"adcode":220302,"name":"铁西区","center":[124.360894,43.176263],"centroid":[124.363723,43.224394],"childrenNum":0,"level":"district","acroutes":[100000,220000,220300],"parent":{"adcode":220300}}