{"children":[],"adcode":220323,"name":"伊通满族自治县","center":[125.303124,43.345464],"centroid":[125.264312,43.341275],"childrenNum":0,"level":"district","acroutes":[100000,220000,220300],"parent":{"adcode":220300}}