{"children":[],"adcode":220422,"name":"东辽县","center":[124.991995,42.927724],"childrenNum":0,"level":"district","acroutes":[100000,220000,220400],"parent":{"adcode":220400}}