{"children":[],"adcode":220402,"name":"龙山区","center":[125.145164,42.902702],"centroid":[125.213994,42.916941],"childrenNum":0,"level":"district","acroutes":[100000,220000,220400],"parent":{"adcode":220400}}