{"children":[{"adcode":220402,"name":"龙山区","center":[125.145164,42.902702],"centroid":[125.213994,42.916941],"childrenNum":0,"level":"district","parent":{"adcode":220400},"subFeatureIndex":0,"acroutes":[100000,220000,220400]},{"adcode":220403,"name":"西安区","center":[125.151424,42.920415],"centroid":[125.125809,42.952406],"childrenNum":0,"level":"district","parent":{"adcode":220400},"subFeatureIndex":1,"acroutes":[100000,220000,220400]},{"adcode":220421,"name":"东丰县","center":[125.529623,42.675228],"centroid":[125.448539,42.678496],"childrenNum":0,"level":"district","parent":{"adcode":220400},"subFeatureIndex":2,"acroutes":[100000,220000,220400]},{"adcode":220422,"name":"东辽县","center":[124.991995,42.927724],"childrenNum":0,"level":"district","parent":{"adcode":220400},"subFeatureIndex":3,"acroutes":[100000,220000,220400]}],"adcode":220400,"name":"辽源市","center":[125.145349,42.902692],"centroid":[125.311392,42.814462],"childrenNum":4,"level":"city","acroutes":[100000,220000],"parent":{"adcode":220000}}