{"children":[],"adcode":220421,"name":"东丰县","center":[125.529623,42.675228],"centroid":[125.448539,42.678496],"childrenNum":0,"level":"district","acroutes":[100000,220000,220400],"parent":{"adcode":220400}}