{"children":[],"adcode":220403,"name":"西安区","center":[125.151424,42.920415],"centroid":[125.125809,42.952406],"childrenNum":0,"level":"district","acroutes":[100000,220000,220400],"parent":{"adcode":220400}}