{"children":[],"adcode":220524,"name":"柳河县","center":[125.740536,42.281484],"centroid":[125.909427,42.179149],"childrenNum":0,"level":"district","acroutes":[100000,220000,220500],"parent":{"adcode":220500}}