{"children":[],"adcode":220523,"name":"辉南县","center":[126.042821,42.683459],"centroid":[126.335639,42.551685],"childrenNum":0,"level":"district","acroutes":[100000,220000,220500],"parent":{"adcode":220500}}