{"children":[],"adcode":220503,"name":"二道江区","center":[126.045987,41.777564],"centroid":[126.157123,41.763735],"childrenNum":0,"level":"district","acroutes":[100000,220000,220500],"parent":{"adcode":220500}}