{"children":[],"adcode":220581,"name":"梅河口市","center":[125.687336,42.530002],"centroid":[125.715219,42.534578],"childrenNum":0,"level":"district","acroutes":[100000,220000,220500],"parent":{"adcode":220500}}