{"children":[],"adcode":220582,"name":"集安市","center":[126.186204,41.126276],"centroid":[125.989459,41.246324],"childrenNum":0,"level":"district","acroutes":[100000,220000,220500],"parent":{"adcode":220500}}