{"children":[],"adcode":220521,"name":"通化县","center":[125.753121,41.677918],"centroid":[125.742378,41.776228],"childrenNum":0,"level":"district","acroutes":[100000,220000,220500],"parent":{"adcode":220500}}