{"children":[],"adcode":220502,"name":"东昌区","center":[125.936716,41.721233],"centroid":[125.972706,41.672326],"childrenNum":0,"level":"district","acroutes":[100000,220000,220500],"parent":{"adcode":220500}}