{"children":[],"adcode":220605,"name":"江源区","center":[126.584229,42.048109],"centroid":[126.765003,42.047103],"childrenNum":0,"level":"district","acroutes":[100000,220000,220600],"parent":{"adcode":220600}}