{"children":[],"adcode":220622,"name":"靖宇县","center":[126.808386,42.389689],"centroid":[126.896632,42.444652],"childrenNum":0,"level":"district","acroutes":[100000,220000,220600],"parent":{"adcode":220600}}