{"children":[],"adcode":220623,"name":"长白朝鲜族自治县","center":[128.203384,41.419361],"centroid":[127.857818,41.579032],"childrenNum":0,"level":"district","acroutes":[100000,220000,220600],"parent":{"adcode":220600}}