{"children":[],"adcode":220602,"name":"浑江区","center":[126.428035,41.943065],"centroid":[126.421424,41.811956],"childrenNum":0,"level":"district","acroutes":[100000,220000,220600],"parent":{"adcode":220600}}