{"children":[],"adcode":220621,"name":"抚松县","center":[127.273796,42.332643],"centroid":[127.617235,42.271881],"childrenNum":0,"level":"district","acroutes":[100000,220000,220600],"parent":{"adcode":220600}}