{"children":[],"adcode":220681,"name":"临江市","center":[126.919296,41.810689],"centroid":[127.187573,41.811547],"childrenNum":0,"level":"district","acroutes":[100000,220000,220600],"parent":{"adcode":220600}}