{"children":[],"adcode":220781,"name":"扶余市","center":[126.042758,44.986199],"centroid":[125.557869,45.126169],"childrenNum":0,"level":"district","acroutes":[100000,220000,220700],"parent":{"adcode":220700}}