{"children":[],"adcode":220722,"name":"长岭县","center":[123.985184,44.276579],"centroid":[123.859141,44.29813],"childrenNum":0,"level":"district","acroutes":[100000,220000,220700],"parent":{"adcode":220700}}