{"children":[],"adcode":220721,"name":"前郭尔罗斯蒙古族自治县","center":[124.826808,45.116288],"centroid":[124.468938,44.862585],"childrenNum":0,"level":"district","acroutes":[100000,220000,220700],"parent":{"adcode":220700}}