{"children":[],"adcode":220723,"name":"乾安县","center":[124.024361,45.006846],"centroid":[123.952567,44.922339],"childrenNum":0,"level":"district","acroutes":[100000,220000,220700],"parent":{"adcode":220700}}