{"children":[],"adcode":220702,"name":"宁江区","center":[124.827851,45.176498],"centroid":[124.860362,45.286007],"childrenNum":0,"level":"district","acroutes":[100000,220000,220700],"parent":{"adcode":220700}}