{"children":[],"adcode":220821,"name":"镇赉县","center":[123.202246,45.846089],"centroid":[123.496743,45.981249],"childrenNum":0,"level":"district","acroutes":[100000,220000,220800],"parent":{"adcode":220800}}