{"children":[],"adcode":220802,"name":"洮北区","center":[122.842499,45.619253],"centroid":[122.841986,45.64099],"childrenNum":0,"level":"district","acroutes":[100000,220000,220800],"parent":{"adcode":220800}}