{"children":[],"adcode":220822,"name":"通榆县","center":[123.088543,44.80915],"centroid":[122.739939,44.78046],"childrenNum":0,"level":"district","acroutes":[100000,220000,220800],"parent":{"adcode":220800}}