{"children":[],"adcode":220881,"name":"洮南市","center":[122.783779,45.339113],"centroid":[122.447985,45.470651],"childrenNum":0,"level":"district","acroutes":[100000,220000,220800],"parent":{"adcode":220800}}