{"children":[],"adcode":220882,"name":"大安市","center":[124.291512,45.507648],"centroid":[123.717499,45.428544],"childrenNum":0,"level":"district","acroutes":[100000,220000,220800],"parent":{"adcode":220800}}