{"children":[],"adcode":222402,"name":"图们市","center":[129.846701,42.966621],"centroid":[129.832666,43.026947],"childrenNum":0,"level":"district","acroutes":[100000,220000,222400],"parent":{"adcode":222400}}