{"children":[],"adcode":222426,"name":"安图县","center":[128.901865,43.110994],"centroid":[128.43116,42.693027],"childrenNum":0,"level":"district","acroutes":[100000,220000,222400],"parent":{"adcode":222400}}