{"children":[],"adcode":222424,"name":"汪清县","center":[129.766161,43.315426],"centroid":[129.936027,43.533974],"childrenNum":0,"level":"district","acroutes":[100000,220000,222400],"parent":{"adcode":222400}}