{"children":[],"adcode":222404,"name":"珲春市","center":[130.365787,42.871057],"centroid":[130.696051,43.074174],"childrenNum":0,"level":"district","acroutes":[100000,220000,222400],"parent":{"adcode":222400}}