{"children":[],"adcode":222401,"name":"延吉市","center":[129.51579,42.906964],"centroid":[129.332301,43.100159],"childrenNum":0,"level":"district","acroutes":[100000,220000,222400],"parent":{"adcode":222400}}