{"children":[],"adcode":222406,"name":"和龙市","center":[129.008748,42.547004],"centroid":[128.904088,42.460192],"childrenNum":0,"level":"district","acroutes":[100000,220000,222400],"parent":{"adcode":222400}}