{"children":[],"adcode":222405,"name":"龙井市","center":[129.425747,42.771029],"centroid":[129.441718,42.70087],"childrenNum":0,"level":"district","acroutes":[100000,220000,222400],"parent":{"adcode":222400}}