{"children":[],"adcode":222403,"name":"敦化市","center":[128.22986,43.366921],"centroid":[128.232327,43.560094],"childrenNum":0,"level":"district","acroutes":[100000,220000,222400],"parent":{"adcode":222400}}