{"children":[],"adcode":230113,"name":"双城区","center":[126.308784,45.377942],"centroid":[126.182557,45.403569],"childrenNum":0,"level":"district","acroutes":[100000,230000,230100],"parent":{"adcode":230100}}