{"children":[],"adcode":230127,"name":"木兰县","center":[128.042675,45.949826],"centroid":[127.925557,46.240125],"childrenNum":0,"level":"district","acroutes":[100000,230000,230100],"parent":{"adcode":230100}}