{"children":[],"adcode":230109,"name":"松北区","center":[126.563066,45.814656],"centroid":[126.434402,45.913435],"childrenNum":0,"level":"district","acroutes":[100000,230000,230100],"parent":{"adcode":230100}}