{"children":[],"adcode":230104,"name":"道外区","center":[126.648838,45.78454],"centroid":[126.893475,45.847448],"childrenNum":0,"level":"district","acroutes":[100000,230000,230100],"parent":{"adcode":230100}}