{"children":[],"adcode":230123,"name":"依兰县","center":[129.565594,46.315105],"centroid":[129.715068,46.268547],"childrenNum":0,"level":"district","acroutes":[100000,230000,230100],"parent":{"adcode":230100}}