{"children":[],"adcode":230112,"name":"阿城区","center":[126.972726,45.538372],"centroid":[127.162108,45.479923],"childrenNum":0,"level":"district","acroutes":[100000,230000,230100],"parent":{"adcode":230100}}