{"children":[],"adcode":230124,"name":"方正县","center":[128.836131,45.839536],"centroid":[128.943056,45.814215],"childrenNum":0,"level":"district","acroutes":[100000,230000,230100],"parent":{"adcode":230100}}