{"children":[],"adcode":230108,"name":"平房区","center":[126.629257,45.605567],"centroid":[126.665235,45.58458],"childrenNum":0,"level":"district","acroutes":[100000,230000,230100],"parent":{"adcode":230100}}