{"children":[],"adcode":230111,"name":"呼兰区","center":[126.603302,45.98423],"centroid":[126.809801,46.133447],"childrenNum":0,"level":"district","acroutes":[100000,230000,230100],"parent":{"adcode":230100}}