{"children":[],"adcode":230125,"name":"宾县","center":[127.48594,45.759369],"centroid":[127.65409,45.778069],"childrenNum":0,"level":"district","acroutes":[100000,230000,230100],"parent":{"adcode":230100}}