{"children":[],"adcode":230129,"name":"延寿县","center":[128.331886,45.455648],"centroid":[128.457185,45.488029],"childrenNum":0,"level":"district","acroutes":[100000,230000,230100],"parent":{"adcode":230100}}