{"children":[],"adcode":230126,"name":"巴彦县","center":[127.403602,46.081889],"centroid":[127.31892,46.335125],"childrenNum":0,"level":"district","acroutes":[100000,230000,230100],"parent":{"adcode":230100}}