{"children":[],"adcode":230184,"name":"五常市","center":[127.15759,44.919418],"centroid":[127.484789,44.766503],"childrenNum":0,"level":"district","acroutes":[100000,230000,230100],"parent":{"adcode":230100}}