{"children":[],"adcode":230128,"name":"通河县","center":[128.747786,45.977618],"centroid":[128.755965,46.24237],"childrenNum":0,"level":"district","acroutes":[100000,230000,230100],"parent":{"adcode":230100}}