{"children":[],"adcode":230103,"name":"南岗区","center":[126.652098,45.755971],"centroid":[126.57275,45.650527],"childrenNum":0,"level":"district","acroutes":[100000,230000,230100],"parent":{"adcode":230100}}