{"children":[],"adcode":230110,"name":"香坊区","center":[126.667049,45.713067],"centroid":[126.781726,45.698799],"childrenNum":0,"level":"district","acroutes":[100000,230000,230100],"parent":{"adcode":230100}}