{"children":[],"adcode":230102,"name":"道里区","center":[126.612532,45.762035],"centroid":[126.373347,45.668664],"childrenNum":0,"level":"district","acroutes":[100000,230000,230100],"parent":{"adcode":230100}}