{"children":[],"adcode":230183,"name":"尚志市","center":[127.968539,45.214953],"centroid":[128.317371,45.077956],"childrenNum":0,"level":"district","acroutes":[100000,230000,230100],"parent":{"adcode":230100}}