{"children":[],"adcode":230204,"name":"铁锋区","center":[123.973555,47.339499],"centroid":[124.240846,47.287161],"childrenNum":0,"level":"district","acroutes":[100000,230000,230200],"parent":{"adcode":230200}}