{"children":[],"adcode":230231,"name":"拜泉县","center":[126.091911,47.607363],"centroid":[126.01491,47.585918],"childrenNum":0,"level":"district","acroutes":[100000,230000,230200],"parent":{"adcode":230200}}