{"children":[],"adcode":230202,"name":"龙沙区","center":[123.957338,47.341736],"centroid":[123.922001,47.269065],"childrenNum":0,"level":"district","acroutes":[100000,230000,230200],"parent":{"adcode":230200}}