{"children":[],"adcode":230230,"name":"克东县","center":[126.249094,48.03732],"centroid":[126.34414,48.004388],"childrenNum":0,"level":"district","acroutes":[100000,230000,230200],"parent":{"adcode":230200}}