{"children":[],"adcode":230223,"name":"依安县","center":[125.307561,47.890098],"centroid":[125.288013,47.700556],"childrenNum":0,"level":"district","acroutes":[100000,230000,230200],"parent":{"adcode":230200}}