{"children":[],"adcode":230206,"name":"富拉尔基区","center":[123.638873,47.20697],"centroid":[123.590228,47.222379],"childrenNum":0,"level":"district","acroutes":[100000,230000,230200],"parent":{"adcode":230200}}