{"children":[],"adcode":230205,"name":"昂昂溪区","center":[123.813181,47.156867],"centroid":[123.959687,47.136353],"childrenNum":0,"level":"district","acroutes":[100000,230000,230200],"parent":{"adcode":230200}}