{"children":[],"adcode":230229,"name":"克山县","center":[125.874355,48.034342],"centroid":[125.699713,48.161786],"childrenNum":0,"level":"district","acroutes":[100000,230000,230200],"parent":{"adcode":230200}}