{"children":[],"adcode":230221,"name":"龙江县","center":[123.187225,47.336388],"centroid":[123.080975,47.24642],"childrenNum":0,"level":"district","acroutes":[100000,230000,230200],"parent":{"adcode":230200}}