{"children":[],"adcode":230203,"name":"建华区","center":[123.955888,47.354494],"centroid":[124.016527,47.401273],"childrenNum":0,"level":"district","acroutes":[100000,230000,230200],"parent":{"adcode":230200}}