{"children":[],"adcode":230281,"name":"讷河市","center":[124.882172,48.481133],"centroid":[125.069101,48.475872],"childrenNum":0,"level":"district","acroutes":[100000,230000,230200],"parent":{"adcode":230200}}