{"children":[],"adcode":230224,"name":"泰来县","center":[123.41953,46.39233],"centroid":[123.551063,46.598159],"childrenNum":0,"level":"district","acroutes":[100000,230000,230200],"parent":{"adcode":230200}}