{"children":[],"adcode":230208,"name":"梅里斯达斡尔族区","center":[123.754599,47.311113],"centroid":[123.859514,47.563791],"childrenNum":0,"level":"district","acroutes":[100000,230000,230200],"parent":{"adcode":230200}}