{"children":[],"adcode":230227,"name":"富裕县","center":[124.469106,47.797172],"centroid":[124.566231,47.662945],"childrenNum":0,"level":"district","acroutes":[100000,230000,230200],"parent":{"adcode":230200}}