{"children":[],"adcode":230225,"name":"甘南县","center":[123.506034,47.917838],"centroid":[123.836525,48.004787],"childrenNum":0,"level":"district","acroutes":[100000,230000,230200],"parent":{"adcode":230200}}