{"children":[],"adcode":230207,"name":"碾子山区","center":[122.887972,47.51401],"centroid":[122.925333,47.578383],"childrenNum":0,"level":"district","acroutes":[100000,230000,230200],"parent":{"adcode":230200}}