{"children":[],"adcode":230305,"name":"梨树区","center":[130.697781,45.092195],"centroid":[130.739041,45.084128],"childrenNum":0,"level":"district","acroutes":[100000,230000,230300],"parent":{"adcode":230300}}