{"children":[],"adcode":230304,"name":"滴道区","center":[130.846823,45.348812],"centroid":[130.740863,45.364378],"childrenNum":0,"level":"district","acroutes":[100000,230000,230300],"parent":{"adcode":230300}}