{"children":[],"adcode":230381,"name":"虎林市","center":[132.973881,45.767985],"centroid":[133.113612,45.991345],"childrenNum":0,"level":"district","acroutes":[100000,230000,230300],"parent":{"adcode":230300}}