{"children":[],"adcode":230303,"name":"恒山区","center":[130.910636,45.213242],"centroid":[130.913982,45.158084],"childrenNum":0,"level":"district","acroutes":[100000,230000,230300],"parent":{"adcode":230300}}