{"children":[],"adcode":230306,"name":"城子河区","center":[131.010501,45.338248],"centroid":[131.019558,45.377254],"childrenNum":0,"level":"district","acroutes":[100000,230000,230300],"parent":{"adcode":230300}}