{"children":[],"adcode":230307,"name":"麻山区","center":[130.481126,45.209607],"centroid":[130.541203,45.204504],"childrenNum":0,"level":"district","acroutes":[100000,230000,230300],"parent":{"adcode":230300}}