{"children":[],"adcode":230302,"name":"鸡冠区","center":[130.974374,45.30034],"centroid":[130.950185,45.288532],"childrenNum":0,"level":"district","acroutes":[100000,230000,230300],"parent":{"adcode":230300}}