{"children":[],"adcode":230321,"name":"鸡东县","center":[131.148907,45.250892],"centroid":[131.218803,45.265887],"childrenNum":0,"level":"district","acroutes":[100000,230000,230300],"parent":{"adcode":230300}}