{"children":[],"adcode":230382,"name":"密山市","center":[131.874137,45.54725],"centroid":[132.169979,45.463473],"childrenNum":0,"level":"district","acroutes":[100000,230000,230300],"parent":{"adcode":230300}}