{"children":[],"adcode":230421,"name":"萝北县","center":[130.829087,47.577577],"centroid":[130.57235,47.784893],"childrenNum":0,"level":"district","acroutes":[100000,230000,230400],"parent":{"adcode":230400}}