{"children":[],"adcode":230404,"name":"南山区","center":[130.275533,47.31324],"centroid":[130.287309,47.281452],"childrenNum":0,"level":"district","acroutes":[100000,230000,230400],"parent":{"adcode":230400}}