{"children":[],"adcode":230403,"name":"工农区","center":[130.276652,47.331678],"centroid":[130.266138,47.317975],"childrenNum":0,"level":"district","acroutes":[100000,230000,230400],"parent":{"adcode":230400}}