{"children":[],"adcode":230402,"name":"向阳区","center":[130.292478,47.345372],"centroid":[130.296455,47.339377],"childrenNum":0,"level":"district","acroutes":[100000,230000,230400],"parent":{"adcode":230400}}