{"children":[],"adcode":230422,"name":"绥滨县","center":[131.860526,47.289892],"centroid":[131.848743,47.477805],"childrenNum":0,"level":"district","acroutes":[100000,230000,230400],"parent":{"adcode":230400}}