{"children":[],"adcode":230406,"name":"东山区","center":[130.31714,47.337385],"centroid":[130.418188,47.251774],"childrenNum":0,"level":"district","acroutes":[100000,230000,230400],"parent":{"adcode":230400}}