{"children":[],"adcode":230405,"name":"兴安区","center":[130.236169,47.252911],"centroid":[130.150352,47.246092],"childrenNum":0,"level":"district","acroutes":[100000,230000,230400],"parent":{"adcode":230400}}