{"children":[],"adcode":230407,"name":"兴山区","center":[130.30534,47.35997],"centroid":[130.32132,47.387203],"childrenNum":0,"level":"district","acroutes":[100000,230000,230400],"parent":{"adcode":230400}}