{"children":[],"adcode":230522,"name":"友谊县","center":[131.810622,46.775159],"centroid":[131.849444,46.783439],"childrenNum":0,"level":"district","acroutes":[100000,230000,230500],"parent":{"adcode":230500}}