{"children":[],"adcode":230506,"name":"宝山区","center":[131.404294,46.573366],"centroid":[131.516921,46.525767],"childrenNum":0,"level":"district","acroutes":[100000,230000,230500],"parent":{"adcode":230500}}