{"children":[],"adcode":230503,"name":"岭东区","center":[131.163675,46.591076],"centroid":[131.193643,46.487647],"childrenNum":0,"level":"district","acroutes":[100000,230000,230500],"parent":{"adcode":230500}}