{"children":[],"adcode":230521,"name":"集贤县","center":[131.13933,46.72898],"centroid":[131.145553,46.815619],"childrenNum":0,"level":"district","acroutes":[100000,230000,230500],"parent":{"adcode":230500}}