{"children":[],"adcode":230502,"name":"尖山区","center":[131.15896,46.642961],"centroid":[131.171984,46.645541],"childrenNum":0,"level":"district","acroutes":[100000,230000,230500],"parent":{"adcode":230500}}