{"children":[],"adcode":230505,"name":"四方台区","center":[131.333181,46.594347],"centroid":[131.2822,46.673572],"childrenNum":0,"level":"district","acroutes":[100000,230000,230500],"parent":{"adcode":230500}}