{"children":[],"adcode":230524,"name":"饶河县","center":[134.021162,46.801288],"centroid":[133.79731,47.130859],"childrenNum":0,"level":"district","acroutes":[100000,230000,230500],"parent":{"adcode":230500}}