{"children":[],"adcode":230523,"name":"宝清县","center":[132.206415,46.328781],"centroid":[132.396406,46.404143],"childrenNum":0,"level":"district","acroutes":[100000,230000,230500],"parent":{"adcode":230500}}