{"children":[],"adcode":230603,"name":"龙凤区","center":[125.145794,46.573948],"centroid":[125.126676,46.525707],"childrenNum":0,"level":"district","acroutes":[100000,230000,230600],"parent":{"adcode":230600}}