{"children":[],"adcode":230605,"name":"红岗区","center":[124.889528,46.403049],"centroid":[124.882963,46.350759],"childrenNum":0,"level":"district","acroutes":[100000,230000,230600],"parent":{"adcode":230600}}