{"children":[],"adcode":230622,"name":"肇源县","center":[125.081974,45.518832],"centroid":[124.761625,45.642848],"childrenNum":0,"level":"district","acroutes":[100000,230000,230600],"parent":{"adcode":230600}}