{"children":[],"adcode":230623,"name":"林甸县","center":[124.877742,47.186411],"centroid":[124.898566,47.152984],"childrenNum":0,"level":"district","acroutes":[100000,230000,230600],"parent":{"adcode":230600}}