{"children":[],"adcode":230604,"name":"让胡路区","center":[124.868341,46.653254],"centroid":[124.778186,46.702338],"childrenNum":0,"level":"district","acroutes":[100000,230000,230600],"parent":{"adcode":230600}}