{"children":[],"adcode":230621,"name":"肇州县","center":[125.273254,45.708685],"centroid":[125.300039,45.835306],"childrenNum":0,"level":"district","acroutes":[100000,230000,230600],"parent":{"adcode":230600}}