{"children":[],"adcode":230606,"name":"大同区","center":[124.818509,46.034304],"centroid":[124.683351,46.07855],"childrenNum":0,"level":"district","acroutes":[100000,230000,230600],"parent":{"adcode":230600}}