{"children":[],"adcode":230602,"name":"萨尔图区","center":[125.114643,46.596356],"centroid":[125.061613,46.707789],"childrenNum":0,"level":"district","acroutes":[100000,230000,230600],"parent":{"adcode":230600}}