{"children":[],"adcode":230624,"name":"杜尔伯特蒙古族自治县","center":[124.446259,46.865973],"centroid":[124.237738,46.55838],"childrenNum":0,"level":"district","acroutes":[100000,230000,230600],"parent":{"adcode":230600}}