{"children":[],"adcode":230719,"name":"友好区","center":[128.84075,47.853778],"centroid":[128.66894,48.077392],"childrenNum":0,"level":"district","acroutes":[100000,230000,230700],"parent":{"adcode":230700}}