{"children":[],"adcode":230751,"name":"金林区","center":[129.429117,47.413074],"centroid":[129.543594,47.499335],"childrenNum":0,"level":"district","acroutes":[100000,230000,230700],"parent":{"adcode":230700}}