{"children":[],"adcode":230725,"name":"大箐山县","center":[129.020793,47.028397],"centroid":[128.925056,46.868408],"childrenNum":0,"level":"district","acroutes":[100000,230000,230700],"parent":{"adcode":230700}}