{"children":[],"adcode":230781,"name":"铁力市","center":[128.030561,46.985772],"centroid":[128.289584,46.919713],"childrenNum":0,"level":"district","acroutes":[100000,230000,230700],"parent":{"adcode":230700}}