{"children":[],"adcode":230726,"name":"南岔县","center":[129.28246,47.137314],"centroid":[129.381017,47.07615],"childrenNum":0,"level":"district","acroutes":[100000,230000,230700],"parent":{"adcode":230700}}