{"children":[],"adcode":230723,"name":"汤旺县","center":[129.571108,48.454651],"centroid":[129.461378,48.605304],"childrenNum":0,"level":"district","acroutes":[100000,230000,230700],"parent":{"adcode":230700}}