{"children":[],"adcode":230722,"name":"嘉荫县","center":[130.397684,48.891378],"centroid":[130.001867,48.764532],"childrenNum":0,"level":"district","acroutes":[100000,230000,230700],"parent":{"adcode":230700}}