{"children":[],"adcode":230718,"name":"乌翠区","center":[128.669859,47.726728],"centroid":[128.571433,47.632725],"childrenNum":0,"level":"district","acroutes":[100000,230000,230700],"parent":{"adcode":230700}}