{"children":[],"adcode":230724,"name":"丰林县","center":[129.5336,48.290455],"centroid":[129.376317,48.23738],"childrenNum":0,"level":"district","acroutes":[100000,230000,230700],"parent":{"adcode":230700}}