{"children":[],"adcode":230717,"name":"伊美区","center":[128.907303,47.728171],"centroid":[129.271167,47.757325],"childrenNum":0,"level":"district","acroutes":[100000,230000,230700],"parent":{"adcode":230700}}