{"children":[],"adcode":230804,"name":"前进区","center":[130.377684,46.812345],"centroid":[130.407338,46.775985],"childrenNum":0,"level":"district","acroutes":[100000,230000,230800],"parent":{"adcode":230800}}