{"children":[],"adcode":230826,"name":"桦川县","center":[130.723713,47.023039],"centroid":[130.948398,46.981601],"childrenNum":0,"level":"district","acroutes":[100000,230000,230800],"parent":{"adcode":230800}}