{"children":[],"adcode":230883,"name":"抚远市","center":[134.294501,48.364707],"centroid":[134.276606,47.966858],"childrenNum":0,"level":"district","acroutes":[100000,230000,230800],"parent":{"adcode":230800}}