{"children":[],"adcode":230828,"name":"汤原县","center":[129.904463,46.730048],"childrenNum":0,"level":"district","acroutes":[100000,230000,230800],"parent":{"adcode":230800}}