{"children":[],"adcode":230811,"name":"郊区","center":[130.351588,46.80712],"centroid":[130.268488,46.772211],"childrenNum":0,"level":"district","acroutes":[100000,230000,230800],"parent":{"adcode":230800}}