{"children":[],"adcode":230805,"name":"东风区","center":[130.403297,46.822476],"centroid":[130.446855,46.799941],"childrenNum":0,"level":"district","acroutes":[100000,230000,230800],"parent":{"adcode":230800}}