{"children":[],"adcode":230882,"name":"富锦市","center":[132.037951,47.250747],"centroid":[132.531211,47.164848],"childrenNum":0,"level":"district","acroutes":[100000,230000,230800],"parent":{"adcode":230800}}