{"children":[],"adcode":230881,"name":"同江市","center":[132.510119,47.651131],"centroid":[133.267156,47.828699],"childrenNum":0,"level":"district","acroutes":[100000,230000,230800],"parent":{"adcode":230800}}