{"children":[],"adcode":230822,"name":"桦南县","center":[130.570112,46.240118],"centroid":[130.709063,46.283451],"childrenNum":0,"level":"district","acroutes":[100000,230000,230800],"parent":{"adcode":230800}}