{"children":[],"adcode":230803,"name":"向阳区","center":[130.361786,46.809645],"centroid":[130.359814,46.818292],"childrenNum":0,"level":"district","acroutes":[100000,230000,230800],"parent":{"adcode":230800}}