{"children":[],"adcode":230921,"name":"勃利县","center":[130.575025,45.751573],"centroid":[130.489212,45.829924],"childrenNum":0,"level":"district","acroutes":[100000,230000,230900],"parent":{"adcode":230900}}