{"children":[],"adcode":230903,"name":"桃山区","center":[131.015848,45.771217],"centroid":[130.992785,45.758662],"childrenNum":0,"level":"district","acroutes":[100000,230000,230900],"parent":{"adcode":230900}}