{"children":[{"adcode":230902,"name":"新兴区","center":[130.889482,45.794258],"centroid":[131.162257,45.958252],"childrenNum":0,"level":"district","parent":{"adcode":230900},"subFeatureIndex":0,"acroutes":[100000,230000,230900]},{"adcode":230903,"name":"桃山区","center":[131.015848,45.771217],"centroid":[130.992785,45.758662],"childrenNum":0,"level":"district","parent":{"adcode":230900},"subFeatureIndex":1,"acroutes":[100000,230000,230900]},{"adcode":230904,"name":"茄子河区","center":[131.071561,45.776587],"centroid":[131.464111,45.887993],"childrenNum":0,"level":"district","parent":{"adcode":230900},"subFeatureIndex":2,"acroutes":[100000,230000,230900]},{"adcode":230921,"name":"勃利县","center":[130.575025,45.751573],"centroid":[130.489212,45.829924],"childrenNum":0,"level":"district","parent":{"adcode":230900},"subFeatureIndex":3,"acroutes":[100000,230000,230900]}],"adcode":230900,"name":"七台河市","center":[131.015584,45.771266],"centroid":[130.943937,45.881675],"childrenNum":4,"level":"city","acroutes":[100000,230000],"parent":{"adcode":230000}}