{"children":[],"adcode":230904,"name":"茄子河区","center":[131.071561,45.776587],"centroid":[131.464111,45.887993],"childrenNum":0,"level":"district","acroutes":[100000,230000,230900],"parent":{"adcode":230900}}