{"children":[],"adcode":230902,"name":"新兴区","center":[130.889482,45.794258],"centroid":[131.162257,45.958252],"childrenNum":0,"level":"district","acroutes":[100000,230000,230900],"parent":{"adcode":230900}}