{"children":[],"adcode":231003,"name":"阳明区","center":[129.634645,44.596328],"centroid":[129.874721,44.660181],"childrenNum":0,"level":"district","acroutes":[100000,230000,231000],"parent":{"adcode":231000}}