{"children":[],"adcode":231085,"name":"穆棱市","center":[130.527085,44.91967],"centroid":[130.421978,44.570685],"childrenNum":0,"level":"district","acroutes":[100000,230000,231000],"parent":{"adcode":231000}}