{"children":[],"adcode":231081,"name":"绥芬河市","center":[131.164856,44.396864],"centroid":[131.095149,44.401989],"childrenNum":0,"level":"district","acroutes":[100000,230000,231000],"parent":{"adcode":231000}}