{"children":[],"adcode":231002,"name":"东安区","center":[129.623292,44.582399],"centroid":[129.834861,44.385592],"childrenNum":0,"level":"district","acroutes":[100000,230000,231000],"parent":{"adcode":231000}}