{"children":[],"adcode":231005,"name":"西安区","center":[129.61311,44.581032],"centroid":[129.533997,44.490417],"childrenNum":0,"level":"district","acroutes":[100000,230000,231000],"parent":{"adcode":231000}}