{"children":[],"adcode":231004,"name":"爱民区","center":[129.601232,44.595443],"centroid":[129.514243,44.708453],"childrenNum":0,"level":"district","acroutes":[100000,230000,231000],"parent":{"adcode":231000}}