{"children":[],"adcode":231086,"name":"东宁市","center":[131.125296,44.063578],"centroid":[130.840358,44.021379],"childrenNum":0,"level":"district","acroutes":[100000,230000,231000],"parent":{"adcode":231000}}