{"children":[],"adcode":231084,"name":"宁安市","center":[129.470019,44.346836],"centroid":[129.210232,44.053833],"childrenNum":0,"level":"district","acroutes":[100000,230000,231000],"parent":{"adcode":231000}}