{"children":[],"adcode":231025,"name":"林口县","center":[130.268402,45.286645],"centroid":[130.032332,45.44],"childrenNum":0,"level":"district","acroutes":[100000,230000,231000],"parent":{"adcode":231000}}