{"children":[],"adcode":231083,"name":"海林市","center":[129.387902,44.574149],"centroid":[129.218049,44.908403],"childrenNum":0,"level":"district","acroutes":[100000,230000,231000],"parent":{"adcode":231000}}