{"children":[],"adcode":231123,"name":"逊克县","center":[128.476152,49.582974],"centroid":[128.612059,49.036567],"childrenNum":0,"level":"district","acroutes":[100000,230000,231100],"parent":{"adcode":231100}}