{"children":[],"adcode":231182,"name":"五大连池市","center":[126.197694,48.512688],"centroid":[127.185552,48.685818],"childrenNum":0,"level":"district","acroutes":[100000,230000,231100],"parent":{"adcode":231100}}