{"children":[],"adcode":231102,"name":"爱辉区","center":[127.497639,50.249027],"centroid":[126.733255,50.225369],"childrenNum":0,"level":"district","acroutes":[100000,230000,231100],"parent":{"adcode":231100}}