{"children":[],"adcode":231183,"name":"嫩江市","center":[125.229904,49.177461],"centroid":[125.76615,49.604607],"childrenNum":0,"level":"district","acroutes":[100000,230000,231100],"parent":{"adcode":231100}}