{"children":[],"adcode":231124,"name":"孙吴县","center":[127.327315,49.423941],"centroid":[127.326919,49.397597],"childrenNum":0,"level":"district","acroutes":[100000,230000,231100],"parent":{"adcode":231100}}