{"children":[],"adcode":231181,"name":"北安市","center":[126.508737,48.245437],"centroid":[127.106492,48.110797],"childrenNum":0,"level":"district","acroutes":[100000,230000,231100],"parent":{"adcode":231100}}