{"children":[],"adcode":231224,"name":"庆安县","center":[127.510024,46.879203],"childrenNum":0,"level":"district","acroutes":[100000,230000,231200],"parent":{"adcode":231200}}