{"children":[],"adcode":231225,"name":"明水县","center":[125.907544,47.183527],"centroid":[125.834688,47.195074],"childrenNum":0,"level":"district","acroutes":[100000,230000,231200],"parent":{"adcode":231200}}