{"children":[],"adcode":231226,"name":"绥棱县","center":[127.111121,47.247195],"centroid":[127.716712,47.579065],"childrenNum":0,"level":"district","acroutes":[100000,230000,231200],"parent":{"adcode":231200}}