{"children":[],"adcode":231222,"name":"兰西县","center":[126.289315,46.259037],"centroid":[126.207342,46.35243],"childrenNum":0,"level":"district","acroutes":[100000,230000,231200],"parent":{"adcode":231200}}