{"children":[],"adcode":231202,"name":"北林区","center":[126.990665,46.634912],"centroid":[126.950889,46.741733],"childrenNum":0,"level":"district","acroutes":[100000,230000,231200],"parent":{"adcode":231200}}