{"children":[],"adcode":231223,"name":"青冈县","center":[126.112268,46.686596],"centroid":[125.949701,46.840916],"childrenNum":0,"level":"district","acroutes":[100000,230000,231200],"parent":{"adcode":231200}}