{"children":[],"adcode":231282,"name":"肇东市","center":[125.991402,46.069471],"centroid":[125.842965,46.004307],"childrenNum":0,"level":"district","acroutes":[100000,230000,231200],"parent":{"adcode":231200}}