{"children":[],"adcode":231281,"name":"安达市","center":[125.329926,46.410614],"centroid":[125.378423,46.529838],"childrenNum":0,"level":"district","acroutes":[100000,230000,231200],"parent":{"adcode":231200}}