{"children":[],"adcode":231283,"name":"海伦市","center":[126.969383,47.460428],"centroid":[126.885178,47.438796],"childrenNum":0,"level":"district","acroutes":[100000,230000,231200],"parent":{"adcode":231200}}