{"children":[],"adcode":231221,"name":"望奎县","center":[126.484191,46.83352],"centroid":[126.58614,46.863437],"childrenNum":0,"level":"district","acroutes":[100000,230000,231200],"parent":{"adcode":231200}}