{"children":[],"adcode":232701,"name":"漠河市","center":[122.536256,52.972074],"centroid":[122.708322,52.939967],"childrenNum":0,"level":"district","acroutes":[100000,230000,232700],"parent":{"adcode":232700}}