{"children":[],"adcode":232722,"name":"塔河县","center":[124.710516,52.335229],"centroid":[124.63412,52.711298],"childrenNum":0,"level":"district","acroutes":[100000,230000,232700],"parent":{"adcode":232700}}