{"children":[],"adcode":232718,"name":"加格达奇区","center":[124.126716,50.424654],"centroid":[124.138005,50.375673],"childrenNum":0,"level":"district","acroutes":[100000,230000,232700],"parent":{"adcode":232700}}