{"children":[],"adcode":232721,"name":"呼玛县","center":[126.662105,51.726998],"centroid":[124.905528,51.806434],"childrenNum":0,"level":"district","acroutes":[100000,230000,232700],"parent":{"adcode":232700}}