{"children":[{"adcode":232701,"name":"漠河市","center":[122.536256,52.972074],"centroid":[122.708322,52.939967],"childrenNum":0,"level":"district","parent":{"adcode":232700},"subFeatureIndex":0,"acroutes":[100000,230000,232700]},{"adcode":232718,"name":"加格达奇区","center":[124.126716,50.424654],"centroid":[124.138005,50.375673],"childrenNum":0,"level":"district","parent":{"adcode":232700},"subFeatureIndex":1,"acroutes":[100000,230000,232700]},{"adcode":232721,"name":"呼玛县","center":[126.662105,51.726998],"centroid":[124.905528,51.806434],"childrenNum":0,"level":"district","parent":{"adcode":232700},"subFeatureIndex":2,"acroutes":[100000,230000,232700]},{"adcode":232722,"name":"塔河县","center":[124.710516,52.335229],"centroid":[124.63412,52.711298],"childrenNum":0,"level":"district","parent":{"adcode":232700},"subFeatureIndex":3,"acroutes":[100000,230000,232700]}],"adcode":232700,"name":"大兴安岭地区","center":[124.711526,52.335262],"centroid":[124.201147,52.341079],"childrenNum":4,"level":"city","acroutes":[100000,230000],"parent":{"adcode":230000}}