{"children":[],"adcode":310151,"name":"崇明区","center":[121.397516,31.626946],"centroid":[121.568484,31.635916],"childrenNum":0,"level":"district","acroutes":[100000,310000],"parent":{"adcode":310000}}