{"children":[],"adcode":310113,"name":"宝山区","center":[121.489934,31.398896],"centroid":[121.404861,31.392111],"childrenNum":0,"level":"district","acroutes":[100000,310000],"parent":{"adcode":310000}}