{"children":[],"adcode":310116,"name":"金山区","center":[121.330736,30.724697],"centroid":[121.255144,30.818932],"childrenNum":0,"level":"district","acroutes":[100000,310000],"parent":{"adcode":310000}}