{"children":[],"adcode":310110,"name":"杨浦区","center":[121.522797,31.270755],"centroid":[121.529302,31.29835],"childrenNum":0,"level":"district","acroutes":[100000,310000],"parent":{"adcode":310000}}