{"children":[],"adcode":310117,"name":"松江区","center":[121.223543,31.03047],"centroid":[121.220231,31.015194],"childrenNum":0,"level":"district","acroutes":[100000,310000],"parent":{"adcode":310000}}