{"children":[],"adcode":310101,"name":"黄浦区","center":[121.490317,31.222771],"centroid":[121.483572,31.215946],"childrenNum":0,"level":"district","acroutes":[100000,310000],"parent":{"adcode":310000}}