{"children":[],"adcode":310104,"name":"徐汇区","center":[121.43752,31.179973],"centroid":[121.439405,31.162992],"childrenNum":0,"level":"district","acroutes":[100000,310000],"parent":{"adcode":310000}}