{"children":[],"adcode":310106,"name":"静安区","center":[121.448224,31.229003],"centroid":[121.450659,31.270821],"childrenNum":0,"level":"district","acroutes":[100000,310000],"parent":{"adcode":310000}}