{"children":[],"adcode":310114,"name":"嘉定区","center":[121.250333,31.383524],"centroid":[121.24439,31.358138],"childrenNum":0,"level":"district","acroutes":[100000,310000],"parent":{"adcode":310000}}