{"children":[],"adcode":310107,"name":"普陀区","center":[121.392499,31.241701],"centroid":[121.392042,31.257895],"childrenNum":0,"level":"district","acroutes":[100000,310000],"parent":{"adcode":310000}}