{"children":[],"adcode":310109,"name":"虹口区","center":[121.491832,31.26097],"centroid":[121.485443,31.276649],"childrenNum":0,"level":"district","acroutes":[100000,310000],"parent":{"adcode":310000}}