{"children":[],"adcode":310118,"name":"青浦区","center":[121.113021,31.151209],"centroid":[121.085188,31.124681],"childrenNum":0,"level":"district","acroutes":[100000,310000],"parent":{"adcode":310000}}