{"children":[],"adcode":310105,"name":"长宁区","center":[121.4222,31.218123],"centroid":[121.380949,31.20737],"childrenNum":0,"level":"district","acroutes":[100000,310000],"parent":{"adcode":310000}}