{"children":[],"adcode":310115,"name":"浦东新区","center":[121.567706,31.245944],"centroid":[121.742177,31.083823],"childrenNum":0,"level":"district","acroutes":[100000,310000],"parent":{"adcode":310000}}