{"children":[],"adcode":310112,"name":"闵行区","center":[121.375972,31.111658],"centroid":[121.418901,31.087213],"childrenNum":0,"level":"district","acroutes":[100000,310000],"parent":{"adcode":310000}}