{"children":[],"adcode":310120,"name":"奉贤区","center":[121.458472,30.912345],"centroid":[121.56251,30.897998],"childrenNum":0,"level":"district","acroutes":[100000,310000],"parent":{"adcode":310000}}