{"children":[],"adcode":320113,"name":"栖霞区","center":[118.808702,32.102147],"centroid":[118.958759,32.159333],"childrenNum":0,"level":"district","acroutes":[100000,320000,320100],"parent":{"adcode":320100}}