{"children":[],"adcode":320115,"name":"江宁区","center":[118.850621,31.953418],"centroid":[118.830792,31.85463],"childrenNum":0,"level":"district","acroutes":[100000,320000,320100],"parent":{"adcode":320100}}