{"children":[],"adcode":320117,"name":"溧水区","center":[119.028732,31.653061],"centroid":[119.033054,31.591332],"childrenNum":0,"level":"district","acroutes":[100000,320000,320100],"parent":{"adcode":320100}}