{"children":[],"adcode":320105,"name":"建邺区","center":[118.732688,32.004538],"centroid":[118.710435,32.009393],"childrenNum":0,"level":"district","acroutes":[100000,320000,320100],"parent":{"adcode":320100}}