{"children":[],"adcode":320114,"name":"雨花台区","center":[118.77207,31.995946],"centroid":[118.694503,31.938238],"childrenNum":0,"level":"district","acroutes":[100000,320000,320100],"parent":{"adcode":320100}}