{"children":[],"adcode":320118,"name":"高淳区","center":[118.87589,31.327132],"centroid":[118.966446,31.330188],"childrenNum":0,"level":"district","acroutes":[100000,320000,320100],"parent":{"adcode":320100}}