{"children":[],"adcode":320104,"name":"秦淮区","center":[118.786088,32.033818],"centroid":[118.816938,32.01241],"childrenNum":0,"level":"district","acroutes":[100000,320000,320100],"parent":{"adcode":320100}}