{"children":[],"adcode":320116,"name":"六合区","center":[118.85065,32.340655],"centroid":[118.841561,32.394058],"childrenNum":0,"level":"district","acroutes":[100000,320000,320100],"parent":{"adcode":320100}}