{"children":[],"adcode":320106,"name":"鼓楼区","center":[118.769739,32.066966],"centroid":[118.760828,32.082331],"childrenNum":0,"level":"district","acroutes":[100000,320000,320100],"parent":{"adcode":320100}}