{"children":[],"adcode":320111,"name":"浦口区","center":[118.625307,32.05839],"centroid":[118.563239,32.053249],"childrenNum":0,"level":"district","acroutes":[100000,320000,320100],"parent":{"adcode":320100}}