{"children":[],"adcode":320102,"name":"玄武区","center":[118.792199,32.050678],"centroid":[118.842824,32.065088],"childrenNum":0,"level":"district","acroutes":[100000,320000,320100],"parent":{"adcode":320100}}