{"children":[],"adcode":320214,"name":"新吴区","center":[120.352782,31.550966],"centroid":[120.429487,31.506686],"childrenNum":0,"level":"district","acroutes":[100000,320000,320200],"parent":{"adcode":320200}}