{"children":[],"adcode":320205,"name":"锡山区","center":[120.357298,31.585559],"centroid":[120.482864,31.624824],"childrenNum":0,"level":"district","acroutes":[100000,320000,320200],"parent":{"adcode":320200}}