{"children":[],"adcode":320206,"name":"惠山区","center":[120.303543,31.681019],"centroid":[120.210639,31.65177],"childrenNum":0,"level":"district","acroutes":[100000,320000,320200],"parent":{"adcode":320200}}