{"children":[],"adcode":320211,"name":"滨湖区","center":[120.266053,31.550228],"centroid":[120.196869,31.446922],"childrenNum":0,"level":"district","acroutes":[100000,320000,320200],"parent":{"adcode":320200}}