{"children":[],"adcode":320213,"name":"梁溪区","center":[120.296595,31.575706],"centroid":[120.299797,31.580629],"childrenNum":0,"level":"district","acroutes":[100000,320000,320200],"parent":{"adcode":320200}}