{"children":[],"adcode":320282,"name":"宜兴市","center":[119.820538,31.364384],"centroid":[119.787423,31.352315],"childrenNum":0,"level":"district","acroutes":[100000,320000,320200],"parent":{"adcode":320200}}