{"children":[],"adcode":320281,"name":"江阴市","center":[120.275891,31.910984],"centroid":[120.30383,31.832235],"childrenNum":0,"level":"district","acroutes":[100000,320000,320200],"parent":{"adcode":320200}}