{"children":[],"adcode":320324,"name":"睢宁县","center":[117.95066,33.899222],"centroid":[117.883874,33.940583],"childrenNum":0,"level":"district","acroutes":[100000,320000,320300],"parent":{"adcode":320300}}