{"children":[],"adcode":320321,"name":"丰县","center":[116.592888,34.696946],"centroid":[116.609115,34.689993],"childrenNum":0,"level":"district","acroutes":[100000,320000,320300],"parent":{"adcode":320300}}