{"children":[],"adcode":320302,"name":"鼓楼区","center":[117.192941,34.269397],"centroid":[117.140874,34.308857],"childrenNum":0,"level":"district","acroutes":[100000,320000,320300],"parent":{"adcode":320300}}