{"children":[],"adcode":320303,"name":"云龙区","center":[117.194589,34.254805],"centroid":[117.269232,34.212042],"childrenNum":0,"level":"district","acroutes":[100000,320000,320300],"parent":{"adcode":320300}}