{"children":[],"adcode":320322,"name":"沛县","center":[116.937182,34.729044],"centroid":[116.89743,34.695157],"childrenNum":0,"level":"district","acroutes":[100000,320000,320300],"parent":{"adcode":320300}}