{"children":[],"adcode":320305,"name":"贾汪区","center":[117.450212,34.441642],"centroid":[117.466549,34.383225],"childrenNum":0,"level":"district","acroutes":[100000,320000,320300],"parent":{"adcode":320300}}