{"children":[],"adcode":320382,"name":"邳州市","center":[117.963923,34.314708],"centroid":[117.894633,34.394653],"childrenNum":0,"level":"district","acroutes":[100000,320000,320300],"parent":{"adcode":320300}}