{"children":[],"adcode":320312,"name":"铜山区","center":[117.183894,34.19288],"childrenNum":0,"level":"district","acroutes":[100000,320000,320300],"parent":{"adcode":320300}}