{"children":[],"adcode":320381,"name":"新沂市","center":[118.345828,34.368779],"centroid":[118.340051,34.280354],"childrenNum":0,"level":"district","acroutes":[100000,320000,320300],"parent":{"adcode":320300}}