{"children":[],"adcode":320311,"name":"泉山区","center":[117.182225,34.262249],"centroid":[117.14344,34.263318],"childrenNum":0,"level":"district","acroutes":[100000,320000,320300],"parent":{"adcode":320300}}