{"children":[],"adcode":320402,"name":"天宁区","center":[119.963783,31.779632],"centroid":[120.060044,31.801986],"childrenNum":0,"level":"district","acroutes":[100000,320000,320400],"parent":{"adcode":320400}}