{"children":[],"adcode":320481,"name":"溧阳市","center":[119.487816,31.427081],"centroid":[119.376273,31.419784],"childrenNum":0,"level":"district","acroutes":[100000,320000,320400],"parent":{"adcode":320400}}