{"children":[],"adcode":320412,"name":"武进区","center":[119.958773,31.718566],"centroid":[119.940922,31.638712],"childrenNum":0,"level":"district","acroutes":[100000,320000,320400],"parent":{"adcode":320400}}