{"children":[],"adcode":320411,"name":"新北区","center":[119.974654,31.824664],"centroid":[119.886314,31.924334],"childrenNum":0,"level":"district","acroutes":[100000,320000,320400],"parent":{"adcode":320400}}