{"children":[],"adcode":320404,"name":"钟楼区","center":[119.948388,31.78096],"centroid":[119.858011,31.787817],"childrenNum":0,"level":"district","acroutes":[100000,320000,320400],"parent":{"adcode":320400}}