{"children":[],"adcode":320413,"name":"金坛区","center":[119.573395,31.744399],"centroid":[119.509004,31.717248],"childrenNum":0,"level":"district","acroutes":[100000,320000,320400],"parent":{"adcode":320400}}