{"children":[],"adcode":320508,"name":"姑苏区","center":[120.622249,31.311414],"centroid":[120.597994,31.318955],"childrenNum":0,"level":"district","acroutes":[100000,320000,320500],"parent":{"adcode":320500}}