{"children":[],"adcode":320506,"name":"吴中区","center":[120.624621,31.270839],"centroid":[120.369662,31.164625],"childrenNum":0,"level":"district","acroutes":[100000,320000,320500],"parent":{"adcode":320500}}