{"children":[],"adcode":320509,"name":"吴江区","center":[120.641601,31.160404],"centroid":[120.63197,31.008452],"childrenNum":0,"level":"district","acroutes":[100000,320000,320500],"parent":{"adcode":320500}}