{"children":[],"adcode":320582,"name":"张家港市","center":[120.543441,31.865553],"centroid":[120.62796,31.903366],"childrenNum":0,"level":"district","acroutes":[100000,320000,320500],"parent":{"adcode":320500}}