{"children":[],"adcode":320507,"name":"相城区","center":[120.618956,31.396684],"centroid":[120.631082,31.44481],"childrenNum":0,"level":"district","acroutes":[100000,320000,320500],"parent":{"adcode":320500}}