{"children":[],"adcode":320583,"name":"昆山市","center":[120.958137,31.381925],"centroid":[120.959322,31.32247],"childrenNum":0,"level":"district","acroutes":[100000,320000,320500],"parent":{"adcode":320500}}