{"children":[],"adcode":320581,"name":"常熟市","center":[120.74852,31.658156],"centroid":[120.822992,31.658797],"childrenNum":0,"level":"district","acroutes":[100000,320000,320500],"parent":{"adcode":320500}}