{"children":[],"adcode":320585,"name":"太仓市","center":[121.112275,31.452568],"centroid":[121.151577,31.569315],"childrenNum":0,"level":"district","acroutes":[100000,320000,320500],"parent":{"adcode":320500}}