{"children":[],"adcode":320505,"name":"虎丘区","center":[120.566833,31.294845],"centroid":[120.41453,31.342948],"childrenNum":0,"level":"district","acroutes":[100000,320000,320500],"parent":{"adcode":320500}}