{"children":[],"adcode":320623,"name":"如东县","center":[121.186088,32.311832],"centroid":[121.090594,32.387351],"childrenNum":0,"level":"district","acroutes":[100000,320000,320600],"parent":{"adcode":320600}}