{"children":[],"adcode":320682,"name":"如皋市","center":[120.566324,32.391591],"centroid":[120.57346,32.268376],"childrenNum":0,"level":"district","acroutes":[100000,320000,320600],"parent":{"adcode":320600}}