{"children":[],"adcode":320612,"name":"通州区","center":[121.073171,32.084287],"centroid":[121.05163,32.113882],"childrenNum":0,"level":"district","acroutes":[100000,320000,320600],"parent":{"adcode":320600}}