{"children":[],"adcode":320685,"name":"海安市","center":[120.465995,32.540288],"centroid":[120.478737,32.550035],"childrenNum":0,"level":"district","acroutes":[100000,320000,320600],"parent":{"adcode":320600}}