{"children":[],"adcode":320684,"name":"海门区","center":[121.176609,31.893528],"centroid":[121.310107,31.954154],"childrenNum":0,"level":"district","acroutes":[100000,320000,320600],"parent":{"adcode":320600}}