{"children":[],"adcode":320602,"name":"崇川区","center":[120.86635,32.015278],"centroid":[120.903839,31.951963],"childrenNum":0,"level":"district","acroutes":[100000,320000,320600],"parent":{"adcode":320600}}