{"children":[],"adcode":320681,"name":"启东市","center":[121.659724,31.810158],"centroid":[121.703672,31.854981],"childrenNum":0,"level":"district","acroutes":[100000,320000,320600],"parent":{"adcode":320600}}