{"children":[],"adcode":320724,"name":"灌南县","center":[119.352331,34.092553],"centroid":[119.441723,34.170652],"childrenNum":0,"level":"district","acroutes":[100000,320000,320700],"parent":{"adcode":320700}}