{"children":[],"adcode":320722,"name":"东海县","center":[118.766489,34.522859],"centroid":[118.755997,34.543718],"childrenNum":0,"level":"district","acroutes":[100000,320000,320700],"parent":{"adcode":320700}}