{"children":[],"adcode":320703,"name":"连云区","center":[119.366487,34.739529],"centroid":[119.426577,34.621139],"childrenNum":0,"level":"district","acroutes":[100000,320000,320700],"parent":{"adcode":320700}}