{"children":[],"adcode":320707,"name":"赣榆区","center":[119.128774,34.839154],"centroid":[119.041558,34.885752],"childrenNum":0,"level":"district","acroutes":[100000,320000,320700],"parent":{"adcode":320700}}