{"children":[],"adcode":320706,"name":"海州区","center":[119.179793,34.601584],"centroid":[119.184014,34.578497],"childrenNum":0,"level":"district","acroutes":[100000,320000,320700],"parent":{"adcode":320700}}