{"children":[],"adcode":320723,"name":"灌云县","center":[119.255741,34.298436],"centroid":[119.400134,34.369477],"childrenNum":0,"level":"district","acroutes":[100000,320000,320700],"parent":{"adcode":320700}}