{"children":[],"adcode":320826,"name":"涟水县","center":[119.266078,33.771308],"centroid":[119.318281,33.87815],"childrenNum":0,"level":"district","acroutes":[100000,320000,320800],"parent":{"adcode":320800}}