{"children":[],"adcode":320831,"name":"金湖县","center":[119.016936,33.018162],"centroid":[119.143235,33.01289],"childrenNum":0,"level":"district","acroutes":[100000,320000,320800],"parent":{"adcode":320800}}