{"children":[],"adcode":320830,"name":"盱眙县","center":[118.493823,33.00439],"centroid":[118.529482,32.965217],"childrenNum":0,"level":"district","acroutes":[100000,320000,320800],"parent":{"adcode":320800}}