{"children":[],"adcode":320813,"name":"洪泽区","center":[118.867875,33.294975],"centroid":[118.821527,33.22903],"childrenNum":0,"level":"district","acroutes":[100000,320000,320800],"parent":{"adcode":320800}}