{"children":[],"adcode":320812,"name":"清江浦区","center":[119.019454,33.603234],"centroid":[119.050365,33.51999],"childrenNum":0,"level":"district","acroutes":[100000,320000,320800],"parent":{"adcode":320800}}