{"children":[],"adcode":320804,"name":"淮阴区","center":[119.020817,33.622452],"centroid":[118.92878,33.658585],"childrenNum":0,"level":"district","acroutes":[100000,320000,320800],"parent":{"adcode":320800}}