{"children":[],"adcode":320803,"name":"淮安区","center":[119.14634,33.507499],"centroid":[119.296558,33.497502],"childrenNum":0,"level":"district","acroutes":[100000,320000,320800],"parent":{"adcode":320800}}