{"children":[],"adcode":320924,"name":"射阳县","center":[120.257444,33.773779],"centroid":[120.263419,33.771643],"childrenNum":0,"level":"district","acroutes":[100000,320000,320900],"parent":{"adcode":320900}}