{"children":[],"adcode":320902,"name":"亭湖区","center":[120.136078,33.383912],"centroid":[120.279589,33.421108],"childrenNum":0,"level":"district","acroutes":[100000,320000,320900],"parent":{"adcode":320900}}