{"children":[],"adcode":320923,"name":"阜宁县","center":[119.805338,33.78573],"centroid":[119.698443,33.70612],"childrenNum":0,"level":"district","acroutes":[100000,320000,320900],"parent":{"adcode":320900}}