{"children":[],"adcode":320922,"name":"滨海县","center":[119.828434,33.989888],"centroid":[120.030946,34.093414],"childrenNum":0,"level":"district","acroutes":[100000,320000,320900],"parent":{"adcode":320900}}