{"children":[],"adcode":320904,"name":"大丰区","center":[120.470324,33.199531],"centroid":[120.568117,33.197825],"childrenNum":0,"level":"district","acroutes":[100000,320000,320900],"parent":{"adcode":320900}}