{"children":[],"adcode":320921,"name":"响水县","center":[119.579573,34.19996],"centroid":[119.796249,34.233091],"childrenNum":0,"level":"district","acroutes":[100000,320000,320900],"parent":{"adcode":320900}}