{"children":[],"adcode":320981,"name":"东台市","center":[120.314101,32.853174],"centroid":[120.597085,32.789151],"childrenNum":0,"level":"district","acroutes":[100000,320000,320900],"parent":{"adcode":320900}}