{"children":[],"adcode":320903,"name":"盐都区","center":[120.139753,33.341288],"centroid":[119.965496,33.263427],"childrenNum":0,"level":"district","acroutes":[100000,320000,320900],"parent":{"adcode":320900}}