{"children":[],"adcode":320925,"name":"建湖县","center":[119.793105,33.472621],"centroid":[119.829827,33.48285],"childrenNum":0,"level":"district","acroutes":[100000,320000,320900],"parent":{"adcode":320900}}