{"children":[],"adcode":321002,"name":"广陵区","center":[119.442267,32.392154],"centroid":[119.555537,32.342717],"childrenNum":0,"level":"district","acroutes":[100000,320000,321000],"parent":{"adcode":321000}}