{"children":[],"adcode":321012,"name":"江都区","center":[119.567481,32.426564],"centroid":[119.694782,32.534162],"childrenNum":0,"level":"district","acroutes":[100000,320000,321000],"parent":{"adcode":321000}}