{"children":[],"adcode":321081,"name":"仪征市","center":[119.182443,32.271965],"centroid":[119.194524,32.386333],"childrenNum":0,"level":"district","acroutes":[100000,320000,321000],"parent":{"adcode":321000}}