{"children":[],"adcode":321003,"name":"邗江区","center":[119.397777,32.377899],"centroid":[119.39592,32.456894],"childrenNum":0,"level":"district","acroutes":[100000,320000,321000],"parent":{"adcode":321000}}