{"children":[],"adcode":321084,"name":"高邮市","center":[119.443842,32.785164],"centroid":[119.503615,32.828795],"childrenNum":0,"level":"district","acroutes":[100000,320000,321000],"parent":{"adcode":321000}}