{"children":[],"adcode":321023,"name":"宝应县","center":[119.321284,33.23694],"centroid":[119.449271,33.218676],"childrenNum":0,"level":"district","acroutes":[100000,320000,321000],"parent":{"adcode":321000}}