{"children":[],"adcode":321111,"name":"润州区","center":[119.414877,32.213501],"centroid":[119.421007,32.188365],"childrenNum":0,"level":"district","acroutes":[100000,320000,321100],"parent":{"adcode":321100}}