{"children":[],"adcode":321181,"name":"丹阳市","center":[119.581911,31.991459],"centroid":[119.637651,31.954722],"childrenNum":0,"level":"district","acroutes":[100000,320000,321100],"parent":{"adcode":321100}}