{"children":[],"adcode":321183,"name":"句容市","center":[119.167135,31.947355],"centroid":[119.20068,31.92635],"childrenNum":0,"level":"district","acroutes":[100000,320000,321100],"parent":{"adcode":321100}}