{"children":[],"adcode":321182,"name":"扬中市","center":[119.828054,32.237266],"centroid":[119.837483,32.184036],"childrenNum":0,"level":"district","acroutes":[100000,320000,321100],"parent":{"adcode":321100}}