{"children":[],"adcode":321112,"name":"丹徒区","center":[119.433883,32.128972],"centroid":[119.413302,32.074613],"childrenNum":0,"level":"district","acroutes":[100000,320000,321100],"parent":{"adcode":321100}}