{"children":[],"adcode":321102,"name":"京口区","center":[119.454571,32.206191],"centroid":[119.636307,32.184713],"childrenNum":0,"level":"district","acroutes":[100000,320000,321100],"parent":{"adcode":321100}}