{"children":[],"adcode":321203,"name":"高港区","center":[119.88166,32.315701],"centroid":[119.944706,32.320698],"childrenNum":0,"level":"district","acroutes":[100000,320000,321200],"parent":{"adcode":321200}}