{"children":[],"adcode":321202,"name":"海陵区","center":[119.920187,32.488406],"centroid":[119.916381,32.509368],"childrenNum":0,"level":"district","acroutes":[100000,320000,321200],"parent":{"adcode":321200}}