{"children":[],"adcode":321283,"name":"泰兴市","center":[120.020228,32.168784],"centroid":[120.134155,32.199947],"childrenNum":0,"level":"district","acroutes":[100000,320000,321200],"parent":{"adcode":321200}}