{"children":[],"adcode":321281,"name":"兴化市","center":[119.840162,32.938065],"centroid":[119.989627,32.955393],"childrenNum":0,"level":"district","acroutes":[100000,320000,321200],"parent":{"adcode":321200}}