{"children":[],"adcode":321204,"name":"姜堰区","center":[120.148208,32.508483],"centroid":[120.115832,32.515906],"childrenNum":0,"level":"district","acroutes":[100000,320000,321200],"parent":{"adcode":321200}}