{"children":[],"adcode":321282,"name":"靖江市","center":[120.26825,32.018168],"centroid":[120.266754,32.033953],"childrenNum":0,"level":"district","acroutes":[100000,320000,321200],"parent":{"adcode":321200}}