{"children":[],"adcode":321322,"name":"沭阳县","center":[118.775889,34.129097],"centroid":[118.851378,34.148541],"childrenNum":0,"level":"district","acroutes":[100000,320000,321300],"parent":{"adcode":321300}}