{"children":[],"adcode":321324,"name":"泗洪县","center":[118.211824,33.456538],"centroid":[118.304816,33.410321],"childrenNum":0,"level":"district","acroutes":[100000,320000,321300],"parent":{"adcode":321300}}