{"children":[],"adcode":321311,"name":"宿豫区","center":[118.330012,33.941071],"centroid":[118.35885,34.003053],"childrenNum":0,"level":"district","acroutes":[100000,320000,321300],"parent":{"adcode":321300}}