{"children":[],"adcode":321323,"name":"泗阳县","center":[118.681284,33.711433],"centroid":[118.691835,33.70187],"childrenNum":0,"level":"district","acroutes":[100000,320000,321300],"parent":{"adcode":321300}}