{"children":[],"adcode":321302,"name":"宿城区","center":[118.278984,33.937726],"centroid":[118.32937,33.80374],"childrenNum":0,"level":"district","acroutes":[100000,320000,321300],"parent":{"adcode":321300}}