{"children":[],"adcode":330108,"name":"滨江区","center":[120.21062,30.206615],"centroid":[120.185306,30.18046],"childrenNum":0,"level":"district","acroutes":[100000,330000,330100],"parent":{"adcode":330100}}