{"children":[],"adcode":330127,"name":"淳安县","center":[119.044276,29.604177],"centroid":[118.889354,29.608818],"childrenNum":0,"level":"district","acroutes":[100000,330000,330100],"parent":{"adcode":330100}}