{"children":[],"adcode":330110,"name":"余杭区","center":[119.978959,30.27365],"centroid":[119.914653,30.36723],"childrenNum":0,"level":"district","acroutes":[100000,330000,330100],"parent":{"adcode":330100}}