{"children":[],"adcode":330114,"name":"钱塘区","center":[120.493972,30.322904],"centroid":[120.525025,30.315277],"childrenNum":0,"level":"district","acroutes":[100000,330000,330100],"parent":{"adcode":330100}}