{"children":[],"adcode":330112,"name":"临安区","center":[119.715101,30.231153],"centroid":[119.343995,30.201854],"childrenNum":0,"level":"district","acroutes":[100000,330000,330100],"parent":{"adcode":330100}}