{"children":[],"adcode":330109,"name":"萧山区","center":[120.27069,30.162932],"childrenNum":0,"level":"district","acroutes":[100000,330000,330100],"parent":{"adcode":330100}}