{"children":[],"adcode":330111,"name":"富阳区","center":[119.949869,30.049871],"centroid":[119.839599,29.995217],"childrenNum":0,"level":"district","acroutes":[100000,330000,330100],"parent":{"adcode":330100}}