{"children":[],"adcode":330122,"name":"桐庐县","center":[119.685045,29.797437],"centroid":[119.553936,29.830649],"childrenNum":0,"level":"district","acroutes":[100000,330000,330100],"parent":{"adcode":330100}}