{"children":[],"adcode":330113,"name":"临平区","center":[120.299376,30.419025],"centroid":[120.246279,30.430149],"childrenNum":0,"level":"district","acroutes":[100000,330000,330100],"parent":{"adcode":330100}}