{"children":[],"adcode":330105,"name":"拱墅区","center":[120.150053,30.314697],"centroid":[120.160939,30.328885],"childrenNum":0,"level":"district","acroutes":[100000,330000,330100],"parent":{"adcode":330100}}