{"children":[],"adcode":330106,"name":"西湖区","center":[120.147376,30.272934],"centroid":[120.08362,30.200766],"childrenNum":0,"level":"district","acroutes":[100000,330000,330100],"parent":{"adcode":330100}}