{"children":[],"adcode":330182,"name":"建德市","center":[119.279089,29.472284],"centroid":[119.372981,29.48107],"childrenNum":0,"level":"district","acroutes":[100000,330000,330100],"parent":{"adcode":330100}}