{"children":[],"adcode":330102,"name":"上城区","center":[120.171465,30.250236],"centroid":[120.219068,30.288987],"childrenNum":0,"level":"district","acroutes":[100000,330000,330100],"parent":{"adcode":330100}}