{"children":[],"adcode":330212,"name":"鄞州区","center":[121.558436,29.831662],"centroid":[121.673169,29.749186],"childrenNum":0,"level":"district","acroutes":[100000,330000,330200],"parent":{"adcode":330200}}