{"children":[],"adcode":330203,"name":"海曙区","center":[121.539698,29.874452],"centroid":[121.352816,29.82502],"childrenNum":0,"level":"district","acroutes":[100000,330000,330200],"parent":{"adcode":330200}}