{"children":[],"adcode":330206,"name":"北仑区","center":[121.831303,29.90944],"centroid":[121.888548,29.862707],"childrenNum":0,"level":"district","acroutes":[100000,330000,330200],"parent":{"adcode":330200}}