{"children":[],"adcode":330226,"name":"宁海县","center":[121.432606,29.299836],"centroid":[121.475296,29.305485],"childrenNum":0,"level":"district","acroutes":[100000,330000,330200],"parent":{"adcode":330200}}