{"children":[],"adcode":330281,"name":"余姚市","center":[121.156294,30.045404],"centroid":[121.125653,30.024547],"childrenNum":0,"level":"district","acroutes":[100000,330000,330200],"parent":{"adcode":330200}}