{"children":[],"adcode":330282,"name":"慈溪市","center":[121.248052,30.177142],"centroid":[121.314502,30.230119],"childrenNum":0,"level":"district","acroutes":[100000,330000,330200],"parent":{"adcode":330200}}