{"children":[],"adcode":330213,"name":"奉化区","center":[121.41089,29.662348],"centroid":[121.387745,29.60639],"childrenNum":0,"level":"district","acroutes":[100000,330000,330200],"parent":{"adcode":330200}}