{"children":[],"adcode":330211,"name":"镇海区","center":[121.713162,29.952107],"centroid":[121.618133,29.992989],"childrenNum":0,"level":"district","acroutes":[100000,330000,330200],"parent":{"adcode":330200}}