{"children":[],"adcode":330205,"name":"江北区","center":[121.559282,29.888361],"centroid":[121.488701,29.960487],"childrenNum":0,"level":"district","acroutes":[100000,330000,330200],"parent":{"adcode":330200}}