{"children":[],"adcode":330225,"name":"象山县","center":[121.877091,29.470206],"centroid":[121.844541,29.384526],"childrenNum":0,"level":"district","acroutes":[100000,330000,330200],"parent":{"adcode":330200}}