{"children":[],"adcode":330302,"name":"鹿城区","center":[120.674231,28.003352],"centroid":[120.559924,28.062487],"childrenNum":0,"level":"district","acroutes":[100000,330000,330300],"parent":{"adcode":330300}}