{"children":[],"adcode":330324,"name":"永嘉县","center":[120.690968,28.153886],"centroid":[120.662187,28.330665],"childrenNum":0,"level":"district","acroutes":[100000,330000,330300],"parent":{"adcode":330300}}