{"children":[],"adcode":330329,"name":"泰顺县","center":[119.71624,27.557309],"centroid":[119.877783,27.531151],"childrenNum":0,"level":"district","acroutes":[100000,330000,330300],"parent":{"adcode":330300}}