{"children":[],"adcode":330328,"name":"文成县","center":[120.09245,27.789133],"centroid":[120.022316,27.807567],"childrenNum":0,"level":"district","acroutes":[100000,330000,330300],"parent":{"adcode":330300}}