{"children":[],"adcode":330383,"name":"龙港市","center":[120.553039,27.578156],"centroid":[120.578115,27.532706],"childrenNum":0,"level":"district","acroutes":[100000,330000,330300],"parent":{"adcode":330300}}