{"children":[],"adcode":330305,"name":"洞头区","center":[121.156181,27.836057],"centroid":[121.033762,27.892626],"childrenNum":0,"level":"district","acroutes":[100000,330000,330300],"parent":{"adcode":330300}}