{"children":[],"adcode":330326,"name":"平阳县","center":[120.564387,27.6693],"centroid":[120.381109,27.633599],"childrenNum":0,"level":"district","acroutes":[100000,330000,330300],"parent":{"adcode":330300}}