{"children":[],"adcode":330303,"name":"龙湾区","center":[120.763469,27.970254],"centroid":[120.819332,27.882665],"childrenNum":0,"level":"district","acroutes":[100000,330000,330300],"parent":{"adcode":330300}}