{"children":[],"adcode":330304,"name":"瓯海区","center":[120.637145,28.006444],"centroid":[120.551173,27.966589],"childrenNum":0,"level":"district","acroutes":[100000,330000,330300],"parent":{"adcode":330300}}