{"children":[],"adcode":330327,"name":"苍南县","center":[120.406256,27.507743],"centroid":[120.447536,27.395126],"childrenNum":0,"level":"district","acroutes":[100000,330000,330300],"parent":{"adcode":330300}}