{"children":[],"adcode":330382,"name":"乐清市","center":[120.967147,28.116083],"centroid":[121.018675,28.24076],"childrenNum":0,"level":"district","acroutes":[100000,330000,330300],"parent":{"adcode":330300}}