{"children":[],"adcode":330381,"name":"瑞安市","center":[120.646171,27.779321],"centroid":[120.464981,27.822065],"childrenNum":0,"level":"district","acroutes":[100000,330000,330300],"parent":{"adcode":330300}}