{"children":[],"adcode":330482,"name":"平湖市","center":[121.014666,30.698921],"centroid":[121.103105,30.705649],"childrenNum":0,"level":"district","acroutes":[100000,330000,330400],"parent":{"adcode":330400}}