{"children":[],"adcode":330483,"name":"桐乡市","center":[120.551085,30.629065],"centroid":[120.483773,30.605992],"childrenNum":0,"level":"district","acroutes":[100000,330000,330400],"parent":{"adcode":330400}}