{"children":[],"adcode":330481,"name":"海宁市","center":[120.688821,30.525544],"centroid":[120.623163,30.425385],"childrenNum":0,"level":"district","acroutes":[100000,330000,330400],"parent":{"adcode":330400}}