{"children":[],"adcode":330421,"name":"嘉善县","center":[120.921871,30.841352],"centroid":[120.902273,30.8996],"childrenNum":0,"level":"district","acroutes":[100000,330000,330400],"parent":{"adcode":330400}}