{"children":[],"adcode":330411,"name":"秀洲区","center":[120.720431,30.763323],"centroid":[120.686302,30.768878],"childrenNum":0,"level":"district","acroutes":[100000,330000,330400],"parent":{"adcode":330400}}