{"children":[],"adcode":330402,"name":"南湖区","center":[120.749953,30.764652],"centroid":[120.842186,30.711139],"childrenNum":0,"level":"district","acroutes":[100000,330000,330400],"parent":{"adcode":330400}}