{"children":[],"adcode":330424,"name":"海盐县","center":[120.942017,30.522223],"centroid":[120.929474,30.474419],"childrenNum":0,"level":"district","acroutes":[100000,330000,330400],"parent":{"adcode":330400}}