{"children":[],"adcode":330522,"name":"长兴县","center":[119.910122,31.00475],"centroid":[119.813177,30.977111],"childrenNum":0,"level":"district","acroutes":[100000,330000,330500],"parent":{"adcode":330500}}