{"children":[],"adcode":330523,"name":"安吉县","center":[119.687891,30.631974],"centroid":[119.577134,30.620443],"childrenNum":0,"level":"district","acroutes":[100000,330000,330500],"parent":{"adcode":330500}}