{"children":[],"adcode":330502,"name":"吴兴区","center":[120.101416,30.867252],"centroid":[120.084809,30.803331],"childrenNum":0,"level":"district","acroutes":[100000,330000,330500],"parent":{"adcode":330500}}