{"children":[],"adcode":330503,"name":"南浔区","center":[120.417195,30.872742],"centroid":[120.305467,30.757909],"childrenNum":0,"level":"district","acroutes":[100000,330000,330500],"parent":{"adcode":330500}}