{"children":[],"adcode":330521,"name":"德清县","center":[119.967662,30.534927],"centroid":[120.04379,30.56168],"childrenNum":0,"level":"district","acroutes":[100000,330000,330500],"parent":{"adcode":330500}}