{"children":[],"adcode":330624,"name":"新昌县","center":[120.905665,29.501205],"centroid":[120.969347,29.408152],"childrenNum":0,"level":"district","acroutes":[100000,330000,330600],"parent":{"adcode":330600}}