{"children":[],"adcode":330602,"name":"越城区","center":[120.585315,29.996993],"centroid":[120.667675,30.039655],"childrenNum":0,"level":"district","acroutes":[100000,330000,330600],"parent":{"adcode":330600}}