{"children":[],"adcode":330603,"name":"柯桥区","center":[120.476075,30.078038],"childrenNum":0,"level":"district","acroutes":[100000,330000,330600],"parent":{"adcode":330600}}