{"children":[],"adcode":330683,"name":"嵊州市","center":[120.82888,29.586606],"centroid":[120.756711,29.585431],"childrenNum":0,"level":"district","acroutes":[100000,330000,330600],"parent":{"adcode":330600}}