{"children":[],"adcode":330604,"name":"上虞区","center":[120.874185,30.016769],"centroid":[120.899502,29.965067],"childrenNum":0,"level":"district","acroutes":[100000,330000,330600],"parent":{"adcode":330600}}