{"children":[],"adcode":330681,"name":"诸暨市","center":[120.244326,29.713662],"centroid":[120.274991,29.693817],"childrenNum":0,"level":"district","acroutes":[100000,330000,330600],"parent":{"adcode":330600}}