{"children":[],"adcode":330783,"name":"东阳市","center":[120.23334,29.262546],"centroid":[120.375678,29.232405],"childrenNum":0,"level":"district","acroutes":[100000,330000,330700],"parent":{"adcode":330700}}