{"children":[],"adcode":330727,"name":"磐安县","center":[120.44513,29.052627],"centroid":[120.559672,29.037893],"childrenNum":0,"level":"district","acroutes":[100000,330000,330700],"parent":{"adcode":330700}}