{"children":[],"adcode":330726,"name":"浦江县","center":[119.893363,29.451254],"centroid":[119.903937,29.520086],"childrenNum":0,"level":"district","acroutes":[100000,330000,330700],"parent":{"adcode":330700}}