{"children":[],"adcode":330781,"name":"兰溪市","center":[119.460521,29.210065],"centroid":[119.526736,29.278165],"childrenNum":0,"level":"district","acroutes":[100000,330000,330700],"parent":{"adcode":330700}}