{"children":[],"adcode":330702,"name":"婺城区","center":[119.652579,29.082607],"centroid":[119.509748,28.977012],"childrenNum":0,"level":"district","acroutes":[100000,330000,330700],"parent":{"adcode":330700}}