{"children":[],"adcode":330723,"name":"武义县","center":[119.819159,28.896563],"centroid":[119.714529,28.768287],"childrenNum":0,"level":"district","acroutes":[100000,330000,330700],"parent":{"adcode":330700}}