{"children":[],"adcode":330703,"name":"金东区","center":[119.681264,29.095835],"centroid":[119.799596,29.149391],"childrenNum":0,"level":"district","acroutes":[100000,330000,330700],"parent":{"adcode":330700}}