{"children":[],"adcode":330784,"name":"永康市","center":[120.036328,28.895293],"centroid":[120.102417,28.934317],"childrenNum":0,"level":"district","acroutes":[100000,330000,330700],"parent":{"adcode":330700}}