{"children":[],"adcode":330782,"name":"义乌市","center":[120.074911,29.306863],"centroid":[120.061011,29.300614],"childrenNum":0,"level":"district","acroutes":[100000,330000,330700],"parent":{"adcode":330700}}