{"children":[],"adcode":330822,"name":"常山县","center":[118.521654,28.900039],"centroid":[118.540673,28.967778],"childrenNum":0,"level":"district","acroutes":[100000,330000,330800],"parent":{"adcode":330800}}