{"children":[],"adcode":330803,"name":"衢江区","center":[118.957683,28.973195],"centroid":[118.931964,28.934576],"childrenNum":0,"level":"district","acroutes":[100000,330000,330800],"parent":{"adcode":330800}}