{"children":[],"adcode":330825,"name":"龙游县","center":[119.172525,29.031364],"centroid":[119.191513,28.99101],"childrenNum":0,"level":"district","acroutes":[100000,330000,330800],"parent":{"adcode":330800}}