{"children":[],"adcode":330881,"name":"江山市","center":[118.627879,28.734674],"centroid":[118.600328,28.575594],"childrenNum":0,"level":"district","acroutes":[100000,330000,330800],"parent":{"adcode":330800}}