{"children":[],"adcode":330802,"name":"柯城区","center":[118.873041,28.944539],"centroid":[118.807605,28.995265],"childrenNum":0,"level":"district","acroutes":[100000,330000,330800],"parent":{"adcode":330800}}