{"children":[],"adcode":330824,"name":"开化县","center":[118.414435,29.136503],"centroid":[118.325465,29.184574],"childrenNum":0,"level":"district","acroutes":[100000,330000,330800],"parent":{"adcode":330800}}