{"children":[],"adcode":330903,"name":"普陀区","center":[122.301953,29.945614],"centroid":[122.237196,29.696713],"childrenNum":0,"level":"district","acroutes":[100000,330000,330900],"parent":{"adcode":330900}}