{"children":[],"adcode":330921,"name":"岱山县","center":[122.201132,30.242865],"centroid":[122.172128,30.172402],"childrenNum":0,"level":"district","acroutes":[100000,330000,330900],"parent":{"adcode":330900}}