{"children":[],"adcode":330922,"name":"嵊泗县","center":[122.457809,30.727166],"centroid":[122.626275,30.819827],"childrenNum":0,"level":"district","acroutes":[100000,330000,330900],"parent":{"adcode":330900}}