{"children":[{"adcode":330902,"name":"定海区","center":[122.108496,30.016423],"centroid":[122.109143,30.07103],"childrenNum":0,"level":"district","parent":{"adcode":330900},"subFeatureIndex":0,"acroutes":[100000,330000,330900]},{"adcode":330903,"name":"普陀区","center":[122.301953,29.945614],"centroid":[122.237196,29.696713],"childrenNum":0,"level":"district","parent":{"adcode":330900},"subFeatureIndex":1,"acroutes":[100000,330000,330900]},{"adcode":330921,"name":"岱山县","center":[122.201132,30.242865],"centroid":[122.172128,30.172402],"childrenNum":0,"level":"district","parent":{"adcode":330900},"subFeatureIndex":2,"acroutes":[100000,330000,330900]},{"adcode":330922,"name":"嵊泗县","center":[122.457809,30.727166],"centroid":[122.626275,30.819827],"childrenNum":0,"level":"district","parent":{"adcode":330900},"subFeatureIndex":3,"acroutes":[100000,330000,330900]}],"adcode":330900,"name":"舟山市","center":[122.106863,30.016028],"centroid":[122.146805,30.056563],"childrenNum":4,"level":"city","acroutes":[100000,330000],"parent":{"adcode":330000}}