{"children":[],"adcode":330902,"name":"定海区","center":[122.108496,30.016423],"centroid":[122.109143,30.07103],"childrenNum":0,"level":"district","acroutes":[100000,330000,330900],"parent":{"adcode":330900}}