{"children":[],"adcode":331082,"name":"临海市","center":[121.131229,28.845441],"centroid":[121.228824,28.847925],"childrenNum":0,"level":"district","acroutes":[100000,330000,331000],"parent":{"adcode":331000}}