{"children":[],"adcode":331024,"name":"仙居县","center":[120.735074,28.849213],"centroid":[120.634355,28.73327],"childrenNum":0,"level":"district","acroutes":[100000,330000,331000],"parent":{"adcode":331000}}