{"children":[],"adcode":331004,"name":"路桥区","center":[121.37292,28.581799],"centroid":[121.481896,28.540446],"childrenNum":0,"level":"district","acroutes":[100000,330000,331000],"parent":{"adcode":331000}}