{"children":[],"adcode":331003,"name":"黄岩区","center":[121.262138,28.64488],"centroid":[121.081113,28.598872],"childrenNum":0,"level":"district","acroutes":[100000,330000,331000],"parent":{"adcode":331000}}