{"children":[],"adcode":331002,"name":"椒江区","center":[121.431049,28.67615],"centroid":[121.452074,28.660696],"childrenNum":0,"level":"district","acroutes":[100000,330000,331000],"parent":{"adcode":331000}}