{"children":[],"adcode":331023,"name":"天台县","center":[121.031227,29.141126],"centroid":[120.977207,29.145258],"childrenNum":0,"level":"district","acroutes":[100000,330000,331000],"parent":{"adcode":331000}}