{"children":[],"adcode":331081,"name":"温岭市","center":[121.373611,28.368781],"centroid":[121.427094,28.38848],"childrenNum":0,"level":"district","acroutes":[100000,330000,331000],"parent":{"adcode":331000}}