{"children":[],"adcode":331022,"name":"三门县","center":[121.376429,29.118955],"centroid":[121.510948,29.011446],"childrenNum":0,"level":"district","acroutes":[100000,330000,331000],"parent":{"adcode":331000}}