{"children":[],"adcode":331083,"name":"玉环市","center":[121.232337,28.12842],"centroid":[121.257196,28.169948],"childrenNum":0,"level":"district","acroutes":[100000,330000,331000],"parent":{"adcode":331000}}