{"children":[],"adcode":331122,"name":"缙云县","center":[120.078965,28.654208],"centroid":[120.184965,28.659237],"childrenNum":0,"level":"district","acroutes":[100000,330000,331100],"parent":{"adcode":331100}}