{"children":[],"adcode":331121,"name":"青田县","center":[120.291939,28.135247],"centroid":[120.139789,28.203157],"childrenNum":0,"level":"district","acroutes":[100000,330000,331100],"parent":{"adcode":331100}}