{"children":[],"adcode":331181,"name":"龙泉市","center":[119.132319,28.069177],"centroid":[119.075649,28.045449],"childrenNum":0,"level":"district","acroutes":[100000,330000,331100],"parent":{"adcode":331100}}