{"children":[],"adcode":331102,"name":"莲都区","center":[119.922293,28.451103],"centroid":[119.842776,28.440721],"childrenNum":0,"level":"district","acroutes":[100000,330000,331100],"parent":{"adcode":331100}}