{"children":[],"adcode":331127,"name":"景宁畲族自治县","center":[119.634669,27.977247],"centroid":[119.613501,27.891149],"childrenNum":0,"level":"district","acroutes":[100000,330000,331100],"parent":{"adcode":331100}}