{"children":[],"adcode":331126,"name":"庆元县","center":[119.067233,27.618231],"centroid":[119.150358,27.623654],"childrenNum":0,"level":"district","acroutes":[100000,330000,331100],"parent":{"adcode":331100}}