{"children":[],"adcode":331125,"name":"云和县","center":[119.569458,28.111077],"centroid":[119.536122,28.125598],"childrenNum":0,"level":"district","acroutes":[100000,330000,331100],"parent":{"adcode":331100}}