{"children":[],"adcode":331123,"name":"遂昌县","center":[119.27589,28.5924],"centroid":[119.083049,28.519107],"childrenNum":0,"level":"district","acroutes":[100000,330000,331100],"parent":{"adcode":331100}}