{"children":[],"adcode":331124,"name":"松阳县","center":[119.485292,28.449937],"centroid":[119.434983,28.405328],"childrenNum":0,"level":"district","acroutes":[100000,330000,331100],"parent":{"adcode":331100}}