{"children":[],"adcode":340124,"name":"庐江县","center":[117.289844,31.251488],"centroid":[117.326102,31.267675],"childrenNum":0,"level":"district","acroutes":[100000,340000,340100],"parent":{"adcode":340100}}