{"children":[],"adcode":340104,"name":"蜀山区","center":[117.262072,31.855868],"centroid":[117.056602,31.871074],"childrenNum":0,"level":"district","acroutes":[100000,340000,340100],"parent":{"adcode":340100}}