{"children":[],"adcode":340181,"name":"巢湖市","center":[117.874155,31.600518],"centroid":[117.723141,31.644621],"childrenNum":0,"level":"district","acroutes":[100000,340000,340100],"parent":{"adcode":340100}}