{"children":[],"adcode":340121,"name":"长丰县","center":[117.164699,32.478548],"centroid":[117.197233,32.233388],"childrenNum":0,"level":"district","acroutes":[100000,340000,340100],"parent":{"adcode":340100}}