{"children":[],"adcode":340122,"name":"肥东县","center":[117.463222,31.883992],"centroid":[117.574079,32.000373],"childrenNum":0,"level":"district","acroutes":[100000,340000,340100],"parent":{"adcode":340100}}