{"children":[],"adcode":340103,"name":"庐阳区","center":[117.283776,31.869011],"centroid":[117.203225,31.914803],"childrenNum":0,"level":"district","acroutes":[100000,340000,340100],"parent":{"adcode":340100}}