{"children":[],"adcode":340123,"name":"肥西县","center":[117.166118,31.719646],"centroid":[117.003787,31.68601],"childrenNum":0,"level":"district","acroutes":[100000,340000,340100],"parent":{"adcode":340100}}