{"children":[],"adcode":340111,"name":"包河区","center":[117.285751,31.82956],"centroid":[117.327948,31.738919],"childrenNum":0,"level":"district","acroutes":[100000,340000,340100],"parent":{"adcode":340100}}