{"children":[],"adcode":340102,"name":"瑶海区","center":[117.315358,31.86961],"centroid":[117.353073,31.935265],"childrenNum":0,"level":"district","acroutes":[100000,340000,340100],"parent":{"adcode":340100}}