{"children":[],"adcode":340223,"name":"南陵县","center":[118.337104,30.919638],"centroid":[118.279748,30.89128],"childrenNum":0,"level":"district","acroutes":[100000,340000,340200],"parent":{"adcode":340200}}