{"children":[],"adcode":340207,"name":"鸠江区","center":[118.400174,31.362716],"centroid":[118.260467,31.372422],"childrenNum":0,"level":"district","acroutes":[100000,340000,340200],"parent":{"adcode":340200}}