{"children":[],"adcode":340209,"name":"弋江区","center":[118.377476,31.313394],"centroid":[118.293089,31.214363],"childrenNum":0,"level":"district","acroutes":[100000,340000,340200],"parent":{"adcode":340200}}