{"children":[],"adcode":340211,"name":"繁昌区","center":[118.201349,31.080896],"centroid":[118.160084,31.079149],"childrenNum":0,"level":"district","acroutes":[100000,340000,340200],"parent":{"adcode":340200}}