{"children":[],"adcode":340210,"name":"湾沚区","center":[118.572301,31.145262],"centroid":[118.572918,31.143629],"childrenNum":0,"level":"district","acroutes":[100000,340000,340200],"parent":{"adcode":340200}}