{"children":[],"adcode":340281,"name":"无为市","center":[117.911432,31.303075],"centroid":[117.79705,31.244648],"childrenNum":0,"level":"district","acroutes":[100000,340000,340200],"parent":{"adcode":340200}}