{"children":[],"adcode":340202,"name":"镜湖区","center":[118.376343,31.32559],"centroid":[118.458877,31.231728],"childrenNum":0,"level":"district","acroutes":[100000,340000,340200],"parent":{"adcode":340200}}