{"children":[],"adcode":340322,"name":"五河县","center":[117.888809,33.146202],"centroid":[117.782624,33.147586],"childrenNum":0,"level":"district","acroutes":[100000,340000,340300],"parent":{"adcode":340300}}