{"children":[],"adcode":340323,"name":"固镇县","center":[117.315962,33.318679],"centroid":[117.346053,33.282345],"childrenNum":0,"level":"district","acroutes":[100000,340000,340300],"parent":{"adcode":340300}}