{"children":[],"adcode":340321,"name":"怀远县","center":[117.200171,32.956934],"centroid":[117.015375,33.049205],"childrenNum":0,"level":"district","acroutes":[100000,340000,340300],"parent":{"adcode":340300}}