{"children":[],"adcode":340303,"name":"蚌山区","center":[117.355789,32.938066],"centroid":[117.36427,32.877516],"childrenNum":0,"level":"district","acroutes":[100000,340000,340300],"parent":{"adcode":340300}}