{"children":[],"adcode":340302,"name":"龙子湖区","center":[117.382312,32.950452],"centroid":[117.456272,32.915562],"childrenNum":0,"level":"district","acroutes":[100000,340000,340300],"parent":{"adcode":340300}}