{"children":[],"adcode":340311,"name":"淮上区","center":[117.34709,32.963147],"centroid":[117.433438,33.019781],"childrenNum":0,"level":"district","acroutes":[100000,340000,340300],"parent":{"adcode":340300}}