{"children":[],"adcode":340304,"name":"禹会区","center":[117.35259,32.931933],"centroid":[117.224878,32.852768],"childrenNum":0,"level":"district","acroutes":[100000,340000,340300],"parent":{"adcode":340300}}