{"children":[],"adcode":340422,"name":"寿县","center":[116.785349,32.577304],"centroid":[116.759087,32.258369],"childrenNum":0,"level":"district","acroutes":[100000,340000,340400],"parent":{"adcode":340400}}