{"children":[],"adcode":340406,"name":"潘集区","center":[116.816879,32.782117],"centroid":[116.852525,32.780198],"childrenNum":0,"level":"district","acroutes":[100000,340000,340400],"parent":{"adcode":340400}}