{"children":[],"adcode":340404,"name":"谢家集区","center":[116.865354,32.598289],"centroid":[116.91681,32.516194],"childrenNum":0,"level":"district","acroutes":[100000,340000,340400],"parent":{"adcode":340400}}