{"children":[],"adcode":340403,"name":"田家庵区","center":[117.018318,32.644342],"centroid":[117.000532,32.557617],"childrenNum":0,"level":"district","acroutes":[100000,340000,340400],"parent":{"adcode":340400}}