{"children":[],"adcode":340402,"name":"大通区","center":[117.052927,32.632066],"centroid":[117.119995,32.626626],"childrenNum":0,"level":"district","acroutes":[100000,340000,340400],"parent":{"adcode":340400}}