{"children":[],"adcode":340405,"name":"八公山区","center":[116.841111,32.628229],"centroid":[116.823215,32.652327],"childrenNum":0,"level":"district","acroutes":[100000,340000,340400],"parent":{"adcode":340400}}