{"children":[],"adcode":340421,"name":"凤台县","center":[116.722769,32.705382],"centroid":[116.577778,32.784938],"childrenNum":0,"level":"district","acroutes":[100000,340000,340400],"parent":{"adcode":340400}}