{"children":[],"adcode":340503,"name":"花山区","center":[118.511308,31.69902],"centroid":[118.552882,31.717442],"childrenNum":0,"level":"district","acroutes":[100000,340000,340500],"parent":{"adcode":340500}}