{"children":[],"adcode":340521,"name":"当涂县","center":[118.489873,31.556167],"centroid":[118.601418,31.463515],"childrenNum":0,"level":"district","acroutes":[100000,340000,340500],"parent":{"adcode":340500}}