{"children":[],"adcode":340506,"name":"博望区","center":[118.843742,31.562321],"centroid":[118.756858,31.572165],"childrenNum":0,"level":"district","acroutes":[100000,340000,340500],"parent":{"adcode":340500}}