{"children":[],"adcode":340523,"name":"和县","center":[118.362998,31.716634],"centroid":[118.298467,31.755682],"childrenNum":0,"level":"district","acroutes":[100000,340000,340500],"parent":{"adcode":340500}}