{"children":[],"adcode":340522,"name":"含山县","center":[118.105545,31.727758],"centroid":[118.047195,31.657183],"childrenNum":0,"level":"district","acroutes":[100000,340000,340500],"parent":{"adcode":340500}}