{"children":[],"adcode":340504,"name":"雨山区","center":[118.493104,31.685912],"centroid":[118.541082,31.640375],"childrenNum":0,"level":"district","acroutes":[100000,340000,340500],"parent":{"adcode":340500}}