{"children":[],"adcode":340604,"name":"烈山区","center":[116.809465,33.889529],"centroid":[116.886523,33.833975],"childrenNum":0,"level":"district","acroutes":[100000,340000,340600],"parent":{"adcode":340600}}