{"children":[],"adcode":340621,"name":"濉溪县","center":[116.767435,33.916407],"centroid":[116.701791,33.649352],"childrenNum":0,"level":"district","acroutes":[100000,340000,340600],"parent":{"adcode":340600}}