{"children":[],"adcode":340603,"name":"相山区","center":[116.790775,33.970916],"centroid":[116.744499,33.975751],"childrenNum":0,"level":"district","acroutes":[100000,340000,340600],"parent":{"adcode":340600}}