{"children":[{"adcode":340602,"name":"杜集区","center":[116.833925,33.991218],"centroid":[116.891736,34.01905],"childrenNum":0,"level":"district","parent":{"adcode":340600},"subFeatureIndex":0,"acroutes":[100000,340000,340600]},{"adcode":340603,"name":"相山区","center":[116.790775,33.970916],"centroid":[116.744499,33.975751],"childrenNum":0,"level":"district","parent":{"adcode":340600},"subFeatureIndex":1,"acroutes":[100000,340000,340600]},{"adcode":340604,"name":"烈山区","center":[116.809465,33.889529],"centroid":[116.886523,33.833975],"childrenNum":0,"level":"district","parent":{"adcode":340600},"subFeatureIndex":2,"acroutes":[100000,340000,340600]},{"adcode":340621,"name":"濉溪县","center":[116.767435,33.916407],"centroid":[116.701791,33.649352],"childrenNum":0,"level":"district","parent":{"adcode":340600},"subFeatureIndex":3,"acroutes":[100000,340000,340600]}],"adcode":340600,"name":"淮北市","center":[116.794664,33.971707],"centroid":[116.74441,33.720047],"childrenNum":4,"level":"city","acroutes":[100000,340000],"parent":{"adcode":340000}}