{"children":[],"adcode":340602,"name":"杜集区","center":[116.833925,33.991218],"centroid":[116.891736,34.01905],"childrenNum":0,"level":"district","acroutes":[100000,340000,340600],"parent":{"adcode":340600}}