{"children":[{"adcode":340705,"name":"铜官区","center":[117.816167,30.927613],"centroid":[117.842876,30.953981],"childrenNum":0,"level":"district","parent":{"adcode":340700},"subFeatureIndex":0,"acroutes":[100000,340000,340700]},{"adcode":340706,"name":"义安区","center":[117.792288,30.952338],"centroid":[117.924969,30.956626],"childrenNum":0,"level":"district","parent":{"adcode":340700},"subFeatureIndex":1,"acroutes":[100000,340000,340700]},{"adcode":340711,"name":"郊区","center":[117.80707,30.908927],"centroid":[117.667303,30.877159],"childrenNum":0,"level":"district","parent":{"adcode":340700},"subFeatureIndex":2,"acroutes":[100000,340000,340700]},{"adcode":340722,"name":"枞阳县","center":[117.222027,30.700615],"centroid":[117.313873,30.849059],"childrenNum":0,"level":"district","parent":{"adcode":340700},"subFeatureIndex":3,"acroutes":[100000,340000,340700]}],"adcode":340700,"name":"铜陵市","center":[117.816576,30.929935],"centroid":[117.566978,30.888245],"childrenNum":4,"level":"city","acroutes":[100000,340000],"parent":{"adcode":340000}}