{"children":[],"adcode":340705,"name":"铜官区","center":[117.816167,30.927613],"centroid":[117.842876,30.953981],"childrenNum":0,"level":"district","acroutes":[100000,340000,340700],"parent":{"adcode":340700}}