{"children":[],"adcode":340722,"name":"枞阳县","center":[117.222027,30.700615],"centroid":[117.313873,30.849059],"childrenNum":0,"level":"district","acroutes":[100000,340000,340700],"parent":{"adcode":340700}}