{"children":[],"adcode":340706,"name":"义安区","center":[117.792288,30.952338],"centroid":[117.924969,30.956626],"childrenNum":0,"level":"district","acroutes":[100000,340000,340700],"parent":{"adcode":340700}}