{"children":[],"adcode":340711,"name":"郊区","center":[117.80707,30.908927],"centroid":[117.667303,30.877159],"childrenNum":0,"level":"district","acroutes":[100000,340000,340700],"parent":{"adcode":340700}}