{"children":[],"adcode":340803,"name":"大观区","center":[117.034512,30.505632],"centroid":[116.917544,30.485418],"childrenNum":0,"level":"district","acroutes":[100000,340000,340800],"parent":{"adcode":340800}}