{"children":[],"adcode":340802,"name":"迎江区","center":[117.044965,30.506375],"centroid":[117.176905,30.553484],"childrenNum":0,"level":"district","acroutes":[100000,340000,340800],"parent":{"adcode":340800}}