{"children":[],"adcode":340882,"name":"潜山市","center":[116.573665,30.638222],"centroid":[116.545778,30.752845],"childrenNum":0,"level":"district","acroutes":[100000,340000,340800],"parent":{"adcode":340800}}