{"children":[],"adcode":340826,"name":"宿松县","center":[116.120204,30.158327],"centroid":[116.24634,30.102007],"childrenNum":0,"level":"district","acroutes":[100000,340000,340800],"parent":{"adcode":340800}}