{"children":[],"adcode":340828,"name":"岳西县","center":[116.360482,30.848502],"centroid":[116.213349,30.896301],"childrenNum":0,"level":"district","acroutes":[100000,340000,340800],"parent":{"adcode":340800}}