{"children":[],"adcode":340811,"name":"宜秀区","center":[117.070003,30.541323],"centroid":[117.071348,30.649192],"childrenNum":0,"level":"district","acroutes":[100000,340000,340800],"parent":{"adcode":340800}}