{"children":[],"adcode":340825,"name":"太湖县","center":[116.305225,30.451869],"centroid":[116.178026,30.492855],"childrenNum":0,"level":"district","acroutes":[100000,340000,340800],"parent":{"adcode":340800}}