{"children":[],"adcode":340881,"name":"桐城市","center":[116.959656,31.050576],"centroid":[116.93952,30.982435],"childrenNum":0,"level":"district","acroutes":[100000,340000,340800],"parent":{"adcode":340800}}