{"children":[],"adcode":340822,"name":"怀宁县","center":[116.828664,30.734994],"centroid":[116.760398,30.585476],"childrenNum":0,"level":"district","acroutes":[100000,340000,340800],"parent":{"adcode":340800}}