{"children":[],"adcode":340827,"name":"望江县","center":[116.690927,30.12491],"centroid":[116.682032,30.238671],"childrenNum":0,"level":"district","acroutes":[100000,340000,340800],"parent":{"adcode":340800}}