{"children":[],"adcode":341004,"name":"徽州区","center":[118.339743,29.825201],"centroid":[118.259855,29.924199],"childrenNum":0,"level":"district","acroutes":[100000,340000,341000],"parent":{"adcode":341000}}