{"children":[],"adcode":341002,"name":"屯溪区","center":[118.317354,29.709186],"centroid":[118.296095,29.739252],"childrenNum":0,"level":"district","acroutes":[100000,340000,341000],"parent":{"adcode":341000}}