{"children":[],"adcode":341003,"name":"黄山区","center":[118.136639,30.294517],"centroid":[118.095868,30.252547],"childrenNum":0,"level":"district","acroutes":[100000,340000,341000],"parent":{"adcode":341000}}