{"children":[],"adcode":341024,"name":"祁门县","center":[117.717237,29.853472],"centroid":[117.593628,29.867253],"childrenNum":0,"level":"district","acroutes":[100000,340000,341000],"parent":{"adcode":341000}}