{"children":[],"adcode":341022,"name":"休宁县","center":[118.188531,29.788878],"centroid":[118.083486,29.661006],"childrenNum":0,"level":"district","acroutes":[100000,340000,341000],"parent":{"adcode":341000}}