{"children":[],"adcode":341021,"name":"歙县","center":[118.428025,29.867748],"centroid":[118.569204,29.865419],"childrenNum":0,"level":"district","acroutes":[100000,340000,341000],"parent":{"adcode":341000}}