{"children":[],"adcode":341023,"name":"黟县","center":[117.942911,29.923812],"centroid":[117.904085,30.007576],"childrenNum":0,"level":"district","acroutes":[100000,340000,341000],"parent":{"adcode":341000}}