{"children":[],"adcode":341124,"name":"全椒县","center":[118.268576,32.09385],"centroid":[118.097273,32.064615],"childrenNum":0,"level":"district","acroutes":[100000,340000,341100],"parent":{"adcode":341100}}