{"children":[],"adcode":341102,"name":"琅琊区","center":[118.316475,32.303797],"centroid":[118.30772,32.343902],"childrenNum":0,"level":"district","acroutes":[100000,340000,341100],"parent":{"adcode":341100}}