{"children":[],"adcode":341181,"name":"天长市","center":[119.011212,32.6815],"centroid":[118.967733,32.714474],"childrenNum":0,"level":"district","acroutes":[100000,340000,341100],"parent":{"adcode":341100}}