{"children":[],"adcode":341103,"name":"南谯区","center":[118.296955,32.329841],"centroid":[118.180296,32.312951],"childrenNum":0,"level":"district","acroutes":[100000,340000,341100],"parent":{"adcode":341100}}