{"children":[],"adcode":341122,"name":"来安县","center":[118.433293,32.450231],"centroid":[118.528228,32.467317],"childrenNum":0,"level":"district","acroutes":[100000,340000,341100],"parent":{"adcode":341100}}