{"children":[],"adcode":341182,"name":"明光市","center":[117.998048,32.781206],"centroid":[118.133388,32.805725],"childrenNum":0,"level":"district","acroutes":[100000,340000,341100],"parent":{"adcode":341100}}