{"children":[],"adcode":341125,"name":"定远县","center":[117.683713,32.527105],"centroid":[117.658176,32.468132],"childrenNum":0,"level":"district","acroutes":[100000,340000,341100],"parent":{"adcode":341100}}