{"children":[],"adcode":341126,"name":"凤阳县","center":[117.562461,32.867146],"centroid":[117.604448,32.787502],"childrenNum":0,"level":"district","acroutes":[100000,340000,341100],"parent":{"adcode":341100}}