{"children":[],"adcode":341226,"name":"颍上县","center":[116.259122,32.637065],"centroid":[116.258075,32.656929],"childrenNum":0,"level":"district","acroutes":[100000,340000,341200],"parent":{"adcode":341200}}