{"children":[],"adcode":341222,"name":"太和县","center":[115.627243,33.16229],"centroid":[115.641424,33.331497],"childrenNum":0,"level":"district","acroutes":[100000,340000,341200],"parent":{"adcode":341200}}