{"children":[],"adcode":341203,"name":"颍东区","center":[115.858747,32.908861],"centroid":[116.021295,32.921764],"childrenNum":0,"level":"district","acroutes":[100000,340000,341200],"parent":{"adcode":341200}}