{"children":[],"adcode":341282,"name":"界首市","center":[115.362117,33.26153],"centroid":[115.391927,33.223328],"childrenNum":0,"level":"district","acroutes":[100000,340000,341200],"parent":{"adcode":341200}}