{"children":[],"adcode":341221,"name":"临泉县","center":[115.261688,33.062698],"centroid":[115.242031,32.904909],"childrenNum":0,"level":"district","acroutes":[100000,340000,341200],"parent":{"adcode":341200}}