{"children":[],"adcode":341204,"name":"颍泉区","center":[115.804525,32.924797],"centroid":[115.730749,33.034457],"childrenNum":0,"level":"district","acroutes":[100000,340000,341200],"parent":{"adcode":341200}}