{"children":[],"adcode":341225,"name":"阜南县","center":[115.590534,32.638102],"centroid":[115.637663,32.640611],"childrenNum":0,"level":"district","acroutes":[100000,340000,341200],"parent":{"adcode":341200}}