{"children":[],"adcode":341202,"name":"颍州区","center":[115.813914,32.891238],"centroid":[115.719656,32.862114],"childrenNum":0,"level":"district","acroutes":[100000,340000,341200],"parent":{"adcode":341200}}