{"children":[],"adcode":341324,"name":"泗县","center":[117.885443,33.47758],"centroid":[117.883901,33.539195],"childrenNum":0,"level":"district","acroutes":[100000,340000,341300],"parent":{"adcode":341300}}