{"children":[],"adcode":341322,"name":"萧县","center":[116.945399,34.183266],"centroid":[116.805209,34.205579],"childrenNum":0,"level":"district","acroutes":[100000,340000,341300],"parent":{"adcode":341300}}