{"children":[],"adcode":341323,"name":"灵璧县","center":[117.551493,33.540629],"centroid":[117.536345,33.686949],"childrenNum":0,"level":"district","acroutes":[100000,340000,341300],"parent":{"adcode":341300}}