{"children":[],"adcode":341302,"name":"埇桥区","center":[116.983309,33.633853],"centroid":[117.15175,33.719906],"childrenNum":0,"level":"district","acroutes":[100000,340000,341300],"parent":{"adcode":341300}}