{"children":[],"adcode":341321,"name":"砀山县","center":[116.351113,34.426247],"centroid":[116.413042,34.448741],"childrenNum":0,"level":"district","acroutes":[100000,340000,341300],"parent":{"adcode":341300}}