{"children":[],"adcode":341502,"name":"金安区","center":[116.503288,31.754491],"centroid":[116.621097,31.657811],"childrenNum":0,"level":"district","acroutes":[100000,340000,341500],"parent":{"adcode":341500}}