{"children":[],"adcode":341525,"name":"霍山县","center":[116.333078,31.402456],"centroid":[116.23916,31.281535],"childrenNum":0,"level":"district","acroutes":[100000,340000,341500],"parent":{"adcode":341500}}