{"children":[],"adcode":341503,"name":"裕安区","center":[116.494543,31.750692],"centroid":[116.325135,31.751812],"childrenNum":0,"level":"district","acroutes":[100000,340000,341500],"parent":{"adcode":341500}}