{"children":[],"adcode":341524,"name":"金寨县","center":[115.878514,31.681624],"centroid":[115.772445,31.47339],"childrenNum":0,"level":"district","acroutes":[100000,340000,341500],"parent":{"adcode":341500}}