{"children":[],"adcode":341504,"name":"叶集区","center":[115.913594,31.84768],"centroid":[116.051734,31.867639],"childrenNum":0,"level":"district","acroutes":[100000,340000,341500],"parent":{"adcode":341500}}