{"children":[],"adcode":341523,"name":"舒城县","center":[116.944088,31.462848],"centroid":[116.821705,31.304272],"childrenNum":0,"level":"district","acroutes":[100000,340000,341500],"parent":{"adcode":341500}}