{"children":[],"adcode":341522,"name":"霍邱县","center":[116.278875,32.341305],"centroid":[116.186334,32.251578],"childrenNum":0,"level":"district","acroutes":[100000,340000,341500],"parent":{"adcode":341500}}