{"children":[],"adcode":341602,"name":"谯城区","center":[115.781214,33.869284],"centroid":[115.806249,33.777129],"childrenNum":0,"level":"district","acroutes":[100000,340000,341600],"parent":{"adcode":341600}}