{"children":[],"adcode":341623,"name":"利辛县","center":[116.207782,33.143503],"centroid":[116.158756,33.151214],"childrenNum":0,"level":"district","acroutes":[100000,340000,341600],"parent":{"adcode":341600}}