{"children":[{"adcode":341602,"name":"谯城区","center":[115.781214,33.869284],"centroid":[115.806249,33.777129],"childrenNum":0,"level":"district","parent":{"adcode":341600},"subFeatureIndex":0,"acroutes":[100000,340000,341600]},{"adcode":341621,"name":"涡阳县","center":[116.211551,33.502831],"centroid":[116.216572,33.551694],"childrenNum":0,"level":"district","parent":{"adcode":341600},"subFeatureIndex":1,"acroutes":[100000,340000,341600]},{"adcode":341622,"name":"蒙城县","center":[116.560337,33.260814],"centroid":[116.584066,33.218286],"childrenNum":0,"level":"district","parent":{"adcode":341600},"subFeatureIndex":2,"acroutes":[100000,340000,341600]},{"adcode":341623,"name":"利辛县","center":[116.207782,33.143503],"centroid":[116.158756,33.151214],"childrenNum":0,"level":"district","parent":{"adcode":341600},"subFeatureIndex":3,"acroutes":[100000,340000,341600]}],"adcode":341600,"name":"亳州市","center":[115.782939,33.869338],"centroid":[116.185025,33.435253],"childrenNum":4,"level":"city","acroutes":[100000,340000],"parent":{"adcode":340000}}