{"children":[],"adcode":341621,"name":"涡阳县","center":[116.211551,33.502831],"centroid":[116.216572,33.551694],"childrenNum":0,"level":"district","acroutes":[100000,340000,341600],"parent":{"adcode":341600}}