{"children":[],"adcode":341622,"name":"蒙城县","center":[116.560337,33.260814],"centroid":[116.584066,33.218286],"childrenNum":0,"level":"district","acroutes":[100000,340000,341600],"parent":{"adcode":341600}}