{"children":[],"adcode":341723,"name":"青阳县","center":[117.857395,30.63818],"centroid":[117.900122,30.595763],"childrenNum":0,"level":"district","acroutes":[100000,340000,341700],"parent":{"adcode":341700}}