{"children":[{"adcode":341702,"name":"贵池区","center":[117.488342,30.657378],"centroid":[117.509042,30.510078],"childrenNum":0,"level":"district","parent":{"adcode":341700},"subFeatureIndex":0,"acroutes":[100000,340000,341700]},{"adcode":341721,"name":"东至县","center":[117.021476,30.096568],"centroid":[116.999831,30.02894],"childrenNum":0,"level":"district","parent":{"adcode":341700},"subFeatureIndex":1,"acroutes":[100000,340000,341700]},{"adcode":341722,"name":"石台县","center":[117.482907,30.210324],"centroid":[117.528717,30.191749],"childrenNum":0,"level":"district","parent":{"adcode":341700},"subFeatureIndex":2,"acroutes":[100000,340000,341700]},{"adcode":341723,"name":"青阳县","center":[117.857395,30.63818],"centroid":[117.900122,30.595763],"childrenNum":0,"level":"district","parent":{"adcode":341700},"subFeatureIndex":3,"acroutes":[100000,340000,341700]}],"adcode":341700,"name":"池州市","center":[117.489157,30.656037],"centroid":[117.371465,30.282082],"childrenNum":4,"level":"city","acroutes":[100000,340000],"parent":{"adcode":340000}}