{"children":[],"adcode":341721,"name":"东至县","center":[117.021476,30.096568],"centroid":[116.999831,30.02894],"childrenNum":0,"level":"district","acroutes":[100000,340000,341700],"parent":{"adcode":341700}}