{"children":[],"adcode":341702,"name":"贵池区","center":[117.488342,30.657378],"centroid":[117.509042,30.510078],"childrenNum":0,"level":"district","acroutes":[100000,340000,341700],"parent":{"adcode":341700}}