{"children":[],"adcode":341722,"name":"石台县","center":[117.482907,30.210324],"centroid":[117.528717,30.191749],"childrenNum":0,"level":"district","acroutes":[100000,340000,341700],"parent":{"adcode":341700}}