{"children":[],"adcode":341882,"name":"广德市","center":[119.417521,30.893116],"centroid":[119.357561,30.886485],"childrenNum":0,"level":"district","acroutes":[100000,340000,341800],"parent":{"adcode":341800}}