{"children":[],"adcode":341802,"name":"宣州区","center":[118.758412,30.946003],"centroid":[118.792582,30.939607],"childrenNum":0,"level":"district","acroutes":[100000,340000,341800],"parent":{"adcode":341800}}