{"children":[],"adcode":341825,"name":"旌德县","center":[118.543081,30.288057],"centroid":[118.476121,30.314547],"childrenNum":0,"level":"district","acroutes":[100000,340000,341800],"parent":{"adcode":341800}}