{"children":[],"adcode":341881,"name":"宁国市","center":[118.983407,30.626529],"centroid":[118.991074,30.496377],"childrenNum":0,"level":"district","acroutes":[100000,340000,341800],"parent":{"adcode":341800}}