{"children":[],"adcode":341824,"name":"绩溪县","center":[118.594705,30.065267],"centroid":[118.656759,30.154311],"childrenNum":0,"level":"district","acroutes":[100000,340000,341800],"parent":{"adcode":341800}}