{"children":[],"adcode":341821,"name":"郎溪县","center":[119.185024,31.127834],"centroid":[119.164205,31.093323],"childrenNum":0,"level":"district","acroutes":[100000,340000,341800],"parent":{"adcode":341800}}