{"children":[],"adcode":341823,"name":"泾县","center":[118.412397,30.685975],"centroid":[118.36921,30.592796],"childrenNum":0,"level":"district","acroutes":[100000,340000,341800],"parent":{"adcode":341800}}