{"children":[],"adcode":350128,"name":"平潭县","center":[119.791197,25.503672],"centroid":[119.766154,25.530201],"childrenNum":0,"level":"district","acroutes":[100000,350000,350100],"parent":{"adcode":350100}}