{"children":[],"adcode":350105,"name":"马尾区","center":[119.458725,25.991975],"centroid":[119.506602,26.073402],"childrenNum":0,"level":"district","acroutes":[100000,350000,350100],"parent":{"adcode":350100}}