{"children":[],"adcode":350102,"name":"鼓楼区","center":[119.29929,26.082284],"centroid":[119.283472,26.092282],"childrenNum":0,"level":"district","acroutes":[100000,350000,350100],"parent":{"adcode":350100}}