{"children":[],"adcode":350124,"name":"闽清县","center":[118.868416,26.223793],"centroid":[118.769072,26.20502],"childrenNum":0,"level":"district","acroutes":[100000,350000,350100],"parent":{"adcode":350100}}