{"children":[],"adcode":350112,"name":"长乐区","center":[119.510849,25.960583],"centroid":[119.562796,25.909458],"childrenNum":0,"level":"district","acroutes":[100000,350000,350100],"parent":{"adcode":350100}}