{"children":[],"adcode":350122,"name":"连江县","center":[119.538365,26.202109],"centroid":[119.576481,26.307707],"childrenNum":0,"level":"district","acroutes":[100000,350000,350100],"parent":{"adcode":350100}}