{"children":[],"adcode":350125,"name":"永泰县","center":[118.939089,25.864825],"centroid":[118.78949,25.852196],"childrenNum":0,"level":"district","acroutes":[100000,350000,350100],"parent":{"adcode":350100}}