{"children":[],"adcode":350103,"name":"台江区","center":[119.310156,26.058616],"centroid":[119.31844,26.056456],"childrenNum":0,"level":"district","acroutes":[100000,350000,350100],"parent":{"adcode":350100}}