{"children":[],"adcode":350104,"name":"仓山区","center":[119.320988,26.038912],"centroid":[119.323558,26.014589],"childrenNum":0,"level":"district","acroutes":[100000,350000,350100],"parent":{"adcode":350100}}