{"children":[],"adcode":350111,"name":"晋安区","center":[119.328597,26.078837],"centroid":[119.307421,26.219935],"childrenNum":0,"level":"district","acroutes":[100000,350000,350100],"parent":{"adcode":350100}}