{"children":[],"adcode":350181,"name":"福清市","center":[119.376992,25.720402],"centroid":[119.383271,25.616438],"childrenNum":0,"level":"district","acroutes":[100000,350000,350100],"parent":{"adcode":350100}}