{"children":[],"adcode":350123,"name":"罗源县","center":[119.552645,26.487234],"centroid":[119.484496,26.494935],"childrenNum":0,"level":"district","acroutes":[100000,350000,350100],"parent":{"adcode":350100}}