{"children":[],"adcode":350121,"name":"闽侯县","center":[119.145117,26.148567],"centroid":[119.116333,26.174897],"childrenNum":0,"level":"district","acroutes":[100000,350000,350100],"parent":{"adcode":350100}}