{"children":[],"adcode":350212,"name":"同安区","center":[118.150455,24.729333],"centroid":[118.109393,24.769817],"childrenNum":0,"level":"district","acroutes":[100000,350000,350200],"parent":{"adcode":350200}}