{"children":[],"adcode":350213,"name":"翔安区","center":[118.242811,24.637479],"centroid":[118.270949,24.644028],"childrenNum":0,"level":"district","acroutes":[100000,350000,350200],"parent":{"adcode":350200}}