{"children":[],"adcode":350205,"name":"海沧区","center":[118.036364,24.492512],"centroid":[117.989999,24.515788],"childrenNum":0,"level":"district","acroutes":[100000,350000,350200],"parent":{"adcode":350200}}