{"children":[],"adcode":350203,"name":"思明区","center":[118.087828,24.462059],"centroid":[118.133331,24.462706],"childrenNum":0,"level":"district","acroutes":[100000,350000,350200],"parent":{"adcode":350200}}