{"children":[],"adcode":350211,"name":"集美区","center":[118.100869,24.572874],"centroid":[118.027724,24.628417],"childrenNum":0,"level":"district","acroutes":[100000,350000,350200],"parent":{"adcode":350200}}