{"children":[],"adcode":350206,"name":"湖里区","center":[118.10943,24.512764],"centroid":[118.139203,24.519534],"childrenNum":0,"level":"district","acroutes":[100000,350000,350200],"parent":{"adcode":350200}}