{"children":[],"adcode":350322,"name":"仙游县","center":[118.694331,25.356529],"centroid":[118.69905,25.464518],"childrenNum":0,"level":"district","acroutes":[100000,350000,350300],"parent":{"adcode":350300}}