{"children":[],"adcode":350304,"name":"荔城区","center":[119.020047,25.430047],"centroid":[119.086723,25.399886],"childrenNum":0,"level":"district","acroutes":[100000,350000,350300],"parent":{"adcode":350300}}