{"children":[],"adcode":350303,"name":"涵江区","center":[119.119102,25.459273],"centroid":[119.061474,25.600471],"childrenNum":0,"level":"district","acroutes":[100000,350000,350300],"parent":{"adcode":350300}}