{"children":[],"adcode":350302,"name":"城厢区","center":[119.001028,25.433737],"centroid":[118.933397,25.412658],"childrenNum":0,"level":"district","acroutes":[100000,350000,350300],"parent":{"adcode":350300}}