{"children":[],"adcode":350305,"name":"秀屿区","center":[119.092607,25.316141],"centroid":[119.160629,25.229202],"childrenNum":0,"level":"district","acroutes":[100000,350000,350300],"parent":{"adcode":350300}}