{"children":[],"adcode":350403,"name":"三元区","center":[117.607418,26.234191],"centroid":[117.561552,26.219584],"childrenNum":0,"level":"district","acroutes":[100000,350000,350400],"parent":{"adcode":350400}}