{"children":[],"adcode":350427,"name":"沙县区","center":[117.789095,26.397361],"centroid":[117.812198,26.440894],"childrenNum":0,"level":"district","acroutes":[100000,350000,350400],"parent":{"adcode":350400}}