{"children":[],"adcode":350429,"name":"泰宁县","center":[117.177522,26.897995],"centroid":[117.118348,26.85816],"childrenNum":0,"level":"district","acroutes":[100000,350000,350400],"parent":{"adcode":350400}}