{"children":[],"adcode":350481,"name":"永安市","center":[117.364447,25.974075],"centroid":[117.321451,25.914023],"childrenNum":0,"level":"district","acroutes":[100000,350000,350400],"parent":{"adcode":350400}}