{"children":[],"adcode":350423,"name":"清流县","center":[116.815821,26.17761],"centroid":[116.915386,26.092293],"childrenNum":0,"level":"district","acroutes":[100000,350000,350400],"parent":{"adcode":350400}}