{"children":[],"adcode":350421,"name":"明溪县","center":[117.201845,26.357375],"centroid":[117.210282,26.41353],"childrenNum":0,"level":"district","acroutes":[100000,350000,350400],"parent":{"adcode":350400}}