{"children":[],"adcode":350425,"name":"大田县","center":[117.849355,25.690803],"centroid":[117.808522,25.787337],"childrenNum":0,"level":"district","acroutes":[100000,350000,350400],"parent":{"adcode":350400}}