{"children":[],"adcode":350428,"name":"将乐县","center":[117.473558,26.728667],"centroid":[117.394252,26.725817],"childrenNum":0,"level":"district","acroutes":[100000,350000,350400],"parent":{"adcode":350400}}