{"children":[],"adcode":350430,"name":"建宁县","center":[116.845832,26.831398],"centroid":[116.78492,26.815799],"childrenNum":0,"level":"district","acroutes":[100000,350000,350400],"parent":{"adcode":350400}}