{"children":[],"adcode":350424,"name":"宁化县","center":[116.659725,26.259932],"centroid":[116.671574,26.303508],"childrenNum":0,"level":"district","acroutes":[100000,350000,350400],"parent":{"adcode":350400}}