{"children":[],"adcode":350426,"name":"尤溪县","center":[118.188577,26.169261],"centroid":[118.242074,26.144027],"childrenNum":0,"level":"district","acroutes":[100000,350000,350400],"parent":{"adcode":350400}}