{"children":[],"adcode":350527,"name":"金门县","center":[118.323221,24.436417],"centroid":[118.385564,24.450025],"childrenNum":0,"level":"district","acroutes":[100000,350000,350500],"parent":{"adcode":350500}}