{"children":[],"adcode":350581,"name":"石狮市","center":[118.628402,24.731978],"centroid":[118.691439,24.740488],"childrenNum":0,"level":"district","acroutes":[100000,350000,350500],"parent":{"adcode":350500}}