{"children":[],"adcode":350524,"name":"安溪县","center":[118.186014,25.056824],"centroid":[117.902123,25.120697],"childrenNum":0,"level":"district","acroutes":[100000,350000,350500],"parent":{"adcode":350500}}