{"children":[],"adcode":350583,"name":"南安市","center":[118.387031,24.959494],"centroid":[118.382106,25.01077],"childrenNum":0,"level":"district","acroutes":[100000,350000,350500],"parent":{"adcode":350500}}