{"children":[],"adcode":350503,"name":"丰泽区","center":[118.605147,24.896041],"centroid":[118.62689,24.917274],"childrenNum":0,"level":"district","acroutes":[100000,350000,350500],"parent":{"adcode":350500}}