{"children":[],"adcode":350526,"name":"德化县","center":[118.242986,25.489004],"centroid":[118.250054,25.669968],"childrenNum":0,"level":"district","acroutes":[100000,350000,350500],"parent":{"adcode":350500}}