{"children":[],"adcode":350502,"name":"鲤城区","center":[118.588929,24.907645],"centroid":[118.548711,24.904714],"childrenNum":0,"level":"district","acroutes":[100000,350000,350500],"parent":{"adcode":350500}}