{"children":[],"adcode":350521,"name":"惠安县","center":[118.798954,25.028718],"centroid":[118.81484,24.984288],"childrenNum":0,"level":"district","acroutes":[100000,350000,350500],"parent":{"adcode":350500}}