{"children":[],"adcode":350525,"name":"永春县","center":[118.29503,25.320721],"centroid":[118.139822,25.389788],"childrenNum":0,"level":"district","acroutes":[100000,350000,350500],"parent":{"adcode":350500}}