{"children":[],"adcode":350582,"name":"晋江市","center":[118.577338,24.807322],"centroid":[118.553498,24.714124],"childrenNum":0,"level":"district","acroutes":[100000,350000,350500],"parent":{"adcode":350500}}