{"children":[],"adcode":350504,"name":"洛江区","center":[118.670312,24.941153],"centroid":[118.630422,25.138141],"childrenNum":0,"level":"district","acroutes":[100000,350000,350500],"parent":{"adcode":350500}}