{"children":[],"adcode":350505,"name":"泉港区","center":[118.912285,25.126859],"centroid":[118.8585,25.16207],"childrenNum":0,"level":"district","acroutes":[100000,350000,350500],"parent":{"adcode":350500}}