{"children":[],"adcode":350681,"name":"龙海区","center":[117.817292,24.445341],"centroid":[117.819997,24.390259],"childrenNum":0,"level":"district","acroutes":[100000,350000,350600],"parent":{"adcode":350600}}