{"children":[],"adcode":350628,"name":"平和县","center":[117.313549,24.366158],"centroid":[117.1936,24.317285],"childrenNum":0,"level":"district","acroutes":[100000,350000,350600],"parent":{"adcode":350600}}