{"children":[],"adcode":350625,"name":"长泰区","center":[117.755913,24.621475],"centroid":[117.803839,24.737886],"childrenNum":0,"level":"district","acroutes":[100000,350000,350600],"parent":{"adcode":350600}}