{"children":[],"adcode":350627,"name":"南靖县","center":[117.365462,24.516425],"centroid":[117.2838,24.66257],"childrenNum":0,"level":"district","acroutes":[100000,350000,350600],"parent":{"adcode":350600}}