{"children":[],"adcode":350622,"name":"云霄县","center":[117.340946,23.950486],"centroid":[117.341182,23.970254],"childrenNum":0,"level":"district","acroutes":[100000,350000,350600],"parent":{"adcode":350600}}