{"children":[],"adcode":350626,"name":"东山县","center":[117.427679,23.702845],"centroid":[117.412848,23.67283],"childrenNum":0,"level":"district","acroutes":[100000,350000,350600],"parent":{"adcode":350600}}