{"children":[],"adcode":350602,"name":"芗城区","center":[117.656461,24.509955],"centroid":[117.615562,24.597101],"childrenNum":0,"level":"district","acroutes":[100000,350000,350600],"parent":{"adcode":350600}}