{"children":[],"adcode":350603,"name":"龙文区","center":[117.671387,24.515656],"centroid":[117.7374,24.537249],"childrenNum":0,"level":"district","acroutes":[100000,350000,350600],"parent":{"adcode":350600}}