{"children":[],"adcode":350623,"name":"漳浦县","center":[117.614023,24.117907],"centroid":[117.690887,24.093028],"childrenNum":0,"level":"district","acroutes":[100000,350000,350600],"parent":{"adcode":350600}}