{"children":[],"adcode":350624,"name":"诏安县","center":[117.176083,23.710834],"centroid":[117.138488,23.846375],"childrenNum":0,"level":"district","acroutes":[100000,350000,350600],"parent":{"adcode":350600}}