{"children":[],"adcode":350629,"name":"华安县","center":[117.53631,25.001416],"centroid":[117.534748,24.913745],"childrenNum":0,"level":"district","acroutes":[100000,350000,350600],"parent":{"adcode":350600}}