{"children":[],"adcode":350703,"name":"建阳区","center":[118.12267,27.332067],"centroid":[118.059989,27.404051],"childrenNum":0,"level":"district","acroutes":[100000,350000,350700],"parent":{"adcode":350700}}