{"children":[],"adcode":350781,"name":"邵武市","center":[117.491544,27.337952],"centroid":[117.473808,27.23054],"childrenNum":0,"level":"district","acroutes":[100000,350000,350700],"parent":{"adcode":350700}}