{"children":[],"adcode":350782,"name":"武夷山市","center":[118.032796,27.751733],"centroid":[118.005248,27.741958],"childrenNum":0,"level":"district","acroutes":[100000,350000,350700],"parent":{"adcode":350700}}