{"children":[],"adcode":350725,"name":"政和县","center":[118.858661,27.365398],"centroid":[118.967242,27.318602],"childrenNum":0,"level":"district","acroutes":[100000,350000,350700],"parent":{"adcode":350700}}