{"children":[],"adcode":350723,"name":"光泽县","center":[117.337897,27.542803],"centroid":[117.348203,27.650691],"childrenNum":0,"level":"district","acroutes":[100000,350000,350700],"parent":{"adcode":350700}}