{"children":[],"adcode":350702,"name":"延平区","center":[118.178918,26.636079],"centroid":[118.247239,26.584841],"childrenNum":0,"level":"district","acroutes":[100000,350000,350700],"parent":{"adcode":350700}}