{"children":[],"adcode":350783,"name":"建瓯市","center":[118.321765,27.03502],"centroid":[118.474773,27.04103],"childrenNum":0,"level":"district","acroutes":[100000,350000,350700],"parent":{"adcode":350700}}