{"children":[],"adcode":350721,"name":"顺昌县","center":[117.80771,26.792851],"centroid":[117.867241,26.903211],"childrenNum":0,"level":"district","acroutes":[100000,350000,350700],"parent":{"adcode":350700}}