{"children":[],"adcode":350724,"name":"松溪县","center":[118.783491,27.525785],"centroid":[118.757082,27.605658],"childrenNum":0,"level":"district","acroutes":[100000,350000,350700],"parent":{"adcode":350700}}