{"children":[],"adcode":350722,"name":"浦城县","center":[118.536822,27.920412],"centroid":[118.51782,27.938576],"childrenNum":0,"level":"district","acroutes":[100000,350000,350700],"parent":{"adcode":350700}}