{"children":[],"adcode":350821,"name":"长汀县","center":[116.361007,25.842278],"centroid":[116.36448,25.68998],"childrenNum":0,"level":"district","acroutes":[100000,350000,350800],"parent":{"adcode":350800}}