{"children":[],"adcode":350881,"name":"漳平市","center":[117.42073,25.291597],"centroid":[117.443142,25.375654],"childrenNum":0,"level":"district","acroutes":[100000,350000,350800],"parent":{"adcode":350800}}