{"children":[],"adcode":350803,"name":"永定区","center":[116.732691,24.720442],"centroid":[116.818594,24.756095],"childrenNum":0,"level":"district","acroutes":[100000,350000,350800],"parent":{"adcode":350800}}