{"children":[],"adcode":350823,"name":"上杭县","center":[116.424774,25.050019],"centroid":[116.562832,25.119933],"childrenNum":0,"level":"district","acroutes":[100000,350000,350800],"parent":{"adcode":350800}}