{"children":[],"adcode":350802,"name":"新罗区","center":[117.030721,25.0918],"centroid":[117.079681,25.216801],"childrenNum":0,"level":"district","acroutes":[100000,350000,350800],"parent":{"adcode":350800}}