{"children":[],"adcode":350825,"name":"连城县","center":[116.756687,25.708506],"centroid":[116.81467,25.597929],"childrenNum":0,"level":"district","acroutes":[100000,350000,350800],"parent":{"adcode":350800}}