{"children":[],"adcode":350824,"name":"武平县","center":[116.100928,25.08865],"centroid":[116.131218,25.132011],"childrenNum":0,"level":"district","acroutes":[100000,350000,350800],"parent":{"adcode":350800}}