{"children":[],"adcode":350926,"name":"柘荣县","center":[119.898226,27.236163],"centroid":[119.879243,27.199705],"childrenNum":0,"level":"district","acroutes":[100000,350000,350900],"parent":{"adcode":350900}}