{"children":[],"adcode":350902,"name":"蕉城区","center":[119.527225,26.659253],"centroid":[119.449316,26.756921],"childrenNum":0,"level":"district","acroutes":[100000,350000,350900],"parent":{"adcode":350900}}