{"children":[],"adcode":350982,"name":"福鼎市","center":[120.219761,27.318884],"centroid":[120.196112,27.221368],"childrenNum":0,"level":"district","acroutes":[100000,350000,350900],"parent":{"adcode":350900}}