{"children":[],"adcode":350922,"name":"古田县","center":[118.743156,26.577491],"centroid":[118.872268,26.611358],"childrenNum":0,"level":"district","acroutes":[100000,350000,350900],"parent":{"adcode":350900}}