{"children":[],"adcode":350925,"name":"周宁县","center":[119.338239,27.103106],"centroid":[119.306669,27.089642],"childrenNum":0,"level":"district","acroutes":[100000,350000,350900],"parent":{"adcode":350900}}