{"children":[],"adcode":350924,"name":"寿宁县","center":[119.506733,27.457798],"centroid":[119.49947,27.42114],"childrenNum":0,"level":"district","acroutes":[100000,350000,350900],"parent":{"adcode":350900}}