{"children":[],"adcode":350981,"name":"福安市","center":[119.650798,27.084246],"centroid":[119.653905,27.03698],"childrenNum":0,"level":"district","acroutes":[100000,350000,350900],"parent":{"adcode":350900}}