{"children":[],"adcode":350921,"name":"霞浦县","center":[120.005214,26.882068],"centroid":[119.9825,26.856394],"childrenNum":0,"level":"district","acroutes":[100000,350000,350900],"parent":{"adcode":350900}}