{"children":[],"adcode":350923,"name":"屏南县","center":[118.987544,26.910826],"centroid":[118.982432,26.91626],"childrenNum":0,"level":"district","acroutes":[100000,350000,350900],"parent":{"adcode":350900}}