{"children":[],"adcode":360112,"name":"新建区","center":[115.820806,28.690788],"centroid":[115.912716,28.798554],"childrenNum":0,"level":"district","acroutes":[100000,360000,360100],"parent":{"adcode":360100}}