{"children":[],"adcode":360102,"name":"东湖区","center":[115.889675,28.682988],"centroid":[115.920134,28.727108],"childrenNum":0,"level":"district","acroutes":[100000,360000,360100],"parent":{"adcode":360100}}