{"children":[],"adcode":360113,"name":"红谷滩区","center":[115.8580521,28.69819928],"centroid":[115.791047,28.600613],"childrenNum":0,"level":"district","acroutes":[100000,360000,360100],"parent":{"adcode":360100}}