{"children":[],"adcode":360104,"name":"青云谱区","center":[115.907292,28.635724],"centroid":[115.920791,28.622914],"childrenNum":0,"level":"district","acroutes":[100000,360000,360100],"parent":{"adcode":360100}}