{"children":[],"adcode":360103,"name":"西湖区","center":[115.91065,28.662901],"centroid":[115.876282,28.641821],"childrenNum":0,"level":"district","acroutes":[100000,360000,360100],"parent":{"adcode":360100}}