{"children":[],"adcode":360124,"name":"进贤县","center":[116.267671,28.365681],"centroid":[116.309318,28.436387],"childrenNum":0,"level":"district","acroutes":[100000,360000,360100],"parent":{"adcode":360100}}