{"children":[],"adcode":360111,"name":"青山湖区","center":[115.949044,28.689292],"centroid":[115.835289,28.756539],"childrenNum":0,"level":"district","acroutes":[100000,360000,360100],"parent":{"adcode":360100}}