{"children":[],"adcode":360121,"name":"南昌县","center":[115.942465,28.543781],"centroid":[116.063936,28.615359],"childrenNum":0,"level":"district","acroutes":[100000,360000,360100],"parent":{"adcode":360100}}