{"children":[],"adcode":360123,"name":"安义县","center":[115.553109,28.841334],"centroid":[115.588492,28.829446],"childrenNum":0,"level":"district","acroutes":[100000,360000,360100],"parent":{"adcode":360100}}