{"children":[],"adcode":360222,"name":"浮梁县","center":[117.217611,29.352251],"centroid":[117.301057,29.551608],"childrenNum":0,"level":"district","acroutes":[100000,360000,360200],"parent":{"adcode":360200}}