{"children":[{"adcode":360202,"name":"昌江区","center":[117.195023,29.288465],"centroid":[117.111942,29.222146],"childrenNum":0,"level":"district","parent":{"adcode":360200},"subFeatureIndex":0,"acroutes":[100000,360000,360200]},{"adcode":360203,"name":"珠山区","center":[117.214814,29.292812],"centroid":[117.234459,29.284042],"childrenNum":0,"level":"district","parent":{"adcode":360200},"subFeatureIndex":1,"acroutes":[100000,360000,360200]},{"adcode":360222,"name":"浮梁县","center":[117.217611,29.352251],"centroid":[117.301057,29.551608],"childrenNum":0,"level":"district","parent":{"adcode":360200},"subFeatureIndex":2,"acroutes":[100000,360000,360200]},{"adcode":360281,"name":"乐平市","center":[117.129376,28.967361],"centroid":[117.266818,28.964903],"childrenNum":0,"level":"district","parent":{"adcode":360200},"subFeatureIndex":3,"acroutes":[100000,360000,360200]}],"adcode":360200,"name":"景德镇市","center":[117.214664,29.29256],"centroid":[117.27529,29.305934],"childrenNum":4,"level":"city","acroutes":[100000,360000],"parent":{"adcode":360000}}