{"children":[],"adcode":360203,"name":"珠山区","center":[117.214814,29.292812],"centroid":[117.234459,29.284042],"childrenNum":0,"level":"district","acroutes":[100000,360000,360200],"parent":{"adcode":360200}}