{"children":[],"adcode":360281,"name":"乐平市","center":[117.129376,28.967361],"centroid":[117.266818,28.964903],"childrenNum":0,"level":"district","acroutes":[100000,360000,360200],"parent":{"adcode":360200}}