{"children":[],"adcode":360202,"name":"昌江区","center":[117.195023,29.288465],"centroid":[117.111942,29.222146],"childrenNum":0,"level":"district","acroutes":[100000,360000,360200],"parent":{"adcode":360200}}