{"children":[],"adcode":360323,"name":"芦溪县","center":[114.041206,27.633633],"centroid":[114.063162,27.569042],"childrenNum":0,"level":"district","acroutes":[100000,360000,360300],"parent":{"adcode":360300}}