{"children":[],"adcode":360302,"name":"安源区","center":[113.855044,27.625826],"centroid":[113.883925,27.631189],"childrenNum":0,"level":"district","acroutes":[100000,360000,360300],"parent":{"adcode":360300}}