{"children":[],"adcode":360322,"name":"上栗县","center":[113.800525,27.877041],"centroid":[113.861908,27.819566],"childrenNum":0,"level":"district","acroutes":[100000,360000,360300],"parent":{"adcode":360300}}