{"children":[],"adcode":360313,"name":"湘东区","center":[113.7456,27.639319],"centroid":[113.722985,27.51089],"childrenNum":0,"level":"district","acroutes":[100000,360000,360300],"parent":{"adcode":360300}}