{"children":[],"adcode":360321,"name":"莲花县","center":[113.955582,27.127807],"centroid":[113.954063,27.216714],"childrenNum":0,"level":"district","acroutes":[100000,360000,360300],"parent":{"adcode":360300}}