{"children":[],"adcode":360403,"name":"浔阳区","center":[115.995947,29.72465],"centroid":[116.014238,29.72619],"childrenNum":0,"level":"district","acroutes":[100000,360000,360400],"parent":{"adcode":360400}}