{"children":[],"adcode":360402,"name":"濂溪区","center":[115.99012,29.676175],"centroid":[116.049502,29.665002],"childrenNum":0,"level":"district","acroutes":[100000,360000,360400],"parent":{"adcode":360400}}