{"children":[],"adcode":360430,"name":"彭泽县","center":[116.55584,29.898865],"centroid":[116.622256,29.829337],"childrenNum":0,"level":"district","acroutes":[100000,360000,360400],"parent":{"adcode":360400}}