{"children":[],"adcode":360483,"name":"庐山市","center":[116.043743,29.456169],"centroid":[115.986342,29.416783],"childrenNum":0,"level":"district","acroutes":[100000,360000,360400],"parent":{"adcode":360400}}