{"children":[],"adcode":360429,"name":"湖口县","center":[116.244313,29.7263],"centroid":[116.286013,29.661971],"childrenNum":0,"level":"district","acroutes":[100000,360000,360400],"parent":{"adcode":360400}}