{"children":[],"adcode":360482,"name":"共青城市","center":[115.805712,29.247884],"centroid":[115.827363,29.250794],"childrenNum":0,"level":"district","acroutes":[100000,360000,360400],"parent":{"adcode":360400}}