{"children":[],"adcode":360481,"name":"瑞昌市","center":[115.669081,29.676599],"centroid":[115.453558,29.624196],"childrenNum":0,"level":"district","acroutes":[100000,360000,360400],"parent":{"adcode":360400}}