{"children":[],"adcode":360404,"name":"柴桑区","center":[115.892977,29.610264],"centroid":[115.792634,29.609933],"childrenNum":0,"level":"district","acroutes":[100000,360000,360400],"parent":{"adcode":360400}}