{"children":[],"adcode":360423,"name":"武宁县","center":[115.105646,29.260182],"centroid":[115.016025,29.257816],"childrenNum":0,"level":"district","acroutes":[100000,360000,360400],"parent":{"adcode":360400}}