{"children":[],"adcode":360425,"name":"永修县","center":[115.809055,29.018212],"centroid":[115.736928,29.131943],"childrenNum":0,"level":"district","acroutes":[100000,360000,360400],"parent":{"adcode":360400}}