{"children":[],"adcode":360424,"name":"修水县","center":[114.573428,29.032729],"centroid":[114.438737,28.99451],"childrenNum":0,"level":"district","acroutes":[100000,360000,360400],"parent":{"adcode":360400}}