{"children":[],"adcode":360428,"name":"都昌县","center":[116.205114,29.275105],"centroid":[116.33331,29.325828],"childrenNum":0,"level":"district","acroutes":[100000,360000,360400],"parent":{"adcode":360400}}