{"children":[],"adcode":360426,"name":"德安县","center":[115.762611,29.327474],"centroid":[115.614931,29.406217],"childrenNum":0,"level":"district","acroutes":[100000,360000,360400],"parent":{"adcode":360400}}