{"children":[],"adcode":360521,"name":"分宜县","center":[114.675262,27.811301],"centroid":[114.670946,27.838859],"childrenNum":0,"level":"district","acroutes":[100000,360000,360500],"parent":{"adcode":360500}}