{"children":[{"adcode":360502,"name":"渝水区","center":[114.923923,27.819171],"centroid":[115.000017,27.844839],"childrenNum":0,"level":"district","parent":{"adcode":360500},"subFeatureIndex":0,"acroutes":[100000,360000,360500]},{"adcode":360521,"name":"分宜县","center":[114.675262,27.811301],"centroid":[114.670946,27.838859],"childrenNum":0,"level":"district","parent":{"adcode":360500},"subFeatureIndex":1,"acroutes":[100000,360000,360500]}],"adcode":360500,"name":"新余市","center":[114.930835,27.810834],"centroid":[114.857327,27.842246],"childrenNum":2,"level":"city","acroutes":[100000,360000],"parent":{"adcode":360000}}