{"children":[],"adcode":360502,"name":"渝水区","center":[114.923923,27.819171],"centroid":[115.000017,27.844839],"childrenNum":0,"level":"district","acroutes":[100000,360000,360500],"parent":{"adcode":360500}}