{"children":[],"adcode":360681,"name":"贵溪市","center":[117.212103,28.283693],"centroid":[117.190736,28.186009],"childrenNum":0,"level":"district","acroutes":[100000,360000,360600],"parent":{"adcode":360600}}