{"children":[{"adcode":360602,"name":"月湖区","center":[117.034112,28.239076],"centroid":[117.050437,28.24086],"childrenNum":0,"level":"district","parent":{"adcode":360600},"subFeatureIndex":0,"acroutes":[100000,360000,360600]},{"adcode":360603,"name":"余江区","center":[116.822763,28.206177],"centroid":[116.913619,28.314635],"childrenNum":0,"level":"district","parent":{"adcode":360600},"subFeatureIndex":1,"acroutes":[100000,360000,360600]},{"adcode":360681,"name":"贵溪市","center":[117.212103,28.283693],"centroid":[117.190736,28.186009],"childrenNum":0,"level":"district","parent":{"adcode":360600},"subFeatureIndex":2,"acroutes":[100000,360000,360600]}],"adcode":360600,"name":"鹰潭市","center":[117.033838,28.238638],"centroid":[117.112472,28.221953],"childrenNum":3,"level":"city","acroutes":[100000,360000],"parent":{"adcode":360000}}