{"children":[],"adcode":360603,"name":"余江区","center":[116.822763,28.206177],"centroid":[116.913619,28.314635],"childrenNum":0,"level":"district","acroutes":[100000,360000,360600],"parent":{"adcode":360600}}