{"children":[],"adcode":360602,"name":"月湖区","center":[117.034112,28.239076],"centroid":[117.050437,28.24086],"childrenNum":0,"level":"district","acroutes":[100000,360000,360600],"parent":{"adcode":360600}}