{"children":[],"adcode":360722,"name":"信丰县","center":[114.930893,25.38023],"centroid":[114.975481,25.280707],"childrenNum":0,"level":"district","acroutes":[100000,360000,360700],"parent":{"adcode":360700}}