{"children":[],"adcode":360724,"name":"上犹县","center":[114.540537,25.794284],"centroid":[114.396197,25.933383],"childrenNum":0,"level":"district","acroutes":[100000,360000,360700],"parent":{"adcode":360700}}