{"children":[],"adcode":360703,"name":"南康区","center":[114.756933,25.661721],"centroid":[114.696299,25.832669],"childrenNum":0,"level":"district","acroutes":[100000,360000,360700],"parent":{"adcode":360700}}