{"children":[],"adcode":360734,"name":"寻乌县","center":[115.651399,24.954136],"centroid":[115.659991,24.899152],"childrenNum":0,"level":"district","acroutes":[100000,360000,360700],"parent":{"adcode":360700}}