{"children":[],"adcode":360730,"name":"宁都县","center":[116.018782,26.472054],"centroid":[116.005963,26.58449],"childrenNum":0,"level":"district","acroutes":[100000,360000,360700],"parent":{"adcode":360700}}