{"children":[],"adcode":360723,"name":"大余县","center":[114.362243,25.395937],"centroid":[114.362509,25.443382],"childrenNum":0,"level":"district","acroutes":[100000,360000,360700],"parent":{"adcode":360700}}