{"children":[],"adcode":360732,"name":"兴国县","center":[115.351896,26.330489],"centroid":[115.439495,26.419303],"childrenNum":0,"level":"district","acroutes":[100000,360000,360700],"parent":{"adcode":360700}}