{"children":[],"adcode":360731,"name":"于都县","center":[115.411198,25.955033],"centroid":[115.502678,25.931466],"childrenNum":0,"level":"district","acroutes":[100000,360000,360700],"parent":{"adcode":360700}}