{"children":[],"adcode":360729,"name":"全南县","center":[114.531589,24.742651],"centroid":[114.511631,24.842917],"childrenNum":0,"level":"district","acroutes":[100000,360000,360700],"parent":{"adcode":360700}}