{"children":[],"adcode":360728,"name":"定南县","center":[115.03267,24.774277],"centroid":[115.088378,24.819702],"childrenNum":0,"level":"district","acroutes":[100000,360000,360700],"parent":{"adcode":360700}}