{"children":[],"adcode":360733,"name":"会昌县","center":[115.791158,25.599125],"centroid":[115.75834,25.500701],"childrenNum":0,"level":"district","acroutes":[100000,360000,360700],"parent":{"adcode":360700}}