{"children":[],"adcode":360704,"name":"赣县区","center":[115.018461,25.865432],"centroid":[115.066147,25.895865],"childrenNum":0,"level":"district","acroutes":[100000,360000,360700],"parent":{"adcode":360700}}