{"children":[],"adcode":360725,"name":"崇义县","center":[114.307348,25.687911],"centroid":[114.19239,25.672703],"childrenNum":0,"level":"district","acroutes":[100000,360000,360700],"parent":{"adcode":360700}}