{"children":[],"adcode":360781,"name":"瑞金市","center":[116.034854,25.875278],"centroid":[115.979264,25.916274],"childrenNum":0,"level":"district","acroutes":[100000,360000,360700],"parent":{"adcode":360700}}