{"children":[],"adcode":360726,"name":"安远县","center":[115.392328,25.134591],"centroid":[115.389607,25.232415],"childrenNum":0,"level":"district","acroutes":[100000,360000,360700],"parent":{"adcode":360700}}