{"children":[],"adcode":360783,"name":"龙南市","center":[114.792657,24.90476],"centroid":[114.726965,24.767921],"childrenNum":0,"level":"district","acroutes":[100000,360000,360700],"parent":{"adcode":360700}}