{"children":[],"adcode":360735,"name":"石城县","center":[116.342249,26.326582],"centroid":[116.365656,26.300598],"childrenNum":0,"level":"district","acroutes":[100000,360000,360700],"parent":{"adcode":360700}}