{"children":[],"adcode":360702,"name":"章贡区","center":[114.93872,25.851367],"centroid":[114.919866,25.814665],"childrenNum":0,"level":"district","acroutes":[100000,360000,360700],"parent":{"adcode":360700}}