{"children":[],"adcode":360802,"name":"吉州区","center":[114.987331,27.112367],"centroid":[114.940577,27.150739],"childrenNum":0,"level":"district","acroutes":[100000,360000,360800],"parent":{"adcode":360800}}