{"children":[],"adcode":360824,"name":"新干县","center":[115.399294,27.755758],"centroid":[115.501718,27.732716],"childrenNum":0,"level":"district","acroutes":[100000,360000,360800],"parent":{"adcode":360800}}