{"children":[],"adcode":360822,"name":"吉水县","center":[115.134569,27.213445],"centroid":[115.246722,27.194906],"childrenNum":0,"level":"district","acroutes":[100000,360000,360800],"parent":{"adcode":360800}}