{"children":[],"adcode":360828,"name":"万安县","center":[114.784694,26.462085],"centroid":[114.818047,26.439294],"childrenNum":0,"level":"district","acroutes":[100000,360000,360800],"parent":{"adcode":360800}}