{"children":[],"adcode":360803,"name":"青原区","center":[115.016306,27.105879],"centroid":[115.224044,26.894879],"childrenNum":0,"level":"district","acroutes":[100000,360000,360800],"parent":{"adcode":360800}}