{"children":[],"adcode":360827,"name":"遂川县","center":[114.51689,26.323705],"centroid":[114.364445,26.338219],"childrenNum":0,"level":"district","acroutes":[100000,360000,360800],"parent":{"adcode":360800}}