{"children":[],"adcode":360826,"name":"泰和县","center":[114.901393,26.790164],"centroid":[114.934187,26.737471],"childrenNum":0,"level":"district","acroutes":[100000,360000,360800],"parent":{"adcode":360800}}