{"children":[],"adcode":360821,"name":"吉安县","center":[114.905117,27.040042],"centroid":[114.743834,27.137422],"childrenNum":0,"level":"district","acroutes":[100000,360000,360800],"parent":{"adcode":360800}}