{"children":[],"adcode":360825,"name":"永丰县","center":[115.435559,27.321087],"centroid":[115.586677,27.091665],"childrenNum":0,"level":"district","acroutes":[100000,360000,360800],"parent":{"adcode":360800}}