{"children":[],"adcode":360823,"name":"峡江县","center":[115.319331,27.580862],"centroid":[115.208061,27.583725],"childrenNum":0,"level":"district","acroutes":[100000,360000,360800],"parent":{"adcode":360800}}