{"children":[],"adcode":360830,"name":"永新县","center":[114.242534,26.944721],"centroid":[114.18396,26.968921],"childrenNum":0,"level":"district","acroutes":[100000,360000,360800],"parent":{"adcode":360800}}