{"children":[],"adcode":360829,"name":"安福县","center":[114.61384,27.382746],"centroid":[114.449024,27.35538],"childrenNum":0,"level":"district","acroutes":[100000,360000,360800],"parent":{"adcode":360800}}