{"children":[],"adcode":360881,"name":"井冈山市","center":[114.284421,26.745919],"centroid":[114.14755,26.64284],"childrenNum":0,"level":"district","acroutes":[100000,360000,360800],"parent":{"adcode":360800}}