{"children":[],"adcode":360923,"name":"上高县","center":[114.932653,28.234789],"centroid":[114.854614,28.192959],"childrenNum":0,"level":"district","acroutes":[100000,360000,360900],"parent":{"adcode":360900}}