{"children":[],"adcode":360981,"name":"丰城市","center":[115.786005,28.191584],"centroid":[115.817186,28.106915],"childrenNum":0,"level":"district","acroutes":[100000,360000,360900],"parent":{"adcode":360900}}