{"children":[],"adcode":360982,"name":"樟树市","center":[115.543388,28.055898],"centroid":[115.416278,27.996351],"childrenNum":0,"level":"district","acroutes":[100000,360000,360900],"parent":{"adcode":360900}}