{"children":[],"adcode":360922,"name":"万载县","center":[114.449012,28.104528],"centroid":[114.329814,28.203587],"childrenNum":0,"level":"district","acroutes":[100000,360000,360900],"parent":{"adcode":360900}}