{"children":[],"adcode":360925,"name":"靖安县","center":[115.361744,28.86054],"centroid":[115.231144,28.940173],"childrenNum":0,"level":"district","acroutes":[100000,360000,360900],"parent":{"adcode":360900}}