{"children":[],"adcode":360924,"name":"宜丰县","center":[114.787381,28.388289],"centroid":[114.767853,28.448926],"childrenNum":0,"level":"district","acroutes":[100000,360000,360900],"parent":{"adcode":360900}}