{"children":[],"adcode":360921,"name":"奉新县","center":[115.389899,28.700672],"centroid":[115.172488,28.709015],"childrenNum":0,"level":"district","acroutes":[100000,360000,360900],"parent":{"adcode":360900}}