{"children":[],"adcode":360983,"name":"高安市","center":[115.381527,28.420951],"centroid":[115.298046,28.359194],"childrenNum":0,"level":"district","acroutes":[100000,360000,360900],"parent":{"adcode":360900}}