{"children":[],"adcode":360902,"name":"袁州区","center":[114.387379,27.800117],"centroid":[114.283623,27.833932],"childrenNum":0,"level":"district","acroutes":[100000,360000,360900],"parent":{"adcode":360900}}