{"children":[],"adcode":360926,"name":"铜鼓县","center":[114.37014,28.520956],"centroid":[114.363656,28.609484],"childrenNum":0,"level":"district","acroutes":[100000,360000,360900],"parent":{"adcode":360900}}