{"children":[],"adcode":361026,"name":"宜黄县","center":[116.223023,27.546512],"centroid":[116.244607,27.388422],"childrenNum":0,"level":"district","acroutes":[100000,360000,361000],"parent":{"adcode":361000}}