{"children":[],"adcode":361003,"name":"东乡区","center":[116.605341,28.2325],"centroid":[116.609981,28.213723],"childrenNum":0,"level":"district","acroutes":[100000,360000,361000],"parent":{"adcode":361000}}