{"children":[],"adcode":361028,"name":"资溪县","center":[117.066095,27.70653],"centroid":[117.027993,27.738459],"childrenNum":0,"level":"district","acroutes":[100000,360000,361000],"parent":{"adcode":361000}}