{"children":[],"adcode":361025,"name":"乐安县","center":[115.838432,27.420101],"centroid":[115.837253,27.366968],"childrenNum":0,"level":"district","acroutes":[100000,360000,361000],"parent":{"adcode":361000}}