{"children":[],"adcode":361023,"name":"南丰县","center":[116.532994,27.210132],"centroid":[116.493154,27.110258],"childrenNum":0,"level":"district","acroutes":[100000,360000,361000],"parent":{"adcode":361000}}