{"children":[],"adcode":361002,"name":"临川区","center":[116.361404,27.981919],"centroid":[116.35399,27.918256],"childrenNum":0,"level":"district","acroutes":[100000,360000,361000],"parent":{"adcode":361000}}