{"children":[],"adcode":361027,"name":"金溪县","center":[116.778751,27.907387],"centroid":[116.751192,27.927732],"childrenNum":0,"level":"district","acroutes":[100000,360000,361000],"parent":{"adcode":361000}}