{"children":[],"adcode":361024,"name":"崇仁县","center":[116.059109,27.760907],"centroid":[116.059214,27.708025],"childrenNum":0,"level":"district","acroutes":[100000,360000,361000],"parent":{"adcode":361000}}