{"children":[],"adcode":361022,"name":"黎川县","center":[116.91457,27.292561],"centroid":[116.925134,27.255059],"childrenNum":0,"level":"district","acroutes":[100000,360000,361000],"parent":{"adcode":361000}}