{"children":[],"adcode":361030,"name":"广昌县","center":[116.327291,26.838426],"centroid":[116.355558,26.756148],"childrenNum":0,"level":"district","acroutes":[100000,360000,361000],"parent":{"adcode":361000}}