{"children":[],"adcode":361021,"name":"南城县","center":[116.63945,27.55531],"centroid":[116.674593,27.51427],"childrenNum":0,"level":"district","acroutes":[100000,360000,361000],"parent":{"adcode":361000}}