{"children":[],"adcode":361123,"name":"玉山县","center":[118.244408,28.673479],"centroid":[118.162501,28.753919],"childrenNum":0,"level":"district","acroutes":[100000,360000,361100],"parent":{"adcode":361100}}