{"children":[],"adcode":361103,"name":"广丰区","center":[118.189852,28.440285],"centroid":[118.271281,28.359201],"childrenNum":0,"level":"district","acroutes":[100000,360000,361100],"parent":{"adcode":361100}}