{"children":[],"adcode":361181,"name":"德兴市","center":[117.578732,28.945034],"centroid":[117.747025,28.934452],"childrenNum":0,"level":"district","acroutes":[100000,360000,361100],"parent":{"adcode":361100}}