{"children":[],"adcode":361128,"name":"鄱阳县","center":[116.673748,28.993374],"centroid":[116.784741,29.2389],"childrenNum":0,"level":"district","acroutes":[100000,360000,361100],"parent":{"adcode":361100}}