{"children":[],"adcode":361125,"name":"横峰县","center":[117.608247,28.415103],"centroid":[117.63714,28.508047],"childrenNum":0,"level":"district","acroutes":[100000,360000,361100],"parent":{"adcode":361100}}