{"children":[],"adcode":361126,"name":"弋阳县","center":[117.435002,28.402391],"centroid":[117.409393,28.446456],"childrenNum":0,"level":"district","acroutes":[100000,360000,361100],"parent":{"adcode":361100}}