{"children":[],"adcode":361127,"name":"余干县","center":[116.691072,28.69173],"centroid":[116.612944,28.677033],"childrenNum":0,"level":"district","acroutes":[100000,360000,361100],"parent":{"adcode":361100}}