{"children":[],"adcode":361129,"name":"万年县","center":[117.07015,28.692589],"centroid":[117.007551,28.698552],"childrenNum":0,"level":"district","acroutes":[100000,360000,361100],"parent":{"adcode":361100}}