{"children":[],"adcode":361130,"name":"婺源县","center":[117.86219,29.254015],"centroid":[117.780025,29.321716],"childrenNum":0,"level":"district","acroutes":[100000,360000,361100],"parent":{"adcode":361100}}