{"children":[],"adcode":361104,"name":"广信区","center":[117.90612,28.453897],"childrenNum":0,"level":"district","acroutes":[100000,360000,361100],"parent":{"adcode":361100}}