{"children":[],"adcode":361102,"name":"信州区","center":[117.970522,28.445378],"centroid":[118.052282,28.490137],"childrenNum":0,"level":"district","acroutes":[100000,360000,361100],"parent":{"adcode":361100}}