{"children":[],"adcode":361124,"name":"铅山县","center":[117.711906,28.310892],"centroid":[117.706259,28.104391],"childrenNum":0,"level":"district","acroutes":[100000,360000,361100],"parent":{"adcode":361100}}