{"children":[],"adcode":370124,"name":"平阴县","center":[116.455054,36.286923],"centroid":[116.415506,36.195741],"childrenNum":0,"level":"district","acroutes":[100000,370000,370100],"parent":{"adcode":370100}}