{"children":[],"adcode":370114,"name":"章丘区","center":[117.54069,36.71209],"centroid":[117.473408,36.737524],"childrenNum":0,"level":"district","acroutes":[100000,370000,370100],"parent":{"adcode":370100}}