{"children":[],"adcode":370117,"name":"钢城区","center":[117.82033,36.058038],"centroid":[117.835828,36.130853],"childrenNum":0,"level":"district","acroutes":[100000,370000,370100],"parent":{"adcode":370100}}