{"children":[],"adcode":370105,"name":"天桥区","center":[116.996086,36.693374],"centroid":[116.978893,36.772343],"childrenNum":0,"level":"district","acroutes":[100000,370000,370100],"parent":{"adcode":370100}}