{"children":[],"adcode":370103,"name":"市中区","center":[116.99898,36.657354],"centroid":[116.971622,36.57841],"childrenNum":0,"level":"district","acroutes":[100000,370000,370100],"parent":{"adcode":370100}}