{"children":[],"adcode":370116,"name":"莱芜区","center":[117.675808,36.214395],"centroid":[117.617686,36.314311],"childrenNum":0,"level":"district","acroutes":[100000,370000,370100],"parent":{"adcode":370100}}