{"children":[],"adcode":370102,"name":"历下区","center":[117.03862,36.664169],"centroid":[117.097207,36.65519],"childrenNum":0,"level":"district","acroutes":[100000,370000,370100],"parent":{"adcode":370100}}