{"children":[],"adcode":370126,"name":"商河县","center":[117.156369,37.310544],"centroid":[117.203044,37.319399],"childrenNum":0,"level":"district","acroutes":[100000,370000,370100],"parent":{"adcode":370100}}