{"children":[],"adcode":370112,"name":"历城区","center":[117.063744,36.681744],"centroid":[117.184517,36.606298],"childrenNum":0,"level":"district","acroutes":[100000,370000,370100],"parent":{"adcode":370100}}