{"children":[],"adcode":370104,"name":"槐荫区","center":[116.947921,36.668205],"centroid":[116.885114,36.678414],"childrenNum":0,"level":"district","acroutes":[100000,370000,370100],"parent":{"adcode":370100}}