{"children":[],"adcode":370113,"name":"长清区","center":[116.74588,36.561049],"centroid":[116.796232,36.421327],"childrenNum":0,"level":"district","acroutes":[100000,370000,370100],"parent":{"adcode":370100}}