{"children":[],"adcode":370115,"name":"济阳区","center":[117.176035,36.976771],"centroid":[117.145463,37.026132],"childrenNum":0,"level":"district","acroutes":[100000,370000,370100],"parent":{"adcode":370100}}