{"children":[],"adcode":370203,"name":"市北区","center":[120.355026,36.083819],"centroid":[120.366891,36.111867],"childrenNum":0,"level":"district","acroutes":[100000,370000,370200],"parent":{"adcode":370200}}