{"children":[],"adcode":370281,"name":"胶州市","center":[120.006202,36.285878],"centroid":[119.953343,36.24043],"childrenNum":0,"level":"district","acroutes":[100000,370000,370200],"parent":{"adcode":370200}}