{"children":[],"adcode":370212,"name":"崂山区","center":[120.467393,36.102569],"centroid":[120.580013,36.189115],"childrenNum":0,"level":"district","acroutes":[100000,370000,370200],"parent":{"adcode":370200}}