{"children":[],"adcode":370202,"name":"市南区","center":[120.395966,36.070892],"centroid":[120.364533,36.065674],"childrenNum":0,"level":"district","acroutes":[100000,370000,370200],"parent":{"adcode":370200}}