{"children":[],"adcode":370283,"name":"平度市","center":[119.959012,36.788828],"centroid":[119.944487,36.782164],"childrenNum":0,"level":"district","acroutes":[100000,370000,370200],"parent":{"adcode":370200}}