{"children":[],"adcode":370215,"name":"即墨区","center":[120.447352,36.390847],"centroid":[120.524774,36.482445],"childrenNum":0,"level":"district","acroutes":[100000,370000,370200],"parent":{"adcode":370200}}