{"children":[],"adcode":370211,"name":"黄岛区","center":[119.995518,35.875138],"centroid":[119.883281,35.859051],"childrenNum":0,"level":"district","acroutes":[100000,370000,370200],"parent":{"adcode":370200}}