{"children":[],"adcode":370285,"name":"莱西市","center":[120.526226,36.86509],"centroid":[120.435764,36.858461],"childrenNum":0,"level":"district","acroutes":[100000,370000,370200],"parent":{"adcode":370200}}