{"children":[],"adcode":370213,"name":"李沧区","center":[120.421236,36.160023],"centroid":[120.421969,36.185575],"childrenNum":0,"level":"district","acroutes":[100000,370000,370200],"parent":{"adcode":370200}}