{"children":[],"adcode":370214,"name":"城阳区","center":[120.389135,36.306833],"centroid":[120.32982,36.274819],"childrenNum":0,"level":"district","acroutes":[100000,370000,370200],"parent":{"adcode":370200}}