{"children":[],"adcode":370303,"name":"张店区","center":[118.053521,36.807049],"centroid":[118.069129,36.813655],"childrenNum":0,"level":"district","acroutes":[100000,370000,370300],"parent":{"adcode":370300}}