{"children":[],"adcode":370305,"name":"临淄区","center":[118.306018,36.816657],"centroid":[118.292042,36.847534],"childrenNum":0,"level":"district","acroutes":[100000,370000,370300],"parent":{"adcode":370300}}