{"children":[],"adcode":370322,"name":"高青县","center":[117.829839,37.169581],"centroid":[117.819065,37.164952],"childrenNum":0,"level":"district","acroutes":[100000,370000,370300],"parent":{"adcode":370300}}