{"children":[],"adcode":370321,"name":"桓台县","center":[118.101556,36.959773],"centroid":[118.026774,36.992528],"childrenNum":0,"level":"district","acroutes":[100000,370000,370300],"parent":{"adcode":370300}}