{"children":[],"adcode":370323,"name":"沂源县","center":[118.166161,36.186282],"centroid":[118.197453,36.129337],"childrenNum":0,"level":"district","acroutes":[100000,370000,370300],"parent":{"adcode":370300}}