{"children":[],"adcode":370306,"name":"周村区","center":[117.851036,36.803699],"centroid":[117.863619,36.75131],"childrenNum":0,"level":"district","acroutes":[100000,370000,370300],"parent":{"adcode":370300}}