{"children":[],"adcode":370304,"name":"博山区","center":[117.85823,36.497567],"centroid":[117.95822,36.419783],"childrenNum":0,"level":"district","acroutes":[100000,370000,370300],"parent":{"adcode":370300}}