{"children":[],"adcode":370302,"name":"淄川区","center":[117.967696,36.647272],"centroid":[118.02174,36.576143],"childrenNum":0,"level":"district","acroutes":[100000,370000,370300],"parent":{"adcode":370300}}