{"children":[],"adcode":370403,"name":"薛城区","center":[117.265293,34.79789],"centroid":[117.352725,34.790064],"childrenNum":0,"level":"district","acroutes":[100000,370000,370400],"parent":{"adcode":370400}}