{"children":[],"adcode":370404,"name":"峄城区","center":[117.586316,34.767713],"centroid":[117.597292,34.709874],"childrenNum":0,"level":"district","acroutes":[100000,370000,370400],"parent":{"adcode":370400}}