{"children":[],"adcode":370402,"name":"市中区","center":[117.557281,34.856651],"centroid":[117.599075,34.864542],"childrenNum":0,"level":"district","acroutes":[100000,370000,370400],"parent":{"adcode":370400}}