{"children":[],"adcode":370405,"name":"台儿庄区","center":[117.734747,34.564815],"centroid":[117.632851,34.581812],"childrenNum":0,"level":"district","acroutes":[100000,370000,370400],"parent":{"adcode":370400}}