{"children":[],"adcode":370406,"name":"山亭区","center":[117.458968,35.096077],"centroid":[117.478181,35.087394],"childrenNum":0,"level":"district","acroutes":[100000,370000,370400],"parent":{"adcode":370400}}