{"children":[],"adcode":370481,"name":"滕州市","center":[117.162098,35.088498],"centroid":[117.141218,35.060224],"childrenNum":0,"level":"district","acroutes":[100000,370000,370400],"parent":{"adcode":370400}}