{"children":[],"adcode":370502,"name":"东营区","center":[118.507543,37.461567],"centroid":[118.61368,37.402343],"childrenNum":0,"level":"district","acroutes":[100000,370000,370500],"parent":{"adcode":370500}}