{"children":[],"adcode":370522,"name":"利津县","center":[118.248854,37.493365],"centroid":[118.390598,37.646697],"childrenNum":0,"level":"district","acroutes":[100000,370000,370500],"parent":{"adcode":370500}}