{"children":[],"adcode":370505,"name":"垦利区","center":[118.551314,37.588679],"centroid":[118.850613,37.677096],"childrenNum":0,"level":"district","acroutes":[100000,370000,370500],"parent":{"adcode":370500}}