{"children":[],"adcode":370503,"name":"河口区","center":[118.529613,37.886015],"childrenNum":0,"level":"district","acroutes":[100000,370000,370500],"parent":{"adcode":370500}}