{"children":[],"adcode":370523,"name":"广饶县","center":[118.407522,37.05161],"centroid":[118.546778,37.160723],"childrenNum":0,"level":"district","acroutes":[100000,370000,370500],"parent":{"adcode":370500}}