{"children":[],"adcode":370614,"name":"蓬莱区","center":[120.759074,37.811045],"centroid":[120.839122,37.658022],"childrenNum":0,"level":"district","acroutes":[100000,370000,370600],"parent":{"adcode":370600}}