{"children":[],"adcode":370612,"name":"牟平区","center":[121.60151,37.388356],"centroid":[121.574704,37.273789],"childrenNum":0,"level":"district","acroutes":[100000,370000,370600],"parent":{"adcode":370600}}