{"children":[],"adcode":370682,"name":"莱阳市","center":[120.711151,36.977037],"centroid":[120.745014,36.896539],"childrenNum":0,"level":"district","acroutes":[100000,370000,370600],"parent":{"adcode":370600}}