{"children":[],"adcode":370686,"name":"栖霞市","center":[120.834097,37.305854],"centroid":[120.88468,37.284486],"childrenNum":0,"level":"district","acroutes":[100000,370000,370600],"parent":{"adcode":370600}}