{"children":[],"adcode":370611,"name":"福山区","center":[121.264741,37.496875],"centroid":[121.139729,37.484174],"childrenNum":0,"level":"district","acroutes":[100000,370000,370600],"parent":{"adcode":370600}}