{"children":[],"adcode":370613,"name":"莱山区","center":[121.448866,37.473549],"centroid":[121.430986,37.38466],"childrenNum":0,"level":"district","acroutes":[100000,370000,370600],"parent":{"adcode":370600}}