{"children":[],"adcode":370602,"name":"芝罘区","center":[121.385877,37.540925],"centroid":[121.358015,37.523889],"childrenNum":0,"level":"district","acroutes":[100000,370000,370600],"parent":{"adcode":370600}}