{"children":[],"adcode":370685,"name":"招远市","center":[120.403142,37.364919],"centroid":[120.391485,37.338874],"childrenNum":0,"level":"district","acroutes":[100000,370000,370600],"parent":{"adcode":370600}}