{"children":[],"adcode":370683,"name":"莱州市","center":[119.942135,37.182725],"centroid":[119.982259,37.188957],"childrenNum":0,"level":"district","acroutes":[100000,370000,370600],"parent":{"adcode":370600}}