{"children":[],"adcode":370681,"name":"龙口市","center":[120.528328,37.648446],"centroid":[120.493223,37.608207],"childrenNum":0,"level":"district","acroutes":[100000,370000,370600],"parent":{"adcode":370600}}