{"children":[],"adcode":370687,"name":"海阳市","center":[121.168392,36.780657],"centroid":[121.108584,36.843098],"childrenNum":0,"level":"district","acroutes":[100000,370000,370600],"parent":{"adcode":370600}}