{"children":[],"adcode":370783,"name":"寿光市","center":[118.736451,36.874411],"centroid":[118.822348,37.013323],"childrenNum":0,"level":"district","acroutes":[100000,370000,370700],"parent":{"adcode":370700}}