{"children":[],"adcode":370784,"name":"安丘市","center":[119.206886,36.427417],"centroid":[119.110926,36.299107],"childrenNum":0,"level":"district","acroutes":[100000,370000,370700],"parent":{"adcode":370700}}