{"children":[],"adcode":370724,"name":"临朐县","center":[118.539876,36.516371],"centroid":[118.551234,36.36],"childrenNum":0,"level":"district","acroutes":[100000,370000,370700],"parent":{"adcode":370700}}