{"children":[],"adcode":370702,"name":"潍城区","center":[119.103784,36.710062],"centroid":[119.027358,36.696784],"childrenNum":0,"level":"district","acroutes":[100000,370000,370700],"parent":{"adcode":370700}}