{"children":[],"adcode":370786,"name":"昌邑市","center":[119.394502,36.854937],"centroid":[119.440827,36.877493],"childrenNum":0,"level":"district","acroutes":[100000,370000,370700],"parent":{"adcode":370700}}