{"children":[],"adcode":370785,"name":"高密市","center":[119.757033,36.37754],"centroid":[119.7071,36.381241],"childrenNum":0,"level":"district","acroutes":[100000,370000,370700],"parent":{"adcode":370700}}