{"children":[],"adcode":370725,"name":"昌乐县","center":[118.839995,36.703253],"centroid":[118.908025,36.53013],"childrenNum":0,"level":"district","acroutes":[100000,370000,370700],"parent":{"adcode":370700}}