{"children":[],"adcode":370781,"name":"青州市","center":[118.484693,36.697855],"centroid":[118.462705,36.675137],"childrenNum":0,"level":"district","acroutes":[100000,370000,370700],"parent":{"adcode":370700}}