{"children":[],"adcode":370703,"name":"寒亭区","center":[119.207866,36.772103],"centroid":[119.141523,36.996913],"childrenNum":0,"level":"district","acroutes":[100000,370000,370700],"parent":{"adcode":370700}}