{"children":[],"adcode":370782,"name":"诸城市","center":[119.403182,35.997093],"centroid":[119.409842,36.006972],"childrenNum":0,"level":"district","acroutes":[100000,370000,370700],"parent":{"adcode":370700}}