{"children":[],"adcode":370705,"name":"奎文区","center":[119.137357,36.709494],"centroid":[119.190687,36.686011],"childrenNum":0,"level":"district","acroutes":[100000,370000,370700],"parent":{"adcode":370700}}