{"children":[],"adcode":370704,"name":"坊子区","center":[119.166326,36.654616],"centroid":[119.361249,36.529478],"childrenNum":0,"level":"district","acroutes":[100000,370000,370700],"parent":{"adcode":370700}}