{"children":[],"adcode":370832,"name":"梁山县","center":[116.08963,35.801843],"centroid":[116.118264,35.795212],"childrenNum":0,"level":"district","acroutes":[100000,370000,370800],"parent":{"adcode":370800}}