{"children":[],"adcode":370830,"name":"汶上县","center":[116.487146,35.721746],"centroid":[116.499715,35.710729],"childrenNum":0,"level":"district","acroutes":[100000,370000,370800],"parent":{"adcode":370800}}