{"children":[],"adcode":370826,"name":"微山县","center":[117.12861,34.809525],"centroid":[116.979944,34.884615],"childrenNum":0,"level":"district","acroutes":[100000,370000,370800],"parent":{"adcode":370800}}