{"children":[],"adcode":370811,"name":"任城区","center":[116.595261,35.414828],"centroid":[116.567965,35.376156],"childrenNum":0,"level":"district","acroutes":[100000,370000,370800],"parent":{"adcode":370800}}