{"children":[],"adcode":370828,"name":"金乡县","center":[116.310364,35.06977],"centroid":[116.309572,35.047851],"childrenNum":0,"level":"district","acroutes":[100000,370000,370800],"parent":{"adcode":370800}}