{"children":[],"adcode":370827,"name":"鱼台县","center":[116.650023,34.997706],"centroid":[116.567999,35.014974],"childrenNum":0,"level":"district","acroutes":[100000,370000,370800],"parent":{"adcode":370800}}