{"children":[],"adcode":370883,"name":"邹城市","center":[116.96673,35.405259],"centroid":[117.082719,35.348174],"childrenNum":0,"level":"district","acroutes":[100000,370000,370800],"parent":{"adcode":370800}}