{"children":[],"adcode":370881,"name":"曲阜市","center":[116.991885,35.592788],"centroid":[117.026208,35.610708],"childrenNum":0,"level":"district","acroutes":[100000,370000,370800],"parent":{"adcode":370800}}