{"children":[],"adcode":370831,"name":"泗水县","center":[117.273605,35.653216],"centroid":[117.340811,35.634751],"childrenNum":0,"level":"district","acroutes":[100000,370000,370800],"parent":{"adcode":370800}}