{"children":[],"adcode":370829,"name":"嘉祥县","center":[116.342885,35.398098],"centroid":[116.300741,35.427136],"childrenNum":0,"level":"district","acroutes":[100000,370000,370800],"parent":{"adcode":370800}}