{"children":[],"adcode":370812,"name":"兖州区","center":[116.828996,35.556445],"centroid":[116.747087,35.568254],"childrenNum":0,"level":"district","acroutes":[100000,370000,370800],"parent":{"adcode":370800}}