{"children":[],"adcode":370923,"name":"东平县","center":[116.461052,35.930467],"centroid":[116.33428,35.969485],"childrenNum":0,"level":"district","acroutes":[100000,370000,370900],"parent":{"adcode":370900}}