{"children":[],"adcode":370902,"name":"泰山区","center":[117.129984,36.189313],"centroid":[117.176713,36.209489],"childrenNum":0,"level":"district","acroutes":[100000,370000,370900],"parent":{"adcode":370900}}