{"children":[],"adcode":370983,"name":"肥城市","center":[116.763703,36.1856],"centroid":[116.737518,36.10628],"childrenNum":0,"level":"district","acroutes":[100000,370000,370900],"parent":{"adcode":370900}}