{"children":[],"adcode":370982,"name":"新泰市","center":[117.766092,35.910387],"centroid":[117.606192,35.890229],"childrenNum":0,"level":"district","acroutes":[100000,370000,370900],"parent":{"adcode":370900}}