{"children":[],"adcode":370921,"name":"宁阳县","center":[116.799297,35.76754],"centroid":[116.926753,35.827971],"childrenNum":0,"level":"district","acroutes":[100000,370000,370900],"parent":{"adcode":370900}}