{"children":[],"adcode":371083,"name":"乳山市","center":[121.536346,36.919622],"centroid":[121.526454,36.963576],"childrenNum":0,"level":"district","acroutes":[100000,370000,371000],"parent":{"adcode":371000}}