{"children":[],"adcode":371003,"name":"文登区","center":[122.057139,37.196211],"centroid":[122.00443,37.118594],"childrenNum":0,"level":"district","acroutes":[100000,370000,371000],"parent":{"adcode":371000}}