{"children":[],"adcode":371002,"name":"环翠区","center":[122.116189,37.510754],"centroid":[122.114066,37.377303],"childrenNum":0,"level":"district","acroutes":[100000,370000,371000],"parent":{"adcode":371000}}