{"children":[],"adcode":371082,"name":"荣成市","center":[122.422896,37.160134],"centroid":[122.404571,37.11623],"childrenNum":0,"level":"district","acroutes":[100000,370000,371000],"parent":{"adcode":371000}}