{"children":[{"adcode":371002,"name":"环翠区","center":[122.116189,37.510754],"centroid":[122.114066,37.377303],"childrenNum":0,"level":"district","parent":{"adcode":371000},"subFeatureIndex":0,"acroutes":[100000,370000,371000]},{"adcode":371003,"name":"文登区","center":[122.057139,37.196211],"centroid":[122.00443,37.118594],"childrenNum":0,"level":"district","parent":{"adcode":371000},"subFeatureIndex":1,"acroutes":[100000,370000,371000]},{"adcode":371082,"name":"荣成市","center":[122.422896,37.160134],"centroid":[122.404571,37.11623],"childrenNum":0,"level":"district","parent":{"adcode":371000},"subFeatureIndex":2,"acroutes":[100000,370000,371000]},{"adcode":371083,"name":"乳山市","center":[121.536346,36.919622],"centroid":[121.526454,36.963576],"childrenNum":0,"level":"district","parent":{"adcode":371000},"subFeatureIndex":3,"acroutes":[100000,370000,371000]}],"adcode":371000,"name":"威海市","center":[122.116394,37.509691],"centroid":[122.000805,37.118677],"childrenNum":4,"level":"city","acroutes":[100000,370000],"parent":{"adcode":370000}}