{"children":[],"adcode":371122,"name":"莒县","center":[118.832859,35.588115],"centroid":[118.880292,35.667313],"childrenNum":0,"level":"district","acroutes":[100000,370000,371100],"parent":{"adcode":371100}}