{"children":[],"adcode":371121,"name":"五莲县","center":[119.206745,35.751936],"centroid":[119.243496,35.737456],"childrenNum":0,"level":"district","acroutes":[100000,370000,371100],"parent":{"adcode":371100}}