{"children":[{"adcode":371102,"name":"东港区","center":[119.457703,35.426152],"centroid":[119.374789,35.451344],"childrenNum":0,"level":"district","parent":{"adcode":371100},"subFeatureIndex":0,"acroutes":[100000,370000,371100]},{"adcode":371103,"name":"岚山区","center":[119.315844,35.119794],"centroid":[119.19844,35.284019],"childrenNum":0,"level":"district","parent":{"adcode":371100},"subFeatureIndex":1,"acroutes":[100000,370000,371100]},{"adcode":371121,"name":"五莲县","center":[119.206745,35.751936],"centroid":[119.243496,35.737456],"childrenNum":0,"level":"district","parent":{"adcode":371100},"subFeatureIndex":2,"acroutes":[100000,370000,371100]},{"adcode":371122,"name":"莒县","center":[118.832859,35.588115],"centroid":[118.880292,35.667313],"childrenNum":0,"level":"district","parent":{"adcode":371100},"subFeatureIndex":3,"acroutes":[100000,370000,371100]}],"adcode":371100,"name":"日照市","center":[119.461208,35.428588],"centroid":[119.146546,35.57855],"childrenNum":4,"level":"city","acroutes":[100000,370000],"parent":{"adcode":370000}}