{"children":[],"adcode":371102,"name":"东港区","center":[119.457703,35.426152],"centroid":[119.374789,35.451344],"childrenNum":0,"level":"district","acroutes":[100000,370000,371100],"parent":{"adcode":371100}}