{"children":[],"adcode":371103,"name":"岚山区","center":[119.315844,35.119794],"centroid":[119.19844,35.284019],"childrenNum":0,"level":"district","acroutes":[100000,370000,371100],"parent":{"adcode":371100}}