{"children":[],"adcode":371326,"name":"平邑县","center":[117.631884,35.511519],"centroid":[117.675793,35.429117],"childrenNum":0,"level":"district","acroutes":[100000,370000,371300],"parent":{"adcode":371300}}