{"children":[],"adcode":371312,"name":"河东区","center":[118.398296,35.085004],"centroid":[118.51276,35.128335],"childrenNum":0,"level":"district","acroutes":[100000,370000,371300],"parent":{"adcode":371300}}