{"children":[],"adcode":371323,"name":"沂水县","center":[118.634543,35.787029],"centroid":[118.602502,35.909224],"childrenNum":0,"level":"district","acroutes":[100000,370000,371300],"parent":{"adcode":371300}}