{"children":[],"adcode":371311,"name":"罗庄区","center":[118.284795,34.997204],"centroid":[118.267563,34.92875],"childrenNum":0,"level":"district","acroutes":[100000,370000,371300],"parent":{"adcode":371300}}