{"children":[],"adcode":371302,"name":"兰山区","center":[118.327667,35.061631],"centroid":[118.284576,35.199955],"childrenNum":0,"level":"district","acroutes":[100000,370000,371300],"parent":{"adcode":371300}}