{"children":[],"adcode":371325,"name":"费县","center":[117.968869,35.269174],"centroid":[117.943937,35.245048],"childrenNum":0,"level":"district","acroutes":[100000,370000,371300],"parent":{"adcode":371300}}