{"children":[],"adcode":371327,"name":"莒南县","center":[118.838322,35.175911],"centroid":[118.883939,35.208098],"childrenNum":0,"level":"district","acroutes":[100000,370000,371300],"parent":{"adcode":371300}}