{"children":[],"adcode":371329,"name":"临沭县","center":[118.648379,34.917062],"centroid":[118.658552,34.880317],"childrenNum":0,"level":"district","acroutes":[100000,370000,371300],"parent":{"adcode":371300}}