{"children":[],"adcode":371324,"name":"兰陵县","center":[118.049968,34.855573],"centroid":[117.984382,34.855816],"childrenNum":0,"level":"district","acroutes":[100000,370000,371300],"parent":{"adcode":371300}}