{"children":[],"adcode":371328,"name":"蒙阴县","center":[117.943271,35.712435],"centroid":[118.030018,35.741507],"childrenNum":0,"level":"district","acroutes":[100000,370000,371300],"parent":{"adcode":371300}}