{"children":[],"adcode":371321,"name":"沂南县","center":[118.455395,35.547002],"centroid":[118.407078,35.538035],"childrenNum":0,"level":"district","acroutes":[100000,370000,371300],"parent":{"adcode":371300}}