{"children":[],"adcode":371322,"name":"郯城县","center":[118.342963,34.614741],"centroid":[118.322841,34.625779],"childrenNum":0,"level":"district","acroutes":[100000,370000,371300],"parent":{"adcode":371300}}