{"children":[],"adcode":371427,"name":"夏津县","center":[116.003816,36.950501],"centroid":[116.030912,37.010349],"childrenNum":0,"level":"district","acroutes":[100000,370000,371400],"parent":{"adcode":371400}}