{"children":[],"adcode":371428,"name":"武城县","center":[116.078627,37.209527],"centroid":[116.084099,37.237587],"childrenNum":0,"level":"district","acroutes":[100000,370000,371400],"parent":{"adcode":371400}}