{"children":[],"adcode":371423,"name":"庆云县","center":[117.390507,37.777724],"centroid":[117.45604,37.795352],"childrenNum":0,"level":"district","acroutes":[100000,370000,371400],"parent":{"adcode":371400}}