{"children":[],"adcode":371481,"name":"乐陵市","center":[117.216657,37.729115],"centroid":[117.139762,37.66799],"childrenNum":0,"level":"district","acroutes":[100000,370000,371400],"parent":{"adcode":371400}}