{"children":[],"adcode":371424,"name":"临邑县","center":[116.867028,37.192044],"centroid":[116.894416,37.22834],"childrenNum":0,"level":"district","acroutes":[100000,370000,371400],"parent":{"adcode":371400}}