{"children":[],"adcode":371426,"name":"平原县","center":[116.433904,37.164465],"centroid":[116.429175,37.141844],"childrenNum":0,"level":"district","acroutes":[100000,370000,371400],"parent":{"adcode":371400}}