{"children":[],"adcode":371425,"name":"齐河县","center":[116.758394,36.795497],"centroid":[116.674022,36.718429],"childrenNum":0,"level":"district","acroutes":[100000,370000,371400],"parent":{"adcode":371400}}