{"children":[],"adcode":371402,"name":"德城区","center":[116.307076,37.453923],"centroid":[116.382015,37.434608],"childrenNum":0,"level":"district","acroutes":[100000,370000,371400],"parent":{"adcode":371400}}