{"children":[],"adcode":371482,"name":"禹城市","center":[116.642554,36.934485],"centroid":[116.574493,36.912571],"childrenNum":0,"level":"district","acroutes":[100000,370000,371400],"parent":{"adcode":371400}}