{"children":[],"adcode":371403,"name":"陵城区","center":[116.574929,37.332848],"centroid":[116.69097,37.404672],"childrenNum":0,"level":"district","acroutes":[100000,370000,371400],"parent":{"adcode":371400}}