{"children":[],"adcode":371422,"name":"宁津县","center":[116.79372,37.649619],"centroid":[116.806921,37.681077],"childrenNum":0,"level":"district","acroutes":[100000,370000,371400],"parent":{"adcode":371400}}