{"children":[],"adcode":371526,"name":"高唐县","center":[116.229662,36.859755],"centroid":[116.250884,36.832912],"childrenNum":0,"level":"district","acroutes":[100000,370000,371500],"parent":{"adcode":371500}}