{"children":[],"adcode":371524,"name":"东阿县","center":[116.248855,36.336004],"centroid":[116.289605,36.323061],"childrenNum":0,"level":"district","acroutes":[100000,370000,371500],"parent":{"adcode":371500}}