{"children":[],"adcode":371503,"name":"茌平区","center":[116.25335,36.591934],"centroid":[116.174362,36.597253],"childrenNum":0,"level":"district","acroutes":[100000,370000,371500],"parent":{"adcode":371500}}