{"children":[],"adcode":371525,"name":"冠县","center":[115.444808,36.483753],"centroid":[115.534922,36.530226],"childrenNum":0,"level":"district","acroutes":[100000,370000,371500],"parent":{"adcode":371500}}