{"children":[],"adcode":371521,"name":"阳谷县","center":[115.784287,36.113708],"centroid":[115.869642,36.144269],"childrenNum":0,"level":"district","acroutes":[100000,370000,371500],"parent":{"adcode":371500}}