{"children":[],"adcode":371522,"name":"莘县","center":[115.667291,36.237597],"centroid":[115.546854,36.133478],"childrenNum":0,"level":"district","acroutes":[100000,370000,371500],"parent":{"adcode":371500}}