{"children":[],"adcode":371581,"name":"临清市","center":[115.713462,36.842598],"centroid":[115.774919,36.776116],"childrenNum":0,"level":"district","acroutes":[100000,370000,371500],"parent":{"adcode":371500}}