{"children":[],"adcode":371502,"name":"东昌府区","center":[115.980023,36.45606],"centroid":[115.936051,36.444026],"childrenNum":0,"level":"district","acroutes":[100000,370000,371500],"parent":{"adcode":371500}}