{"children":[],"adcode":371681,"name":"邹平市","center":[117.736807,36.87803],"centroid":[117.664379,36.950506],"childrenNum":0,"level":"district","acroutes":[100000,370000,371600],"parent":{"adcode":371600}}