{"children":[],"adcode":371603,"name":"沾化区","center":[118.129902,37.698456],"centroid":[118.087002,37.819217],"childrenNum":0,"level":"district","acroutes":[100000,370000,371600],"parent":{"adcode":371600}}