{"children":[],"adcode":371602,"name":"滨城区","center":[118.020149,37.384842],"centroid":[117.976101,37.418297],"childrenNum":0,"level":"district","acroutes":[100000,370000,371600],"parent":{"adcode":371600}}