{"children":[],"adcode":371623,"name":"无棣县","center":[117.616325,37.740848],"centroid":[117.810487,37.970041],"childrenNum":0,"level":"district","acroutes":[100000,370000,371600],"parent":{"adcode":371600}}