{"children":[],"adcode":371621,"name":"惠民县","center":[117.508941,37.483876],"centroid":[117.573808,37.370839],"childrenNum":0,"level":"district","acroutes":[100000,370000,371600],"parent":{"adcode":371600}}