{"children":[],"adcode":371622,"name":"阳信县","center":[117.581326,37.640492],"centroid":[117.567334,37.60041],"childrenNum":0,"level":"district","acroutes":[100000,370000,371600],"parent":{"adcode":371600}}