{"children":[],"adcode":371625,"name":"博兴县","center":[118.123096,37.147002],"centroid":[118.220353,37.183167],"childrenNum":0,"level":"district","acroutes":[100000,370000,371600],"parent":{"adcode":371600}}