{"children":[],"adcode":371725,"name":"郓城县","center":[115.93885,35.594773],"centroid":[115.889066,35.605203],"childrenNum":0,"level":"district","acroutes":[100000,370000,371700],"parent":{"adcode":371700}}