{"children":[],"adcode":371728,"name":"东明县","center":[115.098412,35.289637],"centroid":[115.071342,35.176461],"childrenNum":0,"level":"district","acroutes":[100000,370000,371700],"parent":{"adcode":371700}}