{"children":[],"adcode":371721,"name":"曹县","center":[115.549482,34.823253],"centroid":[115.547149,34.82122],"childrenNum":0,"level":"district","acroutes":[100000,370000,371700],"parent":{"adcode":371700}}