{"children":[],"adcode":371722,"name":"单县","center":[116.08262,34.790851],"centroid":[116.116373,34.734309],"childrenNum":0,"level":"district","acroutes":[100000,370000,371700],"parent":{"adcode":371700}}