{"children":[],"adcode":371726,"name":"鄄城县","center":[115.51434,35.560257],"centroid":[115.54601,35.549011],"childrenNum":0,"level":"district","acroutes":[100000,370000,371700],"parent":{"adcode":371700}}