{"children":[],"adcode":371724,"name":"巨野县","center":[116.089341,35.390999],"centroid":[116.032577,35.272927],"childrenNum":0,"level":"district","acroutes":[100000,370000,371700],"parent":{"adcode":371700}}