{"children":[],"adcode":371723,"name":"成武县","center":[115.897349,34.947366],"centroid":[115.938579,34.9842],"childrenNum":0,"level":"district","acroutes":[100000,370000,371700],"parent":{"adcode":371700}}