{"children":[],"adcode":371702,"name":"牡丹区","center":[115.470946,35.24311],"centroid":[115.463927,35.277985],"childrenNum":0,"level":"district","acroutes":[100000,370000,371700],"parent":{"adcode":371700}}