{"children":[],"adcode":371703,"name":"定陶区","center":[115.569601,35.072701],"centroid":[115.622781,35.097846],"childrenNum":0,"level":"district","acroutes":[100000,370000,371700],"parent":{"adcode":371700}}