{"children":[],"adcode":410106,"name":"上街区","center":[113.298282,34.808689],"centroid":[113.284108,34.788622],"childrenNum":0,"level":"district","acroutes":[100000,410000,410100],"parent":{"adcode":410100}}