{"children":[],"adcode":410122,"name":"中牟县","center":[114.022521,34.721976],"centroid":[114.004302,34.713431],"childrenNum":0,"level":"district","acroutes":[100000,410000,410100],"parent":{"adcode":410100}}