{"children":[],"adcode":410182,"name":"荥阳市","center":[113.391523,34.789077],"centroid":[113.351681,34.799765],"childrenNum":0,"level":"district","acroutes":[100000,410000,410100],"parent":{"adcode":410100}}