{"children":[],"adcode":410108,"name":"惠济区","center":[113.61836,34.828591],"centroid":[113.621348,34.891191],"childrenNum":0,"level":"district","acroutes":[100000,410000,410100],"parent":{"adcode":410100}}