{"children":[],"adcode":410103,"name":"二七区","center":[113.645422,34.730936],"centroid":[113.594631,34.678241],"childrenNum":0,"level":"district","acroutes":[100000,410000,410100],"parent":{"adcode":410100}}