{"children":[],"adcode":410104,"name":"管城回族区","center":[113.685313,34.746453],"centroid":[113.75524,34.696862],"childrenNum":0,"level":"district","acroutes":[100000,410000,410100],"parent":{"adcode":410100}}