{"children":[],"adcode":410105,"name":"金水区","center":[113.686037,34.775838],"centroid":[113.743756,34.810783],"childrenNum":0,"level":"district","acroutes":[100000,410000,410100],"parent":{"adcode":410100}}