{"children":[],"adcode":410185,"name":"登封市","center":[113.037768,34.459939],"centroid":[113.035049,34.412311],"childrenNum":0,"level":"district","acroutes":[100000,410000,410100],"parent":{"adcode":410100}}