{"children":[],"adcode":410181,"name":"巩义市","center":[112.98283,34.75218],"centroid":[113.033344,34.697305],"childrenNum":0,"level":"district","acroutes":[100000,410000,410100],"parent":{"adcode":410100}}