{"children":[],"adcode":410102,"name":"中原区","center":[113.611576,34.748286],"centroid":[113.546928,34.780838],"childrenNum":0,"level":"district","acroutes":[100000,410000,410100],"parent":{"adcode":410100}}