{"children":[],"adcode":410183,"name":"新密市","center":[113.380616,34.537846],"centroid":[113.433255,34.508082],"childrenNum":0,"level":"district","acroutes":[100000,410000,410100],"parent":{"adcode":410100}}