{"children":[],"adcode":410184,"name":"新郑市","center":[113.73967,34.394219],"centroid":[113.729471,34.453334],"childrenNum":0,"level":"district","acroutes":[100000,410000,410100],"parent":{"adcode":410100}}