{"children":[],"adcode":410221,"name":"杞县","center":[114.770472,34.554585],"centroid":[114.761724,34.499571],"childrenNum":0,"level":"district","acroutes":[100000,410000,410200],"parent":{"adcode":410200}}