{"children":[],"adcode":410212,"name":"祥符区","center":[114.437622,34.756476],"centroid":[114.475335,34.707645],"childrenNum":0,"level":"district","acroutes":[100000,410000,410200],"parent":{"adcode":410200}}