{"children":[],"adcode":410203,"name":"顺河回族区","center":[114.364875,34.800459],"centroid":[114.428726,34.806855],"childrenNum":0,"level":"district","acroutes":[100000,410000,410200],"parent":{"adcode":410200}}