{"children":[],"adcode":410222,"name":"通许县","center":[114.467734,34.477302],"centroid":[114.495816,34.434803],"childrenNum":0,"level":"district","acroutes":[100000,410000,410200],"parent":{"adcode":410200}}