{"children":[],"adcode":410202,"name":"龙亭区","center":[114.353348,34.799833],"centroid":[114.279169,34.823764],"childrenNum":0,"level":"district","acroutes":[100000,410000,410200],"parent":{"adcode":410200}}