{"children":[],"adcode":410225,"name":"兰考县","center":[114.820572,34.829899],"centroid":[114.970553,34.87558],"childrenNum":0,"level":"district","acroutes":[100000,410000,410200],"parent":{"adcode":410200}}