{"children":[],"adcode":410204,"name":"鼓楼区","center":[114.3485,34.792383],"centroid":[114.300004,34.733003],"childrenNum":0,"level":"district","acroutes":[100000,410000,410200],"parent":{"adcode":410200}}