{"children":[],"adcode":410223,"name":"尉氏县","center":[114.193927,34.412256],"centroid":[114.154816,34.382326],"childrenNum":0,"level":"district","acroutes":[100000,410000,410200],"parent":{"adcode":410200}}