{"children":[],"adcode":410205,"name":"禹王台区","center":[114.350246,34.779727],"centroid":[114.384955,34.740566],"childrenNum":0,"level":"district","acroutes":[100000,410000,410200],"parent":{"adcode":410200}}