{"children":[],"adcode":410324,"name":"栾川县","center":[111.618386,33.783195],"centroid":[111.610455,33.9081],"childrenNum":0,"level":"district","acroutes":[100000,410000,410300],"parent":{"adcode":410300}}