{"children":[],"adcode":410306,"name":"孟津区","center":[112.443892,34.826485],"centroid":[112.485027,34.832578],"childrenNum":0,"level":"district","acroutes":[100000,410000,410300],"parent":{"adcode":410300}}