{"children":[],"adcode":410327,"name":"宜阳县","center":[112.179989,34.516478],"centroid":[112.023043,34.477987],"childrenNum":0,"level":"district","acroutes":[100000,410000,410300],"parent":{"adcode":410300}}