{"children":[],"adcode":410303,"name":"西工区","center":[112.443232,34.667847],"centroid":[112.382406,34.695224],"childrenNum":0,"level":"district","acroutes":[100000,410000,410300],"parent":{"adcode":410300}}