{"children":[],"adcode":410325,"name":"嵩县","center":[112.087765,34.131563],"centroid":[112.042694,34.006312],"childrenNum":0,"level":"district","acroutes":[100000,410000,410300],"parent":{"adcode":410300}}