{"children":[],"adcode":410302,"name":"老城区","center":[112.477298,34.682945],"centroid":[112.443754,34.714619],"childrenNum":0,"level":"district","acroutes":[100000,410000,410300],"parent":{"adcode":410300}}