{"children":[],"adcode":410304,"name":"瀍河回族区","center":[112.491625,34.684738],"centroid":[112.509132,34.706651],"childrenNum":0,"level":"district","acroutes":[100000,410000,410300],"parent":{"adcode":410300}}