{"children":[],"adcode":410381,"name":"偃师区","center":[112.787739,34.723042],"centroid":[112.780141,34.638423],"childrenNum":0,"level":"district","acroutes":[100000,410000,410300],"parent":{"adcode":410300}}