{"children":[],"adcode":410326,"name":"汝阳县","center":[112.473789,34.15323],"centroid":[112.428554,34.056696],"childrenNum":0,"level":"district","acroutes":[100000,410000,410300],"parent":{"adcode":410300}}