{"children":[],"adcode":410311,"name":"洛龙区","center":[112.456634,34.618557],"centroid":[112.543998,34.601485],"childrenNum":0,"level":"district","acroutes":[100000,410000,410300],"parent":{"adcode":410300}}