{"children":[],"adcode":410323,"name":"新安县","center":[112.141403,34.728679],"centroid":[112.121678,34.831563],"childrenNum":0,"level":"district","acroutes":[100000,410000,410300],"parent":{"adcode":410300}}