{"children":[],"adcode":410328,"name":"洛宁县","center":[111.655399,34.387179],"centroid":[111.500011,34.340656],"childrenNum":0,"level":"district","acroutes":[100000,410000,410300],"parent":{"adcode":410300}}