{"children":[],"adcode":410329,"name":"伊川县","center":[112.429384,34.423416],"centroid":[112.462125,34.399643],"childrenNum":0,"level":"district","acroutes":[100000,410000,410300],"parent":{"adcode":410300}}