{"children":[],"adcode":410305,"name":"涧西区","center":[112.399243,34.654251],"centroid":[112.341616,34.626593],"childrenNum":0,"level":"district","acroutes":[100000,410000,410300],"parent":{"adcode":410300}}