{"children":[],"adcode":410411,"name":"湛河区","center":[113.320873,33.725681],"centroid":[113.258587,33.696577],"childrenNum":0,"level":"district","acroutes":[100000,410000,410400],"parent":{"adcode":410400}}