{"children":[],"adcode":410482,"name":"汝州市","center":[112.845336,34.167408],"centroid":[112.804336,34.156756],"childrenNum":0,"level":"district","acroutes":[100000,410000,410400],"parent":{"adcode":410400}}