{"children":[],"adcode":410404,"name":"石龙区","center":[112.889885,33.901538],"centroid":[112.888959,33.887024],"childrenNum":0,"level":"district","acroutes":[100000,410000,410400],"parent":{"adcode":410400}}