{"children":[],"adcode":410425,"name":"郏县","center":[113.220451,33.971993],"centroid":[113.226733,33.999438],"childrenNum":0,"level":"district","acroutes":[100000,410000,410400],"parent":{"adcode":410400}}