{"children":[],"adcode":410481,"name":"舞钢市","center":[113.52625,33.302082],"centroid":[113.519476,33.283817],"childrenNum":0,"level":"district","acroutes":[100000,410000,410400],"parent":{"adcode":410400}}