{"children":[],"adcode":410423,"name":"鲁山县","center":[112.906703,33.740325],"centroid":[112.733656,33.742539],"childrenNum":0,"level":"district","acroutes":[100000,410000,410400],"parent":{"adcode":410400}}