{"children":[],"adcode":410422,"name":"叶县","center":[113.358298,33.621252],"centroid":[113.344053,33.544677],"childrenNum":0,"level":"district","acroutes":[100000,410000,410400],"parent":{"adcode":410400}}