{"children":[],"adcode":410421,"name":"宝丰县","center":[113.066812,33.866359],"centroid":[113.027395,33.910655],"childrenNum":0,"level":"district","acroutes":[100000,410000,410400],"parent":{"adcode":410400}}