{"children":[],"adcode":410403,"name":"卫东区","center":[113.310327,33.739285],"centroid":[113.368813,33.761711],"childrenNum":0,"level":"district","acroutes":[100000,410000,410400],"parent":{"adcode":410400}}