{"children":[],"adcode":410402,"name":"新华区","center":[113.299061,33.737579],"centroid":[113.182062,33.765509],"childrenNum":0,"level":"district","acroutes":[100000,410000,410400],"parent":{"adcode":410400}}