{"children":[],"adcode":410581,"name":"林州市","center":[113.823767,36.063403],"centroid":[113.854452,36.009877],"childrenNum":0,"level":"district","acroutes":[100000,410000,410500],"parent":{"adcode":410500}}