{"children":[],"adcode":410502,"name":"文峰区","center":[114.352562,36.098101],"centroid":[114.418257,36.034251],"childrenNum":0,"level":"district","acroutes":[100000,410000,410500],"parent":{"adcode":410500}}