{"children":[],"adcode":410526,"name":"滑县","center":[114.524,35.574628],"centroid":[114.667253,35.465908],"childrenNum":0,"level":"district","acroutes":[100000,410000,410500],"parent":{"adcode":410500}}