{"children":[],"adcode":410523,"name":"汤阴县","center":[114.362357,35.922349],"centroid":[114.455685,35.902302],"childrenNum":0,"level":"district","acroutes":[100000,410000,410500],"parent":{"adcode":410500}}