{"children":[],"adcode":410505,"name":"殷都区","center":[114.300098,36.108974],"centroid":[114.289197,36.133648],"childrenNum":0,"level":"district","acroutes":[100000,410000,410500],"parent":{"adcode":410500}}