{"children":[],"adcode":410506,"name":"龙安区","center":[114.323522,36.095568],"centroid":[114.251218,36.041884],"childrenNum":0,"level":"district","acroutes":[100000,410000,410500],"parent":{"adcode":410500}}