{"children":[],"adcode":410503,"name":"北关区","center":[114.352646,36.10978],"centroid":[114.37956,36.16203],"childrenNum":0,"level":"district","acroutes":[100000,410000,410500],"parent":{"adcode":410500}}