{"children":[],"adcode":410527,"name":"内黄县","center":[114.904582,35.953702],"centroid":[114.8165,35.900576],"childrenNum":0,"level":"district","acroutes":[100000,410000,410500],"parent":{"adcode":410500}}