{"children":[],"adcode":410522,"name":"安阳县","center":[114.130207,36.130585],"centroid":[114.117731,36.168626],"childrenNum":0,"level":"district","acroutes":[100000,410000,410500],"parent":{"adcode":410500}}