{"children":[],"adcode":410602,"name":"鹤山区","center":[114.166551,35.936128],"centroid":[114.127099,35.966546],"childrenNum":0,"level":"district","acroutes":[100000,410000,410600],"parent":{"adcode":410600}}