{"children":[],"adcode":410611,"name":"淇滨区","center":[114.293917,35.748382],"centroid":[114.226508,35.787133],"childrenNum":0,"level":"district","acroutes":[100000,410000,410600],"parent":{"adcode":410600}}