{"children":[],"adcode":410621,"name":"浚县","center":[114.550162,35.671282],"centroid":[114.482398,35.671496],"childrenNum":0,"level":"district","acroutes":[100000,410000,410600],"parent":{"adcode":410600}}