{"children":[],"adcode":410603,"name":"山城区","center":[114.184202,35.896058],"centroid":[114.223534,35.914795],"childrenNum":0,"level":"district","acroutes":[100000,410000,410600],"parent":{"adcode":410600}}