{"children":[],"adcode":410622,"name":"淇县","center":[114.200379,35.609478],"centroid":[114.161841,35.661286],"childrenNum":0,"level":"district","acroutes":[100000,410000,410600],"parent":{"adcode":410600}}