{"children":[],"adcode":410724,"name":"获嘉县","center":[113.657249,35.261685],"centroid":[113.645007,35.196795],"childrenNum":0,"level":"district","acroutes":[100000,410000,410700],"parent":{"adcode":410700}}