{"children":[],"adcode":410703,"name":"卫滨区","center":[113.866065,35.304905],"centroid":[113.845,35.276723],"childrenNum":0,"level":"district","acroutes":[100000,410000,410700],"parent":{"adcode":410700}}