{"children":[],"adcode":410702,"name":"红旗区","center":[113.878158,35.302684],"centroid":[113.965116,35.2755],"childrenNum":0,"level":"district","acroutes":[100000,410000,410700],"parent":{"adcode":410700}}