{"children":[],"adcode":410726,"name":"延津县","center":[114.200982,35.149515],"centroid":[114.237014,35.2724],"childrenNum":0,"level":"district","acroutes":[100000,410000,410700],"parent":{"adcode":410700}}