{"children":[],"adcode":410725,"name":"原阳县","center":[113.965966,35.054001],"centroid":[113.950653,35.021904],"childrenNum":0,"level":"district","acroutes":[100000,410000,410700],"parent":{"adcode":410700}}