{"children":[],"adcode":410721,"name":"新乡县","center":[113.806186,35.190021],"centroid":[113.834287,35.202384],"childrenNum":0,"level":"district","acroutes":[100000,410000,410700],"parent":{"adcode":410700}}