{"children":[],"adcode":410711,"name":"牧野区","center":[113.89716,35.312974],"centroid":[113.908706,35.337932],"childrenNum":0,"level":"district","acroutes":[100000,410000,410700],"parent":{"adcode":410700}}