{"children":[],"adcode":410781,"name":"卫辉市","center":[114.065855,35.404295],"centroid":[114.074478,35.49545],"childrenNum":0,"level":"district","acroutes":[100000,410000,410700],"parent":{"adcode":410700}}