{"children":[],"adcode":410704,"name":"凤泉区","center":[113.906712,35.379855],"centroid":[113.860242,35.385559],"childrenNum":0,"level":"district","acroutes":[100000,410000,410700],"parent":{"adcode":410700}}