{"children":[],"adcode":410783,"name":"长垣市","center":[114.673807,35.19615],"centroid":[114.762943,35.212761],"childrenNum":0,"level":"district","acroutes":[100000,410000,410700],"parent":{"adcode":410700}}