{"children":[],"adcode":410727,"name":"封丘县","center":[114.423405,35.04057],"centroid":[114.48416,35.033246],"childrenNum":0,"level":"district","acroutes":[100000,410000,410700],"parent":{"adcode":410700}}