{"children":[],"adcode":410782,"name":"辉县市","center":[113.802518,35.461318],"centroid":[113.681879,35.537251],"childrenNum":0,"level":"district","acroutes":[100000,410000,410700],"parent":{"adcode":410700}}