{"children":[],"adcode":410883,"name":"孟州市","center":[112.78708,34.90963],"centroid":[112.763989,34.921726],"childrenNum":0,"level":"district","acroutes":[100000,410000,410800],"parent":{"adcode":410800}}