{"children":[],"adcode":410802,"name":"解放区","center":[113.226126,35.241353],"centroid":[113.213062,35.235611],"childrenNum":0,"level":"district","acroutes":[100000,410000,410800],"parent":{"adcode":410800}}