{"children":[],"adcode":410825,"name":"温县","center":[113.079118,34.941233],"centroid":[113.049295,34.942639],"childrenNum":0,"level":"district","acroutes":[100000,410000,410800],"parent":{"adcode":410800}}