{"children":[],"adcode":410804,"name":"马村区","center":[113.321703,35.265453],"centroid":[113.367643,35.293384],"childrenNum":0,"level":"district","acroutes":[100000,410000,410800],"parent":{"adcode":410800}}