{"children":[],"adcode":410822,"name":"博爱县","center":[113.069313,35.170351],"centroid":[113.057844,35.185704],"childrenNum":0,"level":"district","acroutes":[100000,410000,410800],"parent":{"adcode":410800}}