{"children":[],"adcode":410803,"name":"中站区","center":[113.175485,35.236145],"centroid":[113.156254,35.268584],"childrenNum":0,"level":"district","acroutes":[100000,410000,410800],"parent":{"adcode":410800}}