{"children":[],"adcode":410811,"name":"山阳区","center":[113.26766,35.21476],"centroid":[113.234621,35.191212],"childrenNum":0,"level":"district","acroutes":[100000,410000,410800],"parent":{"adcode":410800}}