{"children":[],"adcode":410823,"name":"武陟县","center":[113.408334,35.09885],"centroid":[113.398459,35.047763],"childrenNum":0,"level":"district","acroutes":[100000,410000,410800],"parent":{"adcode":410800}}