{"children":[],"adcode":410882,"name":"沁阳市","center":[112.934538,35.08901],"centroid":[112.881775,35.128147],"childrenNum":0,"level":"district","acroutes":[100000,410000,410800],"parent":{"adcode":410800}}