{"children":[],"adcode":410821,"name":"修武县","center":[113.447465,35.229923],"childrenNum":0,"level":"district","acroutes":[100000,410000,410800],"parent":{"adcode":410800}}