{"children":[],"adcode":410902,"name":"华龙区","center":[115.03184,35.760473],"centroid":[115.03347,35.776512],"childrenNum":0,"level":"district","acroutes":[100000,410000,410900],"parent":{"adcode":410900}}