{"children":[],"adcode":410926,"name":"范县","center":[115.504212,35.851977],"centroid":[115.535461,35.79627],"childrenNum":0,"level":"district","acroutes":[100000,410000,410900],"parent":{"adcode":410900}}