{"children":[],"adcode":410927,"name":"台前县","center":[115.855681,35.996474],"centroid":[115.867627,35.958474],"childrenNum":0,"level":"district","acroutes":[100000,410000,410900],"parent":{"adcode":410900}}