{"children":[],"adcode":410923,"name":"南乐县","center":[115.204336,36.075204],"centroid":[115.241243,36.091652],"childrenNum":0,"level":"district","acroutes":[100000,410000,410900],"parent":{"adcode":410900}}