{"children":[],"adcode":410922,"name":"清丰县","center":[115.107287,35.902413],"centroid":[115.164428,35.921763],"childrenNum":0,"level":"district","acroutes":[100000,410000,410900],"parent":{"adcode":410900}}