{"children":[],"adcode":410928,"name":"濮阳县","center":[115.023844,35.710349],"centroid":[115.150248,35.586299],"childrenNum":0,"level":"district","acroutes":[100000,410000,410900],"parent":{"adcode":410900}}