{"children":[],"adcode":411002,"name":"魏都区","center":[113.828307,34.02711],"centroid":[113.81733,34.036607],"childrenNum":0,"level":"district","acroutes":[100000,410000,411000],"parent":{"adcode":411000}}