{"children":[],"adcode":411082,"name":"长葛市","center":[113.768912,34.219257],"centroid":[113.847655,34.230599],"childrenNum":0,"level":"district","acroutes":[100000,410000,411000],"parent":{"adcode":411000}}