{"children":[],"adcode":411081,"name":"禹州市","center":[113.471316,34.154403],"centroid":[113.385757,34.194726],"childrenNum":0,"level":"district","acroutes":[100000,410000,411000],"parent":{"adcode":411000}}