{"children":[],"adcode":411003,"name":"建安区","center":[113.842898,34.005018],"centroid":[113.732885,34.014998],"childrenNum":0,"level":"district","acroutes":[100000,410000,411000],"parent":{"adcode":411000}}