{"children":[],"adcode":411024,"name":"鄢陵县","center":[114.188507,34.100502],"centroid":[114.196936,34.007106],"childrenNum":0,"level":"district","acroutes":[100000,410000,411000],"parent":{"adcode":411000}}