{"children":[],"adcode":411025,"name":"襄城县","center":[113.493166,33.855943],"centroid":[113.561264,33.855617],"childrenNum":0,"level":"district","acroutes":[100000,410000,411000],"parent":{"adcode":411000}}