{"children":[],"adcode":411121,"name":"舞阳县","center":[113.610565,33.436278],"centroid":[113.673476,33.543114],"childrenNum":0,"level":"district","acroutes":[100000,410000,411100],"parent":{"adcode":411100}}