{"children":[],"adcode":411104,"name":"召陵区","center":[114.051686,33.567555],"centroid":[114.182006,33.56564],"childrenNum":0,"level":"district","acroutes":[100000,410000,411100],"parent":{"adcode":411100}}