{"children":[],"adcode":411102,"name":"源汇区","center":[114.017948,33.565441],"centroid":[113.920908,33.530716],"childrenNum":0,"level":"district","acroutes":[100000,410000,411100],"parent":{"adcode":411100}}