{"children":[],"adcode":411103,"name":"郾城区","center":[114.016813,33.588897],"centroid":[113.937848,33.665167],"childrenNum":0,"level":"district","acroutes":[100000,410000,411100],"parent":{"adcode":411100}}