{"children":[],"adcode":411122,"name":"临颍县","center":[113.938891,33.80609],"centroid":[113.955796,33.83813],"childrenNum":0,"level":"district","acroutes":[100000,410000,411100],"parent":{"adcode":411100}}