{"children":[],"adcode":411203,"name":"陕州区","center":[111.103851,34.720244],"centroid":[111.369647,34.637914],"childrenNum":0,"level":"district","acroutes":[100000,410000,411200],"parent":{"adcode":411200}}