{"children":[],"adcode":411282,"name":"灵宝市","center":[110.88577,34.521264],"centroid":[110.773164,34.431429],"childrenNum":0,"level":"district","acroutes":[100000,410000,411200],"parent":{"adcode":411200}}