{"children":[],"adcode":411202,"name":"湖滨区","center":[111.19487,34.77812],"centroid":[111.275096,34.765996],"childrenNum":0,"level":"district","acroutes":[100000,410000,411200],"parent":{"adcode":411200}}