{"children":[],"adcode":411221,"name":"渑池县","center":[111.762992,34.763487],"centroid":[111.7961,34.8337],"childrenNum":0,"level":"district","acroutes":[100000,410000,411200],"parent":{"adcode":411200}}