{"children":[],"adcode":411224,"name":"卢氏县","center":[111.052649,34.053995],"centroid":[110.988361,33.967542],"childrenNum":0,"level":"district","acroutes":[100000,410000,411200],"parent":{"adcode":411200}}