{"children":[],"adcode":411281,"name":"义马市","center":[111.869417,34.746868],"centroid":[111.899823,34.743572],"childrenNum":0,"level":"district","acroutes":[100000,410000,411200],"parent":{"adcode":411200}}