{"children":[],"adcode":411325,"name":"内乡县","center":[111.843801,33.046358],"centroid":[111.841812,33.221293],"childrenNum":0,"level":"district","acroutes":[100000,410000,411300],"parent":{"adcode":411300}}