{"children":[],"adcode":411330,"name":"桐柏县","center":[113.406059,32.367153],"centroid":[113.427863,32.489894],"childrenNum":0,"level":"district","acroutes":[100000,410000,411300],"parent":{"adcode":411300}}