{"children":[],"adcode":411322,"name":"方城县","center":[113.010933,33.255138],"centroid":[113.011586,33.29455],"childrenNum":0,"level":"district","acroutes":[100000,410000,411300],"parent":{"adcode":411300}}