{"children":[],"adcode":411329,"name":"新野县","center":[112.365624,32.524006],"centroid":[112.408737,32.547258],"childrenNum":0,"level":"district","acroutes":[100000,410000,411300],"parent":{"adcode":411300}}