{"children":[],"adcode":411324,"name":"镇平县","center":[112.232722,33.036651],"centroid":[112.186246,33.065556],"childrenNum":0,"level":"district","acroutes":[100000,410000,411300],"parent":{"adcode":411300}}