{"children":[],"adcode":411326,"name":"淅川县","center":[111.489026,33.136106],"centroid":[111.438183,32.985618],"childrenNum":0,"level":"district","acroutes":[100000,410000,411300],"parent":{"adcode":411300}}