{"children":[],"adcode":411323,"name":"西峡县","center":[111.485772,33.302981],"centroid":[111.432638,33.482627],"childrenNum":0,"level":"district","acroutes":[100000,410000,411300],"parent":{"adcode":411300}}