{"children":[],"adcode":411321,"name":"南召县","center":[112.435583,33.488617],"centroid":[112.388972,33.468808],"childrenNum":0,"level":"district","acroutes":[100000,410000,411300],"parent":{"adcode":411300}}