{"children":[],"adcode":411327,"name":"社旗县","center":[112.938279,33.056126],"centroid":[112.991301,32.976401],"childrenNum":0,"level":"district","acroutes":[100000,410000,411300],"parent":{"adcode":411300}}