{"children":[],"adcode":411381,"name":"邓州市","center":[112.092716,32.681642],"centroid":[112.050009,32.680192],"childrenNum":0,"level":"district","acroutes":[100000,410000,411300],"parent":{"adcode":411300}}