{"children":[],"adcode":411328,"name":"唐河县","center":[112.838492,32.687892],"centroid":[112.852017,32.615148],"childrenNum":0,"level":"district","acroutes":[100000,410000,411300],"parent":{"adcode":411300}}