{"children":[],"adcode":411303,"name":"卧龙区","center":[112.528789,32.989877],"centroid":[112.467314,33.030505],"childrenNum":0,"level":"district","acroutes":[100000,410000,411300],"parent":{"adcode":411300}}