{"children":[],"adcode":411302,"name":"宛城区","center":[112.544591,32.994857],"centroid":[112.631882,32.905282],"childrenNum":0,"level":"district","acroutes":[100000,410000,411300],"parent":{"adcode":411300}}