{"children":[],"adcode":411421,"name":"民权县","center":[115.148146,34.648455],"centroid":[115.170603,34.690057],"childrenNum":0,"level":"district","acroutes":[100000,410000,411400],"parent":{"adcode":411400}}