{"children":[],"adcode":411424,"name":"柘城县","center":[115.307433,34.075277],"centroid":[115.301843,34.105816],"childrenNum":0,"level":"district","acroutes":[100000,410000,411400],"parent":{"adcode":411400}}