{"children":[],"adcode":411426,"name":"夏邑县","center":[116.13989,34.240894],"centroid":[116.150012,34.217663],"childrenNum":0,"level":"district","acroutes":[100000,410000,411400],"parent":{"adcode":411400}}