{"children":[],"adcode":411481,"name":"永城市","center":[116.449672,33.931318],"centroid":[116.323876,33.966683],"childrenNum":0,"level":"district","acroutes":[100000,410000,411400],"parent":{"adcode":411400}}