{"children":[],"adcode":411422,"name":"睢县","center":[115.070109,34.428433],"centroid":[115.03528,34.393701],"childrenNum":0,"level":"district","acroutes":[100000,410000,411400],"parent":{"adcode":411400}}