{"children":[],"adcode":411425,"name":"虞城县","center":[115.863811,34.399634],"centroid":[115.907776,34.363812],"childrenNum":0,"level":"district","acroutes":[100000,410000,411400],"parent":{"adcode":411400}}