{"children":[],"adcode":411423,"name":"宁陵县","center":[115.320055,34.449299],"centroid":[115.292033,34.449275],"childrenNum":0,"level":"district","acroutes":[100000,410000,411400],"parent":{"adcode":411400}}