{"children":[],"adcode":411402,"name":"梁园区","center":[115.65459,34.436553],"centroid":[115.597968,34.477146],"childrenNum":0,"level":"district","acroutes":[100000,410000,411400],"parent":{"adcode":411400}}