{"children":[],"adcode":411403,"name":"睢阳区","center":[115.653813,34.390536],"centroid":[115.570618,34.246982],"childrenNum":0,"level":"district","acroutes":[100000,410000,411400],"parent":{"adcode":411400}}