{"children":[],"adcode":411503,"name":"平桥区","center":[114.126027,32.098395],"centroid":[114.057592,32.344694],"childrenNum":0,"level":"district","acroutes":[100000,410000,411500],"parent":{"adcode":411500}}