{"children":[],"adcode":411522,"name":"光山县","center":[114.903577,32.010398],"centroid":[114.836164,31.935893],"childrenNum":0,"level":"district","acroutes":[100000,410000,411500],"parent":{"adcode":411500}}