{"children":[],"adcode":411524,"name":"商城县","center":[115.406297,31.799982],"centroid":[115.368512,31.760268],"childrenNum":0,"level":"district","acroutes":[100000,410000,411500],"parent":{"adcode":411500}}