{"children":[],"adcode":411526,"name":"潢川县","center":[115.050123,32.134024],"centroid":[115.157677,32.127372],"childrenNum":0,"level":"district","acroutes":[100000,410000,411500],"parent":{"adcode":411500}}