{"children":[],"adcode":411523,"name":"新县","center":[114.87705,31.63515],"centroid":[114.852568,31.640359],"childrenNum":0,"level":"district","acroutes":[100000,410000,411500],"parent":{"adcode":411500}}