{"children":[],"adcode":411527,"name":"淮滨县","center":[115.415451,32.452639],"centroid":[115.318362,32.440221],"childrenNum":0,"level":"district","acroutes":[100000,410000,411500],"parent":{"adcode":411500}}