{"children":[],"adcode":411525,"name":"固始县","center":[115.667328,32.183074],"centroid":[115.703582,32.130843],"childrenNum":0,"level":"district","acroutes":[100000,410000,411500],"parent":{"adcode":411500}}