{"children":[],"adcode":411528,"name":"息县","center":[114.740713,32.344744],"centroid":[114.864991,32.40574],"childrenNum":0,"level":"district","acroutes":[100000,410000,411500],"parent":{"adcode":411500}}