{"children":[],"adcode":411521,"name":"罗山县","center":[114.533414,32.203206],"centroid":[114.437134,32.026057],"childrenNum":0,"level":"district","acroutes":[100000,410000,411500],"parent":{"adcode":411500}}