{"children":[],"adcode":411502,"name":"浉河区","center":[114.075031,32.123274],"centroid":[113.96164,32.045818],"childrenNum":0,"level":"district","acroutes":[100000,410000,411500],"parent":{"adcode":411500}}