{"children":[],"adcode":411624,"name":"沈丘县","center":[115.078375,33.395514],"centroid":[115.170785,33.289362],"childrenNum":0,"level":"district","acroutes":[100000,410000,411600],"parent":{"adcode":411600}}