{"children":[],"adcode":411625,"name":"郸城县","center":[115.189,33.643852],"centroid":[115.294561,33.635972],"childrenNum":0,"level":"district","acroutes":[100000,410000,411600],"parent":{"adcode":411600}}