{"children":[],"adcode":411681,"name":"项城市","center":[114.899521,33.443085],"centroid":[114.885447,33.270655],"childrenNum":0,"level":"district","acroutes":[100000,410000,411600],"parent":{"adcode":411600}}