{"children":[],"adcode":411622,"name":"西华县","center":[114.530067,33.784378],"centroid":[114.47034,33.787536],"childrenNum":0,"level":"district","acroutes":[100000,410000,411600],"parent":{"adcode":411600}}