{"children":[],"adcode":411602,"name":"川汇区","center":[114.652136,33.614836],"centroid":[114.719917,33.621128],"childrenNum":0,"level":"district","acroutes":[100000,410000,411600],"parent":{"adcode":411600}}