{"children":[],"adcode":411621,"name":"扶沟县","center":[114.392008,34.054061],"centroid":[114.431347,34.094094],"childrenNum":0,"level":"district","acroutes":[100000,410000,411600],"parent":{"adcode":411600}}