{"children":[],"adcode":411627,"name":"太康县","center":[114.853834,34.065312],"centroid":[114.848381,34.091806],"childrenNum":0,"level":"district","acroutes":[100000,410000,411600],"parent":{"adcode":411600}}