{"children":[],"adcode":411623,"name":"商水县","center":[114.60927,33.543845],"centroid":[114.54215,33.513787],"childrenNum":0,"level":"district","acroutes":[100000,410000,411600],"parent":{"adcode":411600}}