{"children":[],"adcode":411628,"name":"鹿邑县","center":[115.486386,33.861067],"centroid":[115.378559,33.888374],"childrenNum":0,"level":"district","acroutes":[100000,410000,411600],"parent":{"adcode":411600}}