{"children":[],"adcode":411603,"name":"淮阳区","center":[114.870166,33.732547],"centroid":[114.909855,33.713403],"childrenNum":0,"level":"district","acroutes":[100000,410000,411600],"parent":{"adcode":411600}}