{"children":[],"adcode":411723,"name":"平舆县","center":[114.637105,32.955626],"centroid":[114.640585,32.986254],"childrenNum":0,"level":"district","acroutes":[100000,410000,411700],"parent":{"adcode":411700}}