{"children":[],"adcode":411722,"name":"上蔡县","center":[114.266892,33.264719],"centroid":[114.401993,33.29519],"childrenNum":0,"level":"district","acroutes":[100000,410000,411700],"parent":{"adcode":411700}}