{"children":[],"adcode":411728,"name":"遂平县","center":[114.00371,33.14698],"centroid":[113.894487,33.160052],"childrenNum":0,"level":"district","acroutes":[100000,410000,411700],"parent":{"adcode":411700}}