{"children":[],"adcode":411725,"name":"确山县","center":[114.026679,32.801538],"centroid":[113.967807,32.698421],"childrenNum":0,"level":"district","acroutes":[100000,410000,411700],"parent":{"adcode":411700}}