{"children":[],"adcode":411721,"name":"西平县","center":[114.026864,33.382315],"centroid":[113.917022,33.366113],"childrenNum":0,"level":"district","acroutes":[100000,410000,411700],"parent":{"adcode":411700}}