{"children":[],"adcode":411724,"name":"正阳县","center":[114.38948,32.601826],"centroid":[114.491348,32.541581],"childrenNum":0,"level":"district","acroutes":[100000,410000,411700],"parent":{"adcode":411700}}