{"children":[],"adcode":411702,"name":"驿城区","center":[114.029149,32.977559],"centroid":[113.882483,32.966677],"childrenNum":0,"level":"district","acroutes":[100000,410000,411700],"parent":{"adcode":411700}}