{"children":[],"adcode":411726,"name":"泌阳县","center":[113.32605,32.725129],"centroid":[113.401107,32.860437],"childrenNum":0,"level":"district","acroutes":[100000,410000,411700],"parent":{"adcode":411700}}