{"children":[],"adcode":411727,"name":"汝南县","center":[114.359495,33.004535],"centroid":[114.318116,32.915824],"childrenNum":0,"level":"district","acroutes":[100000,410000,411700],"parent":{"adcode":411700}}