{"children":[],"adcode":411729,"name":"新蔡县","center":[114.975246,32.749948],"centroid":[114.943063,32.777873],"childrenNum":0,"level":"district","acroutes":[100000,410000,411700],"parent":{"adcode":411700}}