{"children":[],"adcode":419001,"name":"济源市","center":[112.590047,35.090378],"centroid":[112.398673,35.099131],"childrenNum":0,"level":"city","acroutes":[100000,410000],"parent":{"adcode":410000}}