{"children":[],"adcode":420106,"name":"武昌区","center":[114.307344,30.546536],"centroid":[114.341206,30.556346],"childrenNum":0,"level":"district","acroutes":[100000,420000,420100],"parent":{"adcode":420100}}