{"children":[],"adcode":420105,"name":"汉阳区","center":[114.265807,30.549326],"centroid":[114.209517,30.541833],"childrenNum":0,"level":"district","acroutes":[100000,420000,420100],"parent":{"adcode":420100}}