{"children":[],"adcode":420114,"name":"蔡甸区","center":[114.029341,30.582186],"centroid":[113.96512,30.451884],"childrenNum":0,"level":"district","acroutes":[100000,420000,420100],"parent":{"adcode":420100}}