{"children":[],"adcode":420102,"name":"江岸区","center":[114.30304,30.594911],"centroid":[114.320896,30.642672],"childrenNum":0,"level":"district","acroutes":[100000,420000,420100],"parent":{"adcode":420100}}