{"children":[],"adcode":420107,"name":"青山区","center":[114.39707,30.634215],"centroid":[114.447146,30.621917],"childrenNum":0,"level":"district","acroutes":[100000,420000,420100],"parent":{"adcode":420100}}