{"children":[],"adcode":420112,"name":"东西湖区","center":[114.142483,30.622467],"centroid":[114.076902,30.690527],"childrenNum":0,"level":"district","acroutes":[100000,420000,420100],"parent":{"adcode":420100}}