{"children":[],"adcode":420113,"name":"汉南区","center":[114.08124,30.309637],"childrenNum":0,"level":"district","acroutes":[100000,420000,420100],"parent":{"adcode":420100}}