{"children":[],"adcode":420103,"name":"江汉区","center":[114.283109,30.578771],"centroid":[114.259269,30.604071],"childrenNum":0,"level":"district","acroutes":[100000,420000,420100],"parent":{"adcode":420100}}