{"children":[],"adcode":420104,"name":"硚口区","center":[114.264568,30.57061],"centroid":[114.212905,30.597798],"childrenNum":0,"level":"district","acroutes":[100000,420000,420100],"parent":{"adcode":420100}}