{"children":[],"adcode":420115,"name":"江夏区","center":[114.313961,30.349045],"centroid":[114.360325,30.243389],"childrenNum":0,"level":"district","acroutes":[100000,420000,420100],"parent":{"adcode":420100}}