{"children":[],"adcode":420117,"name":"新洲区","center":[114.802108,30.842149],"centroid":[114.752673,30.798095],"childrenNum":0,"level":"district","acroutes":[100000,420000,420100],"parent":{"adcode":420100}}