{"children":[],"adcode":420116,"name":"黄陂区","center":[114.374025,30.874155],"centroid":[114.355245,30.978113],"childrenNum":0,"level":"district","acroutes":[100000,420000,420100],"parent":{"adcode":420100}}