{"children":[],"adcode":420111,"name":"洪山区","center":[114.400718,30.504259],"centroid":[114.432168,30.533796],"childrenNum":0,"level":"district","acroutes":[100000,420000,420100],"parent":{"adcode":420100}}