{"children":[],"adcode":420222,"name":"阳新县","center":[115.212883,29.841572],"centroid":[115.133954,29.823198],"childrenNum":0,"level":"district","acroutes":[100000,420000,420200],"parent":{"adcode":420200}}