{"children":[],"adcode":420281,"name":"大冶市","center":[114.974842,30.098804],"centroid":[114.838883,30.06582],"childrenNum":0,"level":"district","acroutes":[100000,420000,420200],"parent":{"adcode":420200}}