{"children":[],"adcode":420202,"name":"黄石港区","center":[115.090164,30.212086],"centroid":[115.058835,30.232266],"childrenNum":0,"level":"district","acroutes":[100000,420000,420200],"parent":{"adcode":420200}}