{"children":[],"adcode":420204,"name":"下陆区","center":[114.975755,30.177845],"centroid":[114.985459,30.192881],"childrenNum":0,"level":"district","acroutes":[100000,420000,420200],"parent":{"adcode":420200}}