{"children":[],"adcode":420205,"name":"铁山区","center":[114.901366,30.20601],"centroid":[114.89868,30.211668],"childrenNum":0,"level":"district","acroutes":[100000,420000,420200],"parent":{"adcode":420200}}