{"children":[],"adcode":420203,"name":"西塞山区","center":[115.093354,30.205365],"centroid":[115.163739,30.177117],"childrenNum":0,"level":"district","acroutes":[100000,420000,420200],"parent":{"adcode":420200}}