{"children":[],"adcode":420324,"name":"竹溪县","center":[109.717196,32.315342],"centroid":[109.784332,32.031931],"childrenNum":0,"level":"district","acroutes":[100000,420000,420300],"parent":{"adcode":420300}}