{"children":[],"adcode":420323,"name":"竹山县","center":[110.2296,32.22586],"centroid":[110.064901,32.234849],"childrenNum":0,"level":"district","acroutes":[100000,420000,420300],"parent":{"adcode":420300}}