{"children":[],"adcode":420322,"name":"郧西县","center":[110.426472,32.991457],"centroid":[110.142415,33.04214],"childrenNum":0,"level":"district","acroutes":[100000,420000,420300],"parent":{"adcode":420300}}