{"children":[],"adcode":420303,"name":"张湾区","center":[110.772365,32.652516],"centroid":[110.62296,32.64062],"childrenNum":0,"level":"district","acroutes":[100000,420000,420300],"parent":{"adcode":420300}}