{"children":[],"adcode":420304,"name":"郧阳区","center":[110.812099,32.838267],"centroid":[110.730847,32.860417],"childrenNum":0,"level":"district","acroutes":[100000,420000,420300],"parent":{"adcode":420300}}