{"children":[],"adcode":420325,"name":"房县","center":[110.741966,32.055002],"centroid":[110.624942,32.072387],"childrenNum":0,"level":"district","acroutes":[100000,420000,420300],"parent":{"adcode":420300}}