{"children":[],"adcode":420302,"name":"茅箭区","center":[110.78621,32.644463],"centroid":[110.787323,32.518423],"childrenNum":0,"level":"district","acroutes":[100000,420000,420300],"parent":{"adcode":420300}}