{"children":[],"adcode":420381,"name":"丹江口市","center":[111.513793,32.538839],"centroid":[111.187871,32.563376],"childrenNum":0,"level":"district","acroutes":[100000,420000,420300],"parent":{"adcode":420300}}