{"children":[],"adcode":420505,"name":"猇亭区","center":[111.427642,30.530744],"centroid":[111.448198,30.550879],"childrenNum":0,"level":"district","acroutes":[100000,420000,420500],"parent":{"adcode":420500}}