{"children":[],"adcode":420582,"name":"当阳市","center":[111.793419,30.824492],"centroid":[111.83563,30.820229],"childrenNum":0,"level":"district","acroutes":[100000,420000,420500],"parent":{"adcode":420500}}