{"children":[],"adcode":420529,"name":"五峰土家族自治县","center":[110.674938,30.199252],"centroid":[110.708007,30.168626],"childrenNum":0,"level":"district","acroutes":[100000,420000,420500],"parent":{"adcode":420500}}