{"children":[],"adcode":420525,"name":"远安县","center":[111.64331,31.059626],"centroid":[111.578513,31.170982],"childrenNum":0,"level":"district","acroutes":[100000,420000,420500],"parent":{"adcode":420500}}