{"children":[],"adcode":420502,"name":"西陵区","center":[111.295468,30.702476],"centroid":[111.318718,30.719864],"childrenNum":0,"level":"district","acroutes":[100000,420000,420500],"parent":{"adcode":420500}}