{"children":[],"adcode":420528,"name":"长阳土家族自治县","center":[111.198475,30.466534],"centroid":[110.847903,30.478506],"childrenNum":0,"level":"district","acroutes":[100000,420000,420500],"parent":{"adcode":420500}}