{"children":[],"adcode":420581,"name":"宜都市","center":[111.454367,30.387234],"centroid":[111.370069,30.291557],"childrenNum":0,"level":"district","acroutes":[100000,420000,420500],"parent":{"adcode":420500}}