{"children":[],"adcode":420583,"name":"枝江市","center":[111.751799,30.425364],"centroid":[111.723108,30.445182],"childrenNum":0,"level":"district","acroutes":[100000,420000,420500],"parent":{"adcode":420500}}