{"children":[],"adcode":420503,"name":"伍家岗区","center":[111.307215,30.679053],"centroid":[111.380938,30.65149],"childrenNum":0,"level":"district","acroutes":[100000,420000,420500],"parent":{"adcode":420500}}