{"children":[],"adcode":420526,"name":"兴山县","center":[110.754499,31.34795],"centroid":[110.8167,31.315578],"childrenNum":0,"level":"district","acroutes":[100000,420000,420500],"parent":{"adcode":420500}}