{"children":[],"adcode":420504,"name":"点军区","center":[111.268163,30.692322],"centroid":[111.177318,30.670796],"childrenNum":0,"level":"district","acroutes":[100000,420000,420500],"parent":{"adcode":420500}}