{"children":[],"adcode":420506,"name":"夷陵区","center":[111.326747,30.770199],"centroid":[111.249522,30.974389],"childrenNum":0,"level":"district","acroutes":[100000,420000,420500],"parent":{"adcode":420500}}