{"children":[],"adcode":420527,"name":"秭归县","center":[110.976785,30.823908],"centroid":[110.678553,30.897811],"childrenNum":0,"level":"district","acroutes":[100000,420000,420500],"parent":{"adcode":420500}}