{"children":[],"adcode":420602,"name":"襄城区","center":[112.150327,32.015088],"centroid":[112.059085,31.947121],"childrenNum":0,"level":"district","acroutes":[100000,420000,420600],"parent":{"adcode":420600}}