{"children":[],"adcode":420624,"name":"南漳县","center":[111.844424,31.77692],"centroid":[111.758642,31.637984],"childrenNum":0,"level":"district","acroutes":[100000,420000,420600],"parent":{"adcode":420600}}