{"children":[],"adcode":420607,"name":"襄州区","center":[112.197378,32.085517],"centroid":[112.240713,32.171274],"childrenNum":0,"level":"district","acroutes":[100000,420000,420600],"parent":{"adcode":420600}}