{"children":[],"adcode":420626,"name":"保康县","center":[111.262235,31.873507],"centroid":[111.207039,31.708112],"childrenNum":0,"level":"district","acroutes":[100000,420000,420600],"parent":{"adcode":420600}}