{"children":[],"adcode":420683,"name":"枣阳市","center":[112.765268,32.123083],"centroid":[112.766733,32.088629],"childrenNum":0,"level":"district","acroutes":[100000,420000,420600],"parent":{"adcode":420600}}