{"children":[],"adcode":420625,"name":"谷城县","center":[111.640147,32.262676],"centroid":[111.488868,32.16887],"childrenNum":0,"level":"district","acroutes":[100000,420000,420600],"parent":{"adcode":420600}}