{"children":[],"adcode":420684,"name":"宜城市","center":[112.261441,31.709203],"centroid":[112.365943,31.668455],"childrenNum":0,"level":"district","acroutes":[100000,420000,420600],"parent":{"adcode":420600}}