{"children":[],"adcode":420682,"name":"老河口市","center":[111.675732,32.385438],"centroid":[111.760727,32.428507],"childrenNum":0,"level":"district","acroutes":[100000,420000,420600],"parent":{"adcode":420600}}