{"children":[],"adcode":420606,"name":"樊城区","center":[112.13957,32.058589],"centroid":[111.983905,32.119138],"childrenNum":0,"level":"district","acroutes":[100000,420000,420600],"parent":{"adcode":420600}}