{"children":[],"adcode":420702,"name":"梁子湖区","center":[114.681967,30.098191],"centroid":[114.623027,30.168077],"childrenNum":0,"level":"district","acroutes":[100000,420000,420700],"parent":{"adcode":420700}}