{"children":[],"adcode":420703,"name":"华容区","center":[114.74148,30.534468],"centroid":[114.723452,30.480322],"childrenNum":0,"level":"district","acroutes":[100000,420000,420700],"parent":{"adcode":420700}}