{"children":[],"adcode":420704,"name":"鄂城区","center":[114.890012,30.39669],"centroid":[114.903512,30.327966],"childrenNum":0,"level":"district","acroutes":[100000,420000,420700],"parent":{"adcode":420700}}