{"children":[{"adcode":420702,"name":"梁子湖区","center":[114.681967,30.098191],"centroid":[114.623027,30.168077],"childrenNum":0,"level":"district","parent":{"adcode":420700},"subFeatureIndex":0,"acroutes":[100000,420000,420700]},{"adcode":420703,"name":"华容区","center":[114.74148,30.534468],"centroid":[114.723452,30.480322],"childrenNum":0,"level":"district","parent":{"adcode":420700},"subFeatureIndex":1,"acroutes":[100000,420000,420700]},{"adcode":420704,"name":"鄂城区","center":[114.890012,30.39669],"centroid":[114.903512,30.327966],"childrenNum":0,"level":"district","parent":{"adcode":420700},"subFeatureIndex":2,"acroutes":[100000,420000,420700]}],"adcode":420700,"name":"鄂州市","center":[114.890593,30.396536],"centroid":[114.759738,30.326618],"childrenNum":3,"level":"city","acroutes":[100000,420000],"parent":{"adcode":420000}}