{"children":[],"adcode":420822,"name":"沙洋县","center":[112.595218,30.70359],"centroid":[112.391761,30.660279],"childrenNum":0,"level":"district","acroutes":[100000,420000,420800],"parent":{"adcode":420800}}