{"children":[],"adcode":420881,"name":"钟祥市","center":[112.587267,31.165573],"centroid":[112.578699,31.240858],"childrenNum":0,"level":"district","acroutes":[100000,420000,420800],"parent":{"adcode":420800}}