{"children":[],"adcode":420804,"name":"掇刀区","center":[112.198413,30.980798],"centroid":[112.206071,30.887729],"childrenNum":0,"level":"district","acroutes":[100000,420000,420800],"parent":{"adcode":420800}}