{"children":[],"adcode":420802,"name":"东宝区","center":[112.204804,31.033461],"centroid":[112.098998,31.171602],"childrenNum":0,"level":"district","acroutes":[100000,420000,420800],"parent":{"adcode":420800}}