{"children":[],"adcode":420882,"name":"京山市","center":[113.114595,31.022457],"centroid":[113.106857,31.080808],"childrenNum":0,"level":"district","acroutes":[100000,420000,420800],"parent":{"adcode":420800}}