{"children":[],"adcode":420902,"name":"孝南区","center":[113.925849,30.925966],"centroid":[114.009577,30.938947],"childrenNum":0,"level":"district","acroutes":[100000,420000,420900],"parent":{"adcode":420900}}