{"children":[],"adcode":420982,"name":"安陆市","center":[113.690401,31.26174],"centroid":[113.62789,31.29964],"childrenNum":0,"level":"district","acroutes":[100000,420000,420900],"parent":{"adcode":420900}}