{"children":[],"adcode":420981,"name":"应城市","center":[113.573842,30.939038],"centroid":[113.549436,30.919844],"childrenNum":0,"level":"district","acroutes":[100000,420000,420900],"parent":{"adcode":420900}}