{"children":[],"adcode":420984,"name":"汉川市","center":[113.835301,30.652165],"centroid":[113.674413,30.615889],"childrenNum":0,"level":"district","acroutes":[100000,420000,420900],"parent":{"adcode":420900}}