{"children":[],"adcode":420923,"name":"云梦县","center":[113.750616,31.021691],"centroid":[113.771457,30.999453],"childrenNum":0,"level":"district","acroutes":[100000,420000,420900],"parent":{"adcode":420900}}