{"children":[],"adcode":420922,"name":"大悟县","center":[114.126249,31.565483],"centroid":[114.30405,31.571517],"childrenNum":0,"level":"district","acroutes":[100000,420000,420900],"parent":{"adcode":420900}}