{"children":[],"adcode":420921,"name":"孝昌县","center":[113.988964,31.251618],"centroid":[114.027918,31.233341],"childrenNum":0,"level":"district","acroutes":[100000,420000,420900],"parent":{"adcode":420900}}