{"children":[],"adcode":421024,"name":"江陵县","center":[112.41735,30.033919],"centroid":[112.467882,30.094507],"childrenNum":0,"level":"district","acroutes":[100000,420000,421000],"parent":{"adcode":421000}}