{"children":[],"adcode":421023,"name":"监利市","center":[112.904344,29.820079],"centroid":[113.000628,29.844936],"childrenNum":0,"level":"district","acroutes":[100000,420000,421000],"parent":{"adcode":421000}}