{"children":[],"adcode":421087,"name":"松滋市","center":[111.77818,30.176037],"centroid":[111.690179,30.099538],"childrenNum":0,"level":"district","acroutes":[100000,420000,421000],"parent":{"adcode":421000}}