{"children":[],"adcode":421081,"name":"石首市","center":[112.40887,29.716437],"centroid":[112.50764,29.732702],"childrenNum":0,"level":"district","acroutes":[100000,420000,421000],"parent":{"adcode":421000}}