{"children":[],"adcode":421083,"name":"洪湖市","center":[113.470304,29.81297],"centroid":[113.538129,29.994385],"childrenNum":0,"level":"district","acroutes":[100000,420000,421000],"parent":{"adcode":421000}}