{"children":[],"adcode":421022,"name":"公安县","center":[112.230179,30.059065],"centroid":[112.14859,29.951436],"childrenNum":0,"level":"district","acroutes":[100000,420000,421000],"parent":{"adcode":421000}}