{"children":[],"adcode":421003,"name":"荆州区","center":[112.195354,30.350674],"centroid":[112.103432,30.41084],"childrenNum":0,"level":"district","acroutes":[100000,420000,421000],"parent":{"adcode":421000}}