{"children":[],"adcode":421002,"name":"沙市区","center":[112.257433,30.315895],"centroid":[112.390172,30.31969],"childrenNum":0,"level":"district","acroutes":[100000,420000,421000],"parent":{"adcode":421000}}