{"children":[],"adcode":421126,"name":"蕲春县","center":[115.433964,30.234927],"centroid":[115.593747,30.322592],"childrenNum":0,"level":"district","acroutes":[100000,420000,421100],"parent":{"adcode":421100}}