{"children":[],"adcode":421122,"name":"红安县","center":[114.615095,31.284777],"centroid":[114.621938,31.283862],"childrenNum":0,"level":"district","acroutes":[100000,420000,421100],"parent":{"adcode":421100}}