{"children":[],"adcode":421102,"name":"黄州区","center":[114.878934,30.447435],"centroid":[114.942099,30.50989],"childrenNum":0,"level":"district","acroutes":[100000,420000,421100],"parent":{"adcode":421100}}