{"children":[],"adcode":421121,"name":"团风县","center":[114.872029,30.63569],"centroid":[115.006442,30.715765],"childrenNum":0,"level":"district","acroutes":[100000,420000,421100],"parent":{"adcode":421100}}