{"children":[],"adcode":421127,"name":"黄梅县","center":[115.942548,30.075113],"centroid":[115.934564,29.992615],"childrenNum":0,"level":"district","acroutes":[100000,420000,421100],"parent":{"adcode":421100}}