{"children":[],"adcode":421125,"name":"浠水县","center":[115.26344,30.454837],"centroid":[115.267657,30.502627],"childrenNum":0,"level":"district","acroutes":[100000,420000,421100],"parent":{"adcode":421100}}