{"children":[],"adcode":421123,"name":"罗田县","center":[115.398984,30.781679],"centroid":[115.472683,30.926263],"childrenNum":0,"level":"district","acroutes":[100000,420000,421100],"parent":{"adcode":421100}}