{"children":[],"adcode":421182,"name":"武穴市","center":[115.56242,29.849342],"centroid":[115.61902,30.00892],"childrenNum":0,"level":"district","acroutes":[100000,420000,421100],"parent":{"adcode":421100}}