{"children":[],"adcode":421124,"name":"英山县","center":[115.67753,30.735794],"centroid":[115.766423,30.866836],"childrenNum":0,"level":"district","acroutes":[100000,420000,421100],"parent":{"adcode":421100}}