{"children":[],"adcode":421181,"name":"麻城市","center":[115.02541,31.177906],"centroid":[115.083613,31.212609],"childrenNum":0,"level":"district","acroutes":[100000,420000,421100],"parent":{"adcode":421100}}