{"children":[],"adcode":421223,"name":"崇阳县","center":[114.049958,29.54101],"centroid":[114.06173,29.456296],"childrenNum":0,"level":"district","acroutes":[100000,420000,421200],"parent":{"adcode":421200}}