{"children":[],"adcode":421281,"name":"赤壁市","center":[113.88366,29.716879],"centroid":[113.883084,29.736829],"childrenNum":0,"level":"district","acroutes":[100000,420000,421200],"parent":{"adcode":421200}}