{"children":[],"adcode":421222,"name":"通城县","center":[113.814131,29.246076],"centroid":[113.846299,29.22362],"childrenNum":0,"level":"district","acroutes":[100000,420000,421200],"parent":{"adcode":421200}}