{"children":[],"adcode":421202,"name":"咸安区","center":[114.333894,29.824716],"centroid":[114.385408,29.848621],"childrenNum":0,"level":"district","acroutes":[100000,420000,421200],"parent":{"adcode":421200}}