{"children":[],"adcode":421224,"name":"通山县","center":[114.493163,29.604455],"centroid":[114.609317,29.552551],"childrenNum":0,"level":"district","acroutes":[100000,420000,421200],"parent":{"adcode":421200}}