{"children":[],"adcode":421221,"name":"嘉鱼县","center":[113.921547,29.973363],"centroid":[113.960471,30.007504],"childrenNum":0,"level":"district","acroutes":[100000,420000,421200],"parent":{"adcode":421200}}