{"children":[{"adcode":421303,"name":"曾都区","center":[113.374519,31.717521],"centroid":[113.430096,31.637986],"childrenNum":0,"level":"district","parent":{"adcode":421300},"subFeatureIndex":0,"acroutes":[100000,420000,421300]},{"adcode":421321,"name":"随县","center":[113.301384,31.854246],"centroid":[113.250935,31.948755],"childrenNum":0,"level":"district","parent":{"adcode":421300},"subFeatureIndex":1,"acroutes":[100000,420000,421300]},{"adcode":421381,"name":"广水市","center":[113.826601,31.617731],"centroid":[113.805967,31.677175],"childrenNum":0,"level":"district","parent":{"adcode":421300},"subFeatureIndex":2,"acroutes":[100000,420000,421300]}],"adcode":421300,"name":"随州市","center":[113.37377,31.717497],"centroid":[113.429995,31.828026],"childrenNum":3,"level":"city","acroutes":[100000,420000],"parent":{"adcode":420000}}