{"children":[],"adcode":421381,"name":"广水市","center":[113.826601,31.617731],"centroid":[113.805967,31.677175],"childrenNum":0,"level":"district","acroutes":[100000,420000,421300],"parent":{"adcode":421300}}