{"children":[],"adcode":421321,"name":"随县","center":[113.301384,31.854246],"centroid":[113.250935,31.948755],"childrenNum":0,"level":"district","acroutes":[100000,420000,421300],"parent":{"adcode":421300}}