{"children":[],"adcode":421303,"name":"曾都区","center":[113.374519,31.717521],"centroid":[113.430096,31.637986],"childrenNum":0,"level":"district","acroutes":[100000,420000,421300],"parent":{"adcode":421300}}