{"children":[],"adcode":422827,"name":"来凤县","center":[109.408328,29.506945],"centroid":[109.238738,29.419803],"childrenNum":0,"level":"district","acroutes":[100000,420000,422800],"parent":{"adcode":422800}}