{"children":[],"adcode":422822,"name":"建始县","center":[109.723822,30.601632],"centroid":[109.933972,30.573499],"childrenNum":0,"level":"district","acroutes":[100000,420000,422800],"parent":{"adcode":422800}}