{"children":[],"adcode":422823,"name":"巴东县","center":[110.336665,31.041403],"centroid":[110.294043,30.821563],"childrenNum":0,"level":"district","acroutes":[100000,420000,422800],"parent":{"adcode":422800}}