{"children":[],"adcode":422801,"name":"恩施市","center":[109.486761,30.282406],"centroid":[109.510768,30.303234],"childrenNum":0,"level":"district","acroutes":[100000,420000,422800],"parent":{"adcode":422800}}