{"children":[],"adcode":422802,"name":"利川市","center":[108.943491,30.294247],"centroid":[108.820664,30.233583],"childrenNum":0,"level":"district","acroutes":[100000,420000,422800],"parent":{"adcode":422800}}