{"children":[],"adcode":422828,"name":"鹤峰县","center":[110.033699,29.887298],"centroid":[110.193426,29.91323],"childrenNum":0,"level":"district","acroutes":[100000,420000,422800],"parent":{"adcode":422800}}