{"children":[],"adcode":422825,"name":"宣恩县","center":[109.482819,29.98867],"centroid":[109.558198,29.880623],"childrenNum":0,"level":"district","acroutes":[100000,420000,422800],"parent":{"adcode":422800}}