{"children":[],"adcode":422826,"name":"咸丰县","center":[109.15041,29.678967],"centroid":[108.997537,29.73151],"childrenNum":0,"level":"district","acroutes":[100000,420000,422800],"parent":{"adcode":422800}}