{"children":[],"adcode":429004,"name":"仙桃市","center":[113.453974,30.364953],"centroid":[113.381345,30.287564],"childrenNum":0,"level":"city","acroutes":[100000,420000],"parent":{"adcode":420000}}