{"children":[],"adcode":429005,"name":"潜江市","center":[112.896866,30.421215],"centroid":[112.762642,30.336071],"childrenNum":0,"level":"city","acroutes":[100000,420000],"parent":{"adcode":420000}}