{"children":[],"adcode":429021,"name":"神农架林区","center":[110.671525,31.744449],"centroid":[110.480761,31.589684],"childrenNum":0,"level":"city","acroutes":[100000,420000],"parent":{"adcode":420000}}