{"children":[],"adcode":429006,"name":"天门市","center":[113.165862,30.653061],"centroid":[113.114735,30.642494],"childrenNum":0,"level":"city","acroutes":[100000,420000],"parent":{"adcode":420000}}