{"children":[],"adcode":430111,"name":"雨花区","center":[113.016337,28.109937],"centroid":[113.083726,28.06293],"childrenNum":0,"level":"district","acroutes":[100000,430000,430100],"parent":{"adcode":430100}}