{"children":[],"adcode":430182,"name":"宁乡市","center":[112.553182,28.253928],"centroid":[112.353146,28.125286],"childrenNum":0,"level":"district","acroutes":[100000,430000,430100],"parent":{"adcode":430100}}