{"children":[],"adcode":430112,"name":"望城区","center":[112.819549,28.347458],"centroid":[112.821335,28.368695],"childrenNum":0,"level":"district","acroutes":[100000,430000,430100],"parent":{"adcode":430100}}