{"children":[],"adcode":430121,"name":"长沙县","center":[113.080098,28.237888],"centroid":[113.23516,28.357041],"childrenNum":0,"level":"district","acroutes":[100000,430000,430100],"parent":{"adcode":430100}}