{"children":[],"adcode":430105,"name":"开福区","center":[112.985525,28.201336],"centroid":[113.001265,28.302385],"childrenNum":0,"level":"district","acroutes":[100000,430000,430100],"parent":{"adcode":430100}}