{"children":[],"adcode":430104,"name":"岳麓区","center":[112.911591,28.213044],"centroid":[112.836863,28.131815],"childrenNum":0,"level":"district","acroutes":[100000,430000,430100],"parent":{"adcode":430100}}