{"children":[],"adcode":430103,"name":"天心区","center":[112.97307,28.192375],"centroid":[112.981925,28.064489],"childrenNum":0,"level":"district","acroutes":[100000,430000,430100],"parent":{"adcode":430100}}