{"children":[],"adcode":430102,"name":"芙蓉区","center":[112.988094,28.193106],"centroid":[113.049296,28.197807],"childrenNum":0,"level":"district","acroutes":[100000,430000,430100],"parent":{"adcode":430100}}