{"children":[],"adcode":430181,"name":"浏阳市","center":[113.633301,28.141112],"centroid":[113.715506,28.228483],"childrenNum":0,"level":"district","acroutes":[100000,430000,430100],"parent":{"adcode":430100}}