{"children":[],"adcode":430211,"name":"天元区","center":[113.136252,27.826909],"centroid":[113.073878,27.706389],"childrenNum":0,"level":"district","acroutes":[100000,430000,430200],"parent":{"adcode":430200}}