{"children":[],"adcode":430203,"name":"芦淞区","center":[113.155169,27.827246],"centroid":[113.254675,27.805177],"childrenNum":0,"level":"district","acroutes":[100000,430000,430200],"parent":{"adcode":430200}}