{"children":[],"adcode":430204,"name":"石峰区","center":[113.11295,27.871945],"centroid":[113.141998,27.928496],"childrenNum":0,"level":"district","acroutes":[100000,430000,430200],"parent":{"adcode":430200}}