{"children":[],"adcode":430223,"name":"攸县","center":[113.345774,27.000071],"centroid":[113.4818,27.168027],"childrenNum":0,"level":"district","acroutes":[100000,430000,430200],"parent":{"adcode":430200}}