{"children":[],"adcode":430281,"name":"醴陵市","center":[113.507157,27.657873],"centroid":[113.464077,27.657636],"childrenNum":0,"level":"district","acroutes":[100000,430000,430200],"parent":{"adcode":430200}}