{"children":[],"adcode":430212,"name":"渌口区","center":[113.146175,27.705844],"centroid":[113.140154,27.475297],"childrenNum":0,"level":"district","acroutes":[100000,430000,430200],"parent":{"adcode":430200}}