{"children":[],"adcode":430224,"name":"茶陵县","center":[113.546509,26.789534],"centroid":[113.645654,26.801089],"childrenNum":0,"level":"district","acroutes":[100000,430000,430200],"parent":{"adcode":430200}}