{"children":[],"adcode":430225,"name":"炎陵县","center":[113.776884,26.489459],"centroid":[113.844178,26.374699],"childrenNum":0,"level":"district","acroutes":[100000,430000,430200],"parent":{"adcode":430200}}