{"children":[],"adcode":430202,"name":"荷塘区","center":[113.162548,27.833036],"centroid":[113.219503,27.900997],"childrenNum":0,"level":"district","acroutes":[100000,430000,430200],"parent":{"adcode":430200}}