{"children":[],"adcode":430302,"name":"雨湖区","center":[112.907427,27.86077],"centroid":[112.850937,27.926096],"childrenNum":0,"level":"district","acroutes":[100000,430000,430300],"parent":{"adcode":430300}}