{"children":[],"adcode":430321,"name":"湘潭县","center":[112.952829,27.778601],"centroid":[112.773463,27.608879],"childrenNum":0,"level":"district","acroutes":[100000,430000,430300],"parent":{"adcode":430300}}