{"children":[],"adcode":430304,"name":"岳塘区","center":[112.927707,27.828854],"centroid":[112.997621,27.886637],"childrenNum":0,"level":"district","acroutes":[100000,430000,430300],"parent":{"adcode":430300}}