{"children":[],"adcode":430382,"name":"韶山市","center":[112.52848,27.922682],"centroid":[112.519403,27.916867],"childrenNum":0,"level":"district","acroutes":[100000,430000,430300],"parent":{"adcode":430300}}