{"children":[],"adcode":430381,"name":"湘乡市","center":[112.525217,27.734918],"centroid":[112.345921,27.768158],"childrenNum":0,"level":"district","acroutes":[100000,430000,430300],"parent":{"adcode":430300}}