{"children":[],"adcode":430421,"name":"衡阳县","center":[112.379643,26.962388],"centroid":[112.347267,27.102969],"childrenNum":0,"level":"district","acroutes":[100000,430000,430400],"parent":{"adcode":430400}}