{"children":[],"adcode":430426,"name":"祁东县","center":[112.111192,26.787109],"centroid":[111.954938,26.800476],"childrenNum":0,"level":"district","acroutes":[100000,430000,430400],"parent":{"adcode":430400}}