{"children":[],"adcode":430481,"name":"耒阳市","center":[112.847215,26.414162],"centroid":[112.915707,26.418715],"childrenNum":0,"level":"district","acroutes":[100000,430000,430400],"parent":{"adcode":430400}}