{"children":[],"adcode":430408,"name":"蒸湘区","center":[112.570608,26.89087],"centroid":[112.543531,26.879172],"childrenNum":0,"level":"district","acroutes":[100000,430000,430400],"parent":{"adcode":430400}}