{"children":[],"adcode":430482,"name":"常宁市","center":[112.396821,26.406773],"centroid":[112.430033,26.359289],"childrenNum":0,"level":"district","acroutes":[100000,430000,430400],"parent":{"adcode":430400}}