{"children":[],"adcode":430407,"name":"石鼓区","center":[112.607635,26.903908],"centroid":[112.604714,26.96244],"childrenNum":0,"level":"district","acroutes":[100000,430000,430400],"parent":{"adcode":430400}}