{"children":[],"adcode":430412,"name":"南岳区","center":[112.734147,27.240536],"centroid":[112.696422,27.257198],"childrenNum":0,"level":"district","acroutes":[100000,430000,430400],"parent":{"adcode":430400}}