{"children":[],"adcode":430406,"name":"雁峰区","center":[112.612241,26.893694],"centroid":[112.60766,26.832564],"childrenNum":0,"level":"district","acroutes":[100000,430000,430400],"parent":{"adcode":430400}}