{"children":[],"adcode":430422,"name":"衡南县","center":[112.677459,26.739973],"childrenNum":0,"level":"district","acroutes":[100000,430000,430400],"parent":{"adcode":430400}}