{"children":[],"adcode":430424,"name":"衡东县","center":[112.950412,27.083531],"centroid":[113.022238,27.079133],"childrenNum":0,"level":"district","acroutes":[100000,430000,430400],"parent":{"adcode":430400}}