{"children":[],"adcode":430405,"name":"珠晖区","center":[112.626324,26.891063],"centroid":[112.671137,26.876829],"childrenNum":0,"level":"district","acroutes":[100000,430000,430400],"parent":{"adcode":430400}}