{"children":[],"adcode":430423,"name":"衡山县","center":[112.86971,27.234808],"childrenNum":0,"level":"district","acroutes":[100000,430000,430400],"parent":{"adcode":430400}}