{"children":[],"adcode":430522,"name":"新邵县","center":[111.459762,27.311429],"centroid":[111.464608,27.425567],"childrenNum":0,"level":"district","acroutes":[100000,430000,430500],"parent":{"adcode":430500}}