{"children":[],"adcode":430502,"name":"双清区","center":[111.479756,27.240001],"centroid":[111.546436,27.241775],"childrenNum":0,"level":"district","acroutes":[100000,430000,430500],"parent":{"adcode":430500}}