{"children":[],"adcode":430529,"name":"城步苗族自治县","center":[110.313226,26.363575],"centroid":[110.318488,26.318776],"childrenNum":0,"level":"district","acroutes":[100000,430000,430500],"parent":{"adcode":430500}}