{"children":[],"adcode":430582,"name":"邵东市","center":[111.743168,27.257273],"centroid":[111.850315,27.187043],"childrenNum":0,"level":"district","acroutes":[100000,430000,430500],"parent":{"adcode":430500}}