{"children":[],"adcode":430524,"name":"隆回县","center":[111.038785,27.116002],"centroid":[110.965394,27.346434],"childrenNum":0,"level":"district","acroutes":[100000,430000,430500],"parent":{"adcode":430500}}