{"children":[],"adcode":430581,"name":"武冈市","center":[110.636804,26.732086],"centroid":[110.739073,26.781347],"childrenNum":0,"level":"district","acroutes":[100000,430000,430500],"parent":{"adcode":430500}}