{"children":[],"adcode":430527,"name":"绥宁县","center":[110.155075,26.580622],"centroid":[110.199275,26.707518],"childrenNum":0,"level":"district","acroutes":[100000,430000,430500],"parent":{"adcode":430500}}