{"children":[],"adcode":430503,"name":"大祥区","center":[111.462968,27.233593],"centroid":[111.485515,27.159475],"childrenNum":0,"level":"district","acroutes":[100000,430000,430500],"parent":{"adcode":430500}}