{"children":[],"adcode":430528,"name":"新宁县","center":[110.859115,26.438912],"centroid":[110.917976,26.541665],"childrenNum":0,"level":"district","acroutes":[100000,430000,430500],"parent":{"adcode":430500}}