{"children":[],"adcode":430523,"name":"邵阳县","center":[111.2757,26.989713],"centroid":[111.325512,26.979422],"childrenNum":0,"level":"district","acroutes":[100000,430000,430500],"parent":{"adcode":430500}}