{"children":[],"adcode":430511,"name":"北塔区","center":[111.452315,27.245688],"centroid":[111.420079,27.248192],"childrenNum":0,"level":"district","acroutes":[100000,430000,430500],"parent":{"adcode":430500}}