{"children":[],"adcode":430525,"name":"洞口县","center":[110.579212,27.062286],"centroid":[110.592108,27.09772],"childrenNum":0,"level":"district","acroutes":[100000,430000,430500],"parent":{"adcode":430500}}