{"children":[],"adcode":430621,"name":"岳阳县","center":[113.116073,29.144843],"centroid":[113.220802,29.16623],"childrenNum":0,"level":"district","acroutes":[100000,430000,430600],"parent":{"adcode":430600}}