{"children":[],"adcode":430603,"name":"云溪区","center":[113.27387,29.473395],"centroid":[113.297716,29.508639],"childrenNum":0,"level":"district","acroutes":[100000,430000,430600],"parent":{"adcode":430600}}