{"children":[],"adcode":430626,"name":"平江县","center":[113.593751,28.701523],"centroid":[113.714385,28.756033],"childrenNum":0,"level":"district","acroutes":[100000,430000,430600],"parent":{"adcode":430600}}