{"children":[],"adcode":430602,"name":"岳阳楼区","center":[113.120751,29.366784],"centroid":[113.214548,29.33568],"childrenNum":0,"level":"district","acroutes":[100000,430000,430600],"parent":{"adcode":430600}}