{"children":[],"adcode":430681,"name":"汨罗市","center":[113.079419,28.803149],"centroid":[113.114949,28.798883],"childrenNum":0,"level":"district","acroutes":[100000,430000,430600],"parent":{"adcode":430600}}