{"children":[],"adcode":430623,"name":"华容县","center":[112.559369,29.524107],"centroid":[112.641661,29.49116],"childrenNum":0,"level":"district","acroutes":[100000,430000,430600],"parent":{"adcode":430600}}