{"children":[],"adcode":430682,"name":"临湘市","center":[113.450809,29.471594],"centroid":[113.513978,29.490703],"childrenNum":0,"level":"district","acroutes":[100000,430000,430600],"parent":{"adcode":430600}}