{"children":[],"adcode":430611,"name":"君山区","center":[113.004082,29.438062],"centroid":[112.866822,29.476796],"childrenNum":0,"level":"district","acroutes":[100000,430000,430600],"parent":{"adcode":430600}}