{"children":[],"adcode":430624,"name":"湘阴县","center":[112.889748,28.677498],"centroid":[112.796636,28.700643],"childrenNum":0,"level":"district","acroutes":[100000,430000,430600],"parent":{"adcode":430600}}