{"children":[],"adcode":430781,"name":"津市市","center":[111.879609,29.630867],"centroid":[111.895477,29.460085],"childrenNum":0,"level":"district","acroutes":[100000,430000,430700],"parent":{"adcode":430700}}