{"children":[],"adcode":430703,"name":"鼎城区","center":[111.685327,29.014426],"centroid":[111.856233,29.178493],"childrenNum":0,"level":"district","acroutes":[100000,430000,430700],"parent":{"adcode":430700}}