{"children":[],"adcode":430723,"name":"澧县","center":[111.761682,29.64264],"centroid":[111.704793,29.743602],"childrenNum":0,"level":"district","acroutes":[100000,430000,430700],"parent":{"adcode":430700}}