{"children":[],"adcode":430702,"name":"武陵区","center":[111.690718,29.040477],"centroid":[111.705096,29.014803],"childrenNum":0,"level":"district","acroutes":[100000,430000,430700],"parent":{"adcode":430700}}