{"children":[],"adcode":430725,"name":"桃源县","center":[111.484503,28.902734],"centroid":[111.263299,28.912234],"childrenNum":0,"level":"district","acroutes":[100000,430000,430700],"parent":{"adcode":430700}}