{"children":[],"adcode":430721,"name":"安乡县","center":[112.172289,29.414483],"centroid":[112.155575,29.442438],"childrenNum":0,"level":"district","acroutes":[100000,430000,430700],"parent":{"adcode":430700}}