{"children":[],"adcode":430724,"name":"临澧县","center":[111.645602,29.443217],"centroid":[111.618874,29.480004],"childrenNum":0,"level":"district","acroutes":[100000,430000,430700],"parent":{"adcode":430700}}