{"children":[],"adcode":430726,"name":"石门县","center":[111.379087,29.584703],"centroid":[111.037894,29.795422],"childrenNum":0,"level":"district","acroutes":[100000,430000,430700],"parent":{"adcode":430700}}