{"children":[],"adcode":430722,"name":"汉寿县","center":[111.968506,28.907319],"centroid":[112.037017,28.858908],"childrenNum":0,"level":"district","acroutes":[100000,430000,430700],"parent":{"adcode":430700}}