{"children":[],"adcode":430821,"name":"慈利县","center":[111.132702,29.423876],"centroid":[110.927452,29.393009],"childrenNum":0,"level":"district","acroutes":[100000,430000,430800],"parent":{"adcode":430800}}