{"children":[],"adcode":430822,"name":"桑植县","center":[110.164039,29.399939],"centroid":[110.181928,29.562013],"childrenNum":0,"level":"district","acroutes":[100000,430000,430800],"parent":{"adcode":430800}}