{"children":[],"adcode":430811,"name":"武陵源区","center":[110.54758,29.347827],"centroid":[110.500904,29.346309],"childrenNum":0,"level":"district","acroutes":[100000,430000,430800],"parent":{"adcode":430800}}