{"children":[],"adcode":430802,"name":"永定区","center":[110.484559,29.125961],"centroid":[110.461514,29.118979],"childrenNum":0,"level":"district","acroutes":[100000,430000,430800],"parent":{"adcode":430800}}