{"children":[{"adcode":430802,"name":"永定区","center":[110.484559,29.125961],"centroid":[110.461514,29.118979],"childrenNum":0,"level":"district","parent":{"adcode":430800},"subFeatureIndex":0,"acroutes":[100000,430000,430800]},{"adcode":430811,"name":"武陵源区","center":[110.54758,29.347827],"centroid":[110.500904,29.346309],"childrenNum":0,"level":"district","parent":{"adcode":430800},"subFeatureIndex":1,"acroutes":[100000,430000,430800]},{"adcode":430821,"name":"慈利县","center":[111.132702,29.423876],"centroid":[110.927452,29.393009],"childrenNum":0,"level":"district","parent":{"adcode":430800},"subFeatureIndex":2,"acroutes":[100000,430000,430800]},{"adcode":430822,"name":"桑植县","center":[110.164039,29.399939],"centroid":[110.181928,29.562013],"childrenNum":0,"level":"district","parent":{"adcode":430800},"subFeatureIndex":3,"acroutes":[100000,430000,430800]}],"adcode":430800,"name":"张家界市","center":[110.479921,29.127401],"centroid":[110.531625,29.390312],"childrenNum":4,"level":"city","acroutes":[100000,430000],"parent":{"adcode":430000}}