{"children":[],"adcode":430921,"name":"南县","center":[112.410399,29.372181],"centroid":[112.437841,29.236152],"childrenNum":0,"level":"district","acroutes":[100000,430000,430900],"parent":{"adcode":430900}}