{"children":[],"adcode":430923,"name":"安化县","center":[111.221824,28.377421],"centroid":[111.384121,28.280621],"childrenNum":0,"level":"district","acroutes":[100000,430000,430900],"parent":{"adcode":430900}}