{"children":[],"adcode":430903,"name":"赫山区","center":[112.360946,28.568327],"centroid":[112.436827,28.473368],"childrenNum":0,"level":"district","acroutes":[100000,430000,430900],"parent":{"adcode":430900}}