{"children":[],"adcode":430981,"name":"沅江市","center":[112.361088,28.839713],"centroid":[112.556606,28.969918],"childrenNum":0,"level":"district","acroutes":[100000,430000,430900],"parent":{"adcode":430900}}