{"children":[],"adcode":430922,"name":"桃江县","center":[112.139732,28.520993],"centroid":[111.98392,28.458267],"childrenNum":0,"level":"district","acroutes":[100000,430000,430900],"parent":{"adcode":430900}}