{"children":[],"adcode":430902,"name":"资阳区","center":[112.33084,28.592771],"centroid":[112.360152,28.680037],"childrenNum":0,"level":"district","acroutes":[100000,430000,430900],"parent":{"adcode":430900}}