{"children":[],"adcode":431025,"name":"临武县","center":[112.564589,25.279119],"centroid":[112.560747,25.339025],"childrenNum":0,"level":"district","acroutes":[100000,430000,431000],"parent":{"adcode":431000}}