{"children":[],"adcode":431022,"name":"宜章县","center":[112.947884,25.394345],"childrenNum":0,"level":"district","acroutes":[100000,430000,431000],"parent":{"adcode":431000}}