{"children":[],"adcode":431002,"name":"北湖区","center":[113.032208,25.792628],"centroid":[112.889908,25.656767],"childrenNum":0,"level":"district","acroutes":[100000,430000,431000],"parent":{"adcode":431000}}