{"children":[],"adcode":431023,"name":"永兴县","center":[113.114819,26.129392],"centroid":[113.192019,26.209137],"childrenNum":0,"level":"district","acroutes":[100000,430000,431000],"parent":{"adcode":431000}}