{"children":[],"adcode":431024,"name":"嘉禾县","center":[112.370618,25.587309],"centroid":[112.407365,25.630813],"childrenNum":0,"level":"district","acroutes":[100000,430000,431000],"parent":{"adcode":431000}}