{"children":[],"adcode":431028,"name":"安仁县","center":[113.27217,26.708625],"centroid":[113.358845,26.575557],"childrenNum":0,"level":"district","acroutes":[100000,430000,431000],"parent":{"adcode":431000}}