{"children":[],"adcode":431081,"name":"资兴市","center":[113.23682,25.974152],"centroid":[113.45746,25.932234],"childrenNum":0,"level":"district","acroutes":[100000,430000,431000],"parent":{"adcode":431000}}