{"children":[],"adcode":431026,"name":"汝城县","center":[113.685686,25.553759],"centroid":[113.66981,25.550089],"childrenNum":0,"level":"district","acroutes":[100000,430000,431000],"parent":{"adcode":431000}}