{"children":[],"adcode":431003,"name":"苏仙区","center":[113.038698,25.793157],"centroid":[113.088391,25.79316],"childrenNum":0,"level":"district","acroutes":[100000,430000,431000],"parent":{"adcode":431000}}