{"children":[],"adcode":431021,"name":"桂阳县","center":[112.734466,25.737447],"centroid":[112.601309,25.886825],"childrenNum":0,"level":"district","acroutes":[100000,430000,431000],"parent":{"adcode":431000}}