{"children":[],"adcode":431027,"name":"桂东县","center":[113.945879,26.073917],"centroid":[113.900394,25.979584],"childrenNum":0,"level":"district","acroutes":[100000,430000,431000],"parent":{"adcode":431000}}