{"children":[],"adcode":431126,"name":"宁远县","center":[111.944529,25.584112],"centroid":[111.979334,25.645455],"childrenNum":0,"level":"district","acroutes":[100000,430000,431100],"parent":{"adcode":431100}}