{"children":[],"adcode":431123,"name":"双牌县","center":[111.662146,25.959397],"centroid":[111.709161,25.910052],"childrenNum":0,"level":"district","acroutes":[100000,430000,431100],"parent":{"adcode":431100}}