{"children":[],"adcode":431127,"name":"蓝山县","center":[112.194195,25.375255],"centroid":[112.188061,25.312407],"childrenNum":0,"level":"district","acroutes":[100000,430000,431100],"parent":{"adcode":431100}}