{"children":[],"adcode":431124,"name":"道县","center":[111.591614,25.518444],"centroid":[111.596062,25.493276],"childrenNum":0,"level":"district","acroutes":[100000,430000,431100],"parent":{"adcode":431100}}