{"children":[],"adcode":431122,"name":"东安县","center":[111.313035,26.397278],"centroid":[111.336206,26.489712],"childrenNum":0,"level":"district","acroutes":[100000,430000,431100],"parent":{"adcode":431100}}