{"children":[],"adcode":431128,"name":"新田县","center":[112.220341,25.906927],"centroid":[112.227845,25.883762],"childrenNum":0,"level":"district","acroutes":[100000,430000,431100],"parent":{"adcode":431100}}