{"children":[],"adcode":431103,"name":"冷水滩区","center":[111.607156,26.434364],"centroid":[111.632415,26.529754],"childrenNum":0,"level":"district","acroutes":[100000,430000,431100],"parent":{"adcode":431100}}