{"children":[],"adcode":431125,"name":"江永县","center":[111.346803,25.268154],"centroid":[111.24556,25.193638],"childrenNum":0,"level":"district","acroutes":[100000,430000,431100],"parent":{"adcode":431100}}