{"children":[],"adcode":431121,"name":"祁阳市","center":[111.85734,26.585929],"centroid":[111.966903,26.452004],"childrenNum":0,"level":"district","acroutes":[100000,430000,431100],"parent":{"adcode":431100}}