{"children":[],"adcode":431129,"name":"江华瑶族自治县","center":[111.577276,25.182596],"centroid":[111.744092,24.971202],"childrenNum":0,"level":"district","acroutes":[100000,430000,431100],"parent":{"adcode":431100}}