{"children":[],"adcode":431102,"name":"零陵区","center":[111.626348,26.223347],"centroid":[111.554641,26.129991],"childrenNum":0,"level":"district","acroutes":[100000,430000,431100],"parent":{"adcode":431100}}