{"children":[],"adcode":431226,"name":"麻阳苗族自治县","center":[109.802807,27.865991],"centroid":[109.722413,27.784229],"childrenNum":0,"level":"district","acroutes":[100000,430000,431200],"parent":{"adcode":431200}}