{"children":[],"adcode":431225,"name":"会同县","center":[109.720785,26.870789],"centroid":[109.803953,26.908949],"childrenNum":0,"level":"district","acroutes":[100000,430000,431200],"parent":{"adcode":431200}}