{"children":[],"adcode":431227,"name":"新晃侗族自治县","center":[109.174443,27.359897],"centroid":[109.161744,27.22862],"childrenNum":0,"level":"district","acroutes":[100000,430000,431200],"parent":{"adcode":431200}}