{"children":[],"adcode":431202,"name":"鹤城区","center":[109.982242,27.548474],"centroid":[109.947186,27.611957],"childrenNum":0,"level":"district","acroutes":[100000,430000,431200],"parent":{"adcode":431200}}