{"children":[],"adcode":431224,"name":"溆浦县","center":[110.593373,27.903802],"centroid":[110.650583,27.831449],"childrenNum":0,"level":"district","acroutes":[100000,430000,431200],"parent":{"adcode":431200}}