{"children":[],"adcode":431223,"name":"辰溪县","center":[110.196953,28.005474],"centroid":[110.265855,27.890091],"childrenNum":0,"level":"district","acroutes":[100000,430000,431200],"parent":{"adcode":431200}}