{"children":[],"adcode":431230,"name":"通道侗族自治县","center":[109.783359,26.158349],"centroid":[109.736712,26.208635],"childrenNum":0,"level":"district","acroutes":[100000,430000,431200],"parent":{"adcode":431200}}