{"children":[],"adcode":431222,"name":"沅陵县","center":[110.399161,28.455554],"centroid":[110.595225,28.570921],"childrenNum":0,"level":"district","acroutes":[100000,430000,431200],"parent":{"adcode":431200}}