{"children":[],"adcode":431228,"name":"芷江侗族自治县","center":[109.687777,27.437996],"centroid":[109.603294,27.395167],"childrenNum":0,"level":"district","acroutes":[100000,430000,431200],"parent":{"adcode":431200}}