{"children":[],"adcode":431229,"name":"靖州苗族侗族自治县","center":[109.691159,26.573511],"centroid":[109.584585,26.542872],"childrenNum":0,"level":"district","acroutes":[100000,430000,431200],"parent":{"adcode":431200}}