{"children":[],"adcode":431281,"name":"洪江市","center":[109.831765,27.201876],"centroid":[110.07934,27.232457],"childrenNum":0,"level":"district","acroutes":[100000,430000,431200],"parent":{"adcode":431200}}