{"children":[],"adcode":431221,"name":"中方县","center":[109.948061,27.43736],"centroid":[110.160324,27.508841],"childrenNum":0,"level":"district","acroutes":[100000,430000,431200],"parent":{"adcode":431200}}