{"children":[],"adcode":431321,"name":"双峰县","center":[112.198245,27.459126],"centroid":[112.184985,27.448684],"childrenNum":0,"level":"district","acroutes":[100000,430000,431300],"parent":{"adcode":431300}}