{"children":[],"adcode":431381,"name":"冷水江市","center":[111.434674,27.685759],"centroid":[111.48582,27.681492],"childrenNum":0,"level":"district","acroutes":[100000,430000,431300],"parent":{"adcode":431300}}