{"children":[],"adcode":431322,"name":"新化县","center":[111.306747,27.737456],"centroid":[111.238328,27.867886],"childrenNum":0,"level":"district","acroutes":[100000,430000,431300],"parent":{"adcode":431300}}