{"children":[],"adcode":431302,"name":"娄星区","center":[112.008486,27.726643],"centroid":[112.008845,27.71829],"childrenNum":0,"level":"district","acroutes":[100000,430000,431300],"parent":{"adcode":431300}}