{"children":[],"adcode":431382,"name":"涟源市","center":[111.670847,27.692301],"centroid":[111.782213,27.742378],"childrenNum":0,"level":"district","acroutes":[100000,430000,431300],"parent":{"adcode":431300}}