{"children":[],"adcode":433101,"name":"吉首市","center":[109.738273,28.314827],"centroid":[109.762507,28.309997],"childrenNum":0,"level":"district","acroutes":[100000,430000,433100],"parent":{"adcode":433100}}