{"children":[],"adcode":433125,"name":"保靖县","center":[109.651445,28.709605],"centroid":[109.563869,28.666425],"childrenNum":0,"level":"district","acroutes":[100000,430000,433100],"parent":{"adcode":433100}}