{"children":[],"adcode":433123,"name":"凤凰县","center":[109.599191,27.948308],"centroid":[109.511279,28.006103],"childrenNum":0,"level":"district","acroutes":[100000,430000,433100],"parent":{"adcode":433100}}