{"children":[],"adcode":433124,"name":"花垣县","center":[109.479063,28.581352],"centroid":[109.431936,28.426002],"childrenNum":0,"level":"district","acroutes":[100000,430000,433100],"parent":{"adcode":433100}}