{"children":[],"adcode":433127,"name":"永顺县","center":[109.853292,28.998068],"centroid":[109.970385,29.010212],"childrenNum":0,"level":"district","acroutes":[100000,430000,433100],"parent":{"adcode":433100}}