{"children":[],"adcode":433126,"name":"古丈县","center":[109.949592,28.616973],"centroid":[109.998289,28.59819],"childrenNum":0,"level":"district","acroutes":[100000,430000,433100],"parent":{"adcode":433100}}