{"children":[],"adcode":433130,"name":"龙山县","center":[109.441189,29.453438],"centroid":[109.509485,29.219406],"childrenNum":0,"level":"district","acroutes":[100000,430000,433100],"parent":{"adcode":433100}}