{"children":[],"adcode":433122,"name":"泸溪县","center":[110.214428,28.214516],"centroid":[109.996128,28.158502],"childrenNum":0,"level":"district","acroutes":[100000,430000,433100],"parent":{"adcode":433100}}