{"children":[],"adcode":440105,"name":"海珠区","center":[113.262008,23.103131],"centroid":[113.326676,23.082002],"childrenNum":0,"level":"district","acroutes":[100000,440000,440100],"parent":{"adcode":440100}}