{"children":[],"adcode":440103,"name":"荔湾区","center":[113.243038,23.124943],"centroid":[113.227791,23.088038],"childrenNum":0,"level":"district","acroutes":[100000,440000,440100],"parent":{"adcode":440100}}