{"children":[],"adcode":440117,"name":"从化区","center":[113.587386,23.545283],"centroid":[113.680484,23.677286],"childrenNum":0,"level":"district","acroutes":[100000,440000,440100],"parent":{"adcode":440100}}