{"children":[],"adcode":440113,"name":"番禺区","center":[113.364619,22.938582],"centroid":[113.406928,22.973597],"childrenNum":0,"level":"district","acroutes":[100000,440000,440100],"parent":{"adcode":440100}}