{"children":[],"adcode":440106,"name":"天河区","center":[113.335367,23.13559],"centroid":[113.376026,23.159958],"childrenNum":0,"level":"district","acroutes":[100000,440000,440100],"parent":{"adcode":440100}}