{"children":[],"adcode":440118,"name":"增城区","center":[113.829579,23.290497],"centroid":[113.764273,23.341055],"childrenNum":0,"level":"district","acroutes":[100000,440000,440100],"parent":{"adcode":440100}}