{"children":[],"adcode":440104,"name":"越秀区","center":[113.280714,23.125624],"centroid":[113.281396,23.13291],"childrenNum":0,"level":"district","acroutes":[100000,440000,440100],"parent":{"adcode":440100}}