{"children":[],"adcode":440111,"name":"白云区","center":[113.262831,23.162281],"centroid":[113.323943,23.289328],"childrenNum":0,"level":"district","acroutes":[100000,440000,440100],"parent":{"adcode":440100}}