{"children":[],"adcode":440112,"name":"黄埔区","center":[113.450761,23.103239],"centroid":[113.50827,23.216905],"childrenNum":0,"level":"district","acroutes":[100000,440000,440100],"parent":{"adcode":440100}}