{"children":[],"adcode":440115,"name":"南沙区","center":[113.53738,22.794531],"centroid":[113.544315,22.736609],"childrenNum":0,"level":"district","acroutes":[100000,440000,440100],"parent":{"adcode":440100}}