{"children":[],"adcode":440114,"name":"花都区","center":[113.211184,23.39205],"centroid":[113.214795,23.442737],"childrenNum":0,"level":"district","acroutes":[100000,440000,440100],"parent":{"adcode":440100}}