{"children":[],"adcode":440282,"name":"南雄市","center":[114.311231,25.115328],"centroid":[114.381098,25.183895],"childrenNum":0,"level":"district","acroutes":[100000,440000,440200],"parent":{"adcode":440200}}