{"children":[],"adcode":440232,"name":"乳源瑶族自治县","center":[113.278417,24.776109],"centroid":[113.169604,24.805759],"childrenNum":0,"level":"district","acroutes":[100000,440000,440200],"parent":{"adcode":440200}}