{"children":[],"adcode":440205,"name":"曲江区","center":[113.605582,24.680195],"centroid":[113.62843,24.641644],"childrenNum":0,"level":"district","acroutes":[100000,440000,440200],"parent":{"adcode":440200}}