{"children":[],"adcode":440203,"name":"武江区","center":[113.588289,24.80016],"centroid":[113.380392,24.709546],"childrenNum":0,"level":"district","acroutes":[100000,440000,440200],"parent":{"adcode":440200}}