{"children":[],"adcode":440281,"name":"乐昌市","center":[113.352413,25.128445],"centroid":[113.243974,25.243054],"childrenNum":0,"level":"district","acroutes":[100000,440000,440200],"parent":{"adcode":440200}}