{"children":[],"adcode":440222,"name":"始兴县","center":[114.067205,24.948364],"centroid":[114.108785,24.848167],"childrenNum":0,"level":"district","acroutes":[100000,440000,440200],"parent":{"adcode":440200}}