{"children":[],"adcode":440224,"name":"仁化县","center":[113.748627,25.088226],"centroid":[113.781205,25.140613],"childrenNum":0,"level":"district","acroutes":[100000,440000,440200],"parent":{"adcode":440200}}