{"children":[],"adcode":440204,"name":"浈江区","center":[113.599224,24.803977],"centroid":[113.577725,24.908049],"childrenNum":0,"level":"district","acroutes":[100000,440000,440200],"parent":{"adcode":440200}}