{"children":[],"adcode":440233,"name":"新丰县","center":[114.207034,24.055412],"centroid":[114.137736,24.065168],"childrenNum":0,"level":"district","acroutes":[100000,440000,440200],"parent":{"adcode":440200}}