{"children":[],"adcode":440229,"name":"翁源县","center":[114.131289,24.353887],"centroid":[114.022957,24.41953],"childrenNum":0,"level":"district","acroutes":[100000,440000,440200],"parent":{"adcode":440200}}