{"children":[],"adcode":440311,"name":"光明区","center":[113.935895,22.748816],"centroid":[113.931239,22.763198],"childrenNum":0,"level":"district","acroutes":[100000,440000,440300],"parent":{"adcode":440300}}