{"children":[],"adcode":440305,"name":"南山区","center":[113.92943,22.531221],"centroid":[113.94053,22.545584],"childrenNum":0,"level":"district","acroutes":[100000,440000,440300],"parent":{"adcode":440300}}