{"children":[],"adcode":440308,"name":"盐田区","center":[114.235366,22.555069],"centroid":[114.275663,22.594708],"childrenNum":0,"level":"district","acroutes":[100000,440000,440300],"parent":{"adcode":440300}}