{"children":[],"adcode":440310,"name":"坪山区","center":[114.338441,22.69423],"centroid":[114.362823,22.689495],"childrenNum":0,"level":"district","acroutes":[100000,440000,440300],"parent":{"adcode":440300}}