{"children":[],"adcode":440307,"name":"龙岗区","center":[114.251372,22.721511],"centroid":[114.211562,22.692969],"childrenNum":0,"level":"district","acroutes":[100000,440000,440300],"parent":{"adcode":440300}}