{"children":[],"adcode":440309,"name":"龙华区","center":[114.044346,22.691963],"centroid":[114.034788,22.684083],"childrenNum":0,"level":"district","acroutes":[100000,440000,440300],"parent":{"adcode":440300}}