{"children":[],"adcode":440306,"name":"宝安区","center":[113.828671,22.754741],"centroid":[113.856348,22.676207],"childrenNum":0,"level":"district","acroutes":[100000,440000,440300],"parent":{"adcode":440300}}