{"children":[],"adcode":440303,"name":"罗湖区","center":[114.123885,22.555341],"centroid":[114.148158,22.57487],"childrenNum":0,"level":"district","acroutes":[100000,440000,440300],"parent":{"adcode":440300}}