{"children":[],"adcode":440304,"name":"福田区","center":[114.05096,22.541009],"centroid":[114.046594,22.543431],"childrenNum":0,"level":"district","acroutes":[100000,440000,440300],"parent":{"adcode":440300}}