{"children":[{"adcode":440402,"name":"香洲区","center":[113.55027,22.271249],"centroid":[113.534744,22.257259],"childrenNum":0,"level":"district","parent":{"adcode":440400},"subFeatureIndex":0,"acroutes":[100000,440000,440400]},{"adcode":440403,"name":"斗门区","center":[113.297739,22.209117],"centroid":[113.249747,22.226762],"childrenNum":0,"level":"district","parent":{"adcode":440400},"subFeatureIndex":1,"acroutes":[100000,440000,440400]},{"adcode":440404,"name":"金湾区","center":[113.345071,22.139122],"centroid":[113.284574,22.035141],"childrenNum":0,"level":"district","parent":{"adcode":440400},"subFeatureIndex":2,"acroutes":[100000,440000,440400]}],"adcode":440400,"name":"珠海市","center":[113.553986,22.224979],"centroid":[113.337286,22.160135],"childrenNum":3,"level":"city","acroutes":[100000,440000],"parent":{"adcode":440000}}