{"children":[],"adcode":440404,"name":"金湾区","center":[113.345071,22.139122],"centroid":[113.284574,22.035141],"childrenNum":0,"level":"district","acroutes":[100000,440000,440400],"parent":{"adcode":440400}}