{"children":[],"adcode":440402,"name":"香洲区","center":[113.55027,22.271249],"centroid":[113.534744,22.257259],"childrenNum":0,"level":"district","acroutes":[100000,440000,440400],"parent":{"adcode":440400}}