{"children":[],"adcode":440403,"name":"斗门区","center":[113.297739,22.209117],"centroid":[113.249747,22.226762],"childrenNum":0,"level":"district","acroutes":[100000,440000,440400],"parent":{"adcode":440400}}