{"children":[],"adcode":440511,"name":"金平区","center":[116.703583,23.367071],"centroid":[116.641371,23.384107],"childrenNum":0,"level":"district","acroutes":[100000,440000,440500],"parent":{"adcode":440500}}