{"children":[],"adcode":440515,"name":"澄海区","center":[116.76336,23.46844],"centroid":[116.815588,23.520923],"childrenNum":0,"level":"district","acroutes":[100000,440000,440500],"parent":{"adcode":440500}}