{"children":[],"adcode":440512,"name":"濠江区","center":[116.729528,23.279345],"centroid":[116.716203,23.272487],"childrenNum":0,"level":"district","acroutes":[100000,440000,440500],"parent":{"adcode":440500}}