{"children":[],"adcode":440513,"name":"潮阳区","center":[116.602602,23.262336],"centroid":[116.489884,23.332251],"childrenNum":0,"level":"district","acroutes":[100000,440000,440500],"parent":{"adcode":440500}}