{"children":[],"adcode":440507,"name":"龙湖区","center":[116.732015,23.373754],"centroid":[116.760567,23.390621],"childrenNum":0,"level":"district","acroutes":[100000,440000,440500],"parent":{"adcode":440500}}