{"children":[],"adcode":440523,"name":"南澳县","center":[117.027105,23.419562],"centroid":[117.061254,23.434709],"childrenNum":0,"level":"district","acroutes":[100000,440000,440500],"parent":{"adcode":440500}}