{"children":[],"adcode":440514,"name":"潮南区","center":[116.423607,23.249798],"centroid":[116.411323,23.173585],"childrenNum":0,"level":"district","acroutes":[100000,440000,440500],"parent":{"adcode":440500}}