{"children":[],"adcode":440606,"name":"顺德区","center":[113.281826,22.75851],"centroid":[113.183864,22.841371],"childrenNum":0,"level":"district","acroutes":[100000,440000,440600],"parent":{"adcode":440600}}