{"children":[],"adcode":440605,"name":"南海区","center":[113.145577,23.031562],"centroid":[113.035556,23.069376],"childrenNum":0,"level":"district","acroutes":[100000,440000,440600],"parent":{"adcode":440600}}