{"children":[],"adcode":440604,"name":"禅城区","center":[113.112414,23.019643],"centroid":[113.063669,22.997929],"childrenNum":0,"level":"district","acroutes":[100000,440000,440600],"parent":{"adcode":440600}}