{"children":[],"adcode":440607,"name":"三水区","center":[112.899414,23.16504],"centroid":[112.89853,23.288235],"childrenNum":0,"level":"district","acroutes":[100000,440000,440600],"parent":{"adcode":440600}}