{"children":[],"adcode":440608,"name":"高明区","center":[112.882123,22.893855],"centroid":[112.676586,22.817883],"childrenNum":0,"level":"district","acroutes":[100000,440000,440600],"parent":{"adcode":440600}}