{"children":[],"adcode":440705,"name":"新会区","center":[113.038584,22.520247],"centroid":[113.029216,22.381226],"childrenNum":0,"level":"district","acroutes":[100000,440000,440700],"parent":{"adcode":440700}}