{"children":[],"adcode":440704,"name":"江海区","center":[113.120601,22.572211],"centroid":[113.128162,22.548508],"childrenNum":0,"level":"district","acroutes":[100000,440000,440700],"parent":{"adcode":440700}}