{"children":[],"adcode":440785,"name":"恩平市","center":[112.314051,22.182956],"centroid":[112.28147,22.232816],"childrenNum":0,"level":"district","acroutes":[100000,440000,440700],"parent":{"adcode":440700}}