{"children":[],"adcode":440781,"name":"台山市","center":[112.793414,22.250713],"centroid":[112.710629,22.042758],"childrenNum":0,"level":"district","acroutes":[100000,440000,440700],"parent":{"adcode":440700}}