{"children":[],"adcode":440783,"name":"开平市","center":[112.692262,22.366286],"centroid":[112.539888,22.371143],"childrenNum":0,"level":"district","acroutes":[100000,440000,440700],"parent":{"adcode":440700}}