{"children":[],"adcode":440784,"name":"鹤山市","center":[112.961795,22.768104],"centroid":[112.796341,22.668707],"childrenNum":0,"level":"district","acroutes":[100000,440000,440700],"parent":{"adcode":440700}}