{"children":[],"adcode":440703,"name":"蓬江区","center":[113.07859,22.59677],"centroid":[113.053911,22.65375],"childrenNum":0,"level":"district","acroutes":[100000,440000,440700],"parent":{"adcode":440700}}