{"children":[],"adcode":440881,"name":"廉江市","center":[110.284961,21.611281],"centroid":[110.129626,21.635443],"childrenNum":0,"level":"district","acroutes":[100000,440000,440800],"parent":{"adcode":440800}}