{"children":[],"adcode":440802,"name":"赤坎区","center":[110.361634,21.273365],"centroid":[110.377841,21.277817],"childrenNum":0,"level":"district","acroutes":[100000,440000,440800],"parent":{"adcode":440800}}