{"children":[],"adcode":440882,"name":"雷州市","center":[110.088275,20.908523],"centroid":[110.001063,20.782966],"childrenNum":0,"level":"district","acroutes":[100000,440000,440800],"parent":{"adcode":440800}}