{"children":[],"adcode":440825,"name":"徐闻县","center":[110.175718,20.326083],"centroid":[110.244771,20.419152],"childrenNum":0,"level":"district","acroutes":[100000,440000,440800],"parent":{"adcode":440800}}