{"children":[],"adcode":440803,"name":"霞山区","center":[110.406382,21.194229],"centroid":[110.379784,21.190585],"childrenNum":0,"level":"district","acroutes":[100000,440000,440800],"parent":{"adcode":440800}}