{"children":[],"adcode":440883,"name":"吴川市","center":[110.780508,21.428453],"centroid":[110.712625,21.427581],"childrenNum":0,"level":"district","acroutes":[100000,440000,440800],"parent":{"adcode":440800}}