{"children":[],"adcode":440811,"name":"麻章区","center":[110.329167,21.265997],"centroid":[110.247574,21.151377],"childrenNum":0,"level":"district","acroutes":[100000,440000,440800],"parent":{"adcode":440800}}