{"children":[],"adcode":440823,"name":"遂溪县","center":[110.255321,21.376915],"centroid":[110.018726,21.25974],"childrenNum":0,"level":"district","acroutes":[100000,440000,440800],"parent":{"adcode":440800}}