{"children":[],"adcode":440804,"name":"坡头区","center":[110.455632,21.24441],"centroid":[110.499617,21.309396],"childrenNum":0,"level":"district","acroutes":[100000,440000,440800],"parent":{"adcode":440800}}