{"children":[],"adcode":440982,"name":"化州市","center":[110.63839,21.654953],"centroid":[110.535317,21.838963],"childrenNum":0,"level":"district","acroutes":[100000,440000,440900],"parent":{"adcode":440900}}