{"children":[],"adcode":440904,"name":"电白区","center":[111.007264,21.507219],"centroid":[111.195618,21.649142],"childrenNum":0,"level":"district","acroutes":[100000,440000,440900],"parent":{"adcode":440900}}