{"children":[],"adcode":440981,"name":"高州市","center":[110.853251,21.915153],"centroid":[110.969672,22.02936],"childrenNum":0,"level":"district","acroutes":[100000,440000,440900],"parent":{"adcode":440900}}