{"children":[],"adcode":440902,"name":"茂南区","center":[110.920542,21.660425],"centroid":[110.883666,21.675834],"childrenNum":0,"level":"district","acroutes":[100000,440000,440900],"parent":{"adcode":440900}}