{"children":[],"adcode":440983,"name":"信宜市","center":[110.941656,22.352681],"centroid":[111.118492,22.425694],"childrenNum":0,"level":"district","acroutes":[100000,440000,440900],"parent":{"adcode":440900}}