{"children":[],"adcode":441202,"name":"端州区","center":[112.472329,23.052662],"centroid":[112.470621,23.096495],"childrenNum":0,"level":"district","acroutes":[100000,440000,441200],"parent":{"adcode":441200}}