{"children":[],"adcode":441203,"name":"鼎湖区","center":[112.565249,23.155822],"centroid":[112.615469,23.202773],"childrenNum":0,"level":"district","acroutes":[100000,440000,441200],"parent":{"adcode":441200}}