{"children":[],"adcode":441225,"name":"封开县","center":[111.502973,23.434731],"centroid":[111.717063,23.555962],"childrenNum":0,"level":"district","acroutes":[100000,440000,441200],"parent":{"adcode":441200}}