{"children":[],"adcode":441204,"name":"高要区","center":[112.460846,23.027694],"childrenNum":0,"level":"district","acroutes":[100000,440000,441200],"parent":{"adcode":441200}}