{"children":[],"adcode":441226,"name":"德庆县","center":[111.78156,23.141711],"centroid":[111.979778,23.270087],"childrenNum":0,"level":"district","acroutes":[100000,440000,441200],"parent":{"adcode":441200}}