{"children":[],"adcode":441223,"name":"广宁县","center":[112.440419,23.631486],"centroid":[112.436824,23.671637],"childrenNum":0,"level":"district","acroutes":[100000,440000,441200],"parent":{"adcode":441200}}