{"children":[],"adcode":441224,"name":"怀集县","center":[112.182466,23.913072],"centroid":[112.172042,23.96359],"childrenNum":0,"level":"district","acroutes":[100000,440000,441200],"parent":{"adcode":441200}}