{"children":[],"adcode":441284,"name":"四会市","center":[112.695028,23.340324],"centroid":[112.681175,23.424341],"childrenNum":0,"level":"district","acroutes":[100000,440000,441200],"parent":{"adcode":441200}}