{"children":[],"adcode":441322,"name":"博罗县","center":[114.284254,23.167575],"centroid":[114.281868,23.347302],"childrenNum":0,"level":"district","acroutes":[100000,440000,441300],"parent":{"adcode":441300}}