{"children":[],"adcode":441302,"name":"惠城区","center":[114.413978,23.079883],"centroid":[114.480013,23.157902],"childrenNum":0,"level":"district","acroutes":[100000,440000,441300],"parent":{"adcode":441300}}