{"children":[],"adcode":441303,"name":"惠阳区","center":[114.469444,22.78851],"centroid":[114.47078,22.865794],"childrenNum":0,"level":"district","acroutes":[100000,440000,441300],"parent":{"adcode":441300}}