{"children":[],"adcode":441324,"name":"龙门县","center":[114.259986,23.723894],"centroid":[114.131828,23.661409],"childrenNum":0,"level":"district","acroutes":[100000,440000,441300],"parent":{"adcode":441300}}