{"children":[],"adcode":441323,"name":"惠东县","center":[114.723092,22.983036],"centroid":[114.944654,23.03069],"childrenNum":0,"level":"district","acroutes":[100000,440000,441300],"parent":{"adcode":441300}}