{"children":[],"adcode":441402,"name":"梅江区","center":[116.12116,24.302593],"centroid":[116.172309,24.261846],"childrenNum":0,"level":"district","acroutes":[100000,440000,441400],"parent":{"adcode":441400}}