{"children":[],"adcode":441481,"name":"兴宁市","center":[115.731648,24.138077],"centroid":[115.747521,24.260532],"childrenNum":0,"level":"district","acroutes":[100000,440000,441400],"parent":{"adcode":441400}}