{"children":[],"adcode":441422,"name":"大埔县","center":[116.69552,24.351587],"centroid":[116.656688,24.341794],"childrenNum":0,"level":"district","acroutes":[100000,440000,441400],"parent":{"adcode":441400}}