{"children":[],"adcode":441426,"name":"平远县","center":[115.891729,24.569651],"centroid":[115.926211,24.689124],"childrenNum":0,"level":"district","acroutes":[100000,440000,441400],"parent":{"adcode":441400}}