{"children":[],"adcode":441427,"name":"蕉岭县","center":[116.170531,24.653313],"centroid":[116.189791,24.676569],"childrenNum":0,"level":"district","acroutes":[100000,440000,441400],"parent":{"adcode":441400}}