{"children":[],"adcode":441423,"name":"丰顺县","center":[116.184419,23.752771],"centroid":[116.28764,23.912892],"childrenNum":0,"level":"district","acroutes":[100000,440000,441400],"parent":{"adcode":441400}}