{"children":[],"adcode":441403,"name":"梅县区","center":[116.083482,24.267825],"centroid":[116.187209,24.378891],"childrenNum":0,"level":"district","acroutes":[100000,440000,441400],"parent":{"adcode":441400}}