{"children":[],"adcode":441424,"name":"五华县","center":[115.775004,23.925424],"centroid":[115.63407,23.796345],"childrenNum":0,"level":"district","acroutes":[100000,440000,441400],"parent":{"adcode":441400}}