{"children":[],"adcode":441581,"name":"陆丰市","center":[115.644203,22.946104],"centroid":[115.784775,22.95671],"childrenNum":0,"level":"district","acroutes":[100000,440000,441500],"parent":{"adcode":441500}}