{"children":[{"adcode":441502,"name":"城区","center":[115.363667,22.776227],"centroid":[115.426007,22.76914],"childrenNum":0,"level":"district","parent":{"adcode":441500},"subFeatureIndex":0,"acroutes":[100000,440000,441500]},{"adcode":441521,"name":"海丰县","center":[115.337324,22.971042],"centroid":[115.278327,22.96101],"childrenNum":0,"level":"district","parent":{"adcode":441500},"subFeatureIndex":1,"acroutes":[100000,440000,441500]},{"adcode":441523,"name":"陆河县","center":[115.657565,23.302682],"centroid":[115.622646,23.277554],"childrenNum":0,"level":"district","parent":{"adcode":441500},"subFeatureIndex":2,"acroutes":[100000,440000,441500]},{"adcode":441581,"name":"陆丰市","center":[115.644203,22.946104],"centroid":[115.784775,22.95671],"childrenNum":0,"level":"district","parent":{"adcode":441500},"subFeatureIndex":3,"acroutes":[100000,440000,441500]}],"adcode":441500,"name":"汕尾市","center":[115.364238,22.774485],"centroid":[115.53778,23.004558],"childrenNum":4,"level":"city","acroutes":[100000,440000],"parent":{"adcode":440000}}