{"children":[],"adcode":441523,"name":"陆河县","center":[115.657565,23.302682],"centroid":[115.622646,23.277554],"childrenNum":0,"level":"district","acroutes":[100000,440000,441500],"parent":{"adcode":441500}}