{"children":[],"adcode":441521,"name":"海丰县","center":[115.337324,22.971042],"centroid":[115.278327,22.96101],"childrenNum":0,"level":"district","acroutes":[100000,440000,441500],"parent":{"adcode":441500}}