{"children":[],"adcode":441502,"name":"城区","center":[115.363667,22.776227],"centroid":[115.426007,22.76914],"childrenNum":0,"level":"district","acroutes":[100000,440000,441500],"parent":{"adcode":441500}}