{"children":[],"adcode":441623,"name":"连平县","center":[114.495952,24.364227],"centroid":[114.537534,24.334178],"childrenNum":0,"level":"district","acroutes":[100000,440000,441600],"parent":{"adcode":441600}}