{"children":[],"adcode":441622,"name":"龙川县","center":[115.256415,24.101174],"centroid":[115.356348,24.329244],"childrenNum":0,"level":"district","acroutes":[100000,440000,441600],"parent":{"adcode":441600}}