{"children":[],"adcode":441625,"name":"东源县","center":[114.742711,23.789093],"centroid":[114.819697,23.927661],"childrenNum":0,"level":"district","acroutes":[100000,440000,441600],"parent":{"adcode":441600}}