{"children":[],"adcode":441602,"name":"源城区","center":[114.696828,23.746255],"centroid":[114.644801,23.685135],"childrenNum":0,"level":"district","acroutes":[100000,440000,441600],"parent":{"adcode":441600}}