{"children":[],"adcode":441621,"name":"紫金县","center":[115.184383,23.633744],"centroid":[115.056895,23.519182],"childrenNum":0,"level":"district","acroutes":[100000,440000,441600],"parent":{"adcode":441600}}