{"children":[],"adcode":441624,"name":"和平县","center":[114.941473,24.44318],"centroid":[115.005407,24.446599],"childrenNum":0,"level":"district","acroutes":[100000,440000,441600],"parent":{"adcode":441600}}