{"children":[],"adcode":441781,"name":"阳春市","center":[111.7905,22.169598],"centroid":[111.688403,22.217822],"childrenNum":0,"level":"district","acroutes":[100000,440000,441700],"parent":{"adcode":441700}}