{"children":[],"adcode":441702,"name":"江城区","center":[111.968909,21.859182],"centroid":[111.891007,21.777141],"childrenNum":0,"level":"district","acroutes":[100000,440000,441700],"parent":{"adcode":441700}}