{"children":[],"adcode":441721,"name":"阳西县","center":[111.617556,21.75367],"centroid":[111.602357,21.712491],"childrenNum":0,"level":"district","acroutes":[100000,440000,441700],"parent":{"adcode":441700}}