{"children":[{"adcode":441702,"name":"江城区","center":[111.968909,21.859182],"centroid":[111.891007,21.777141],"childrenNum":0,"level":"district","parent":{"adcode":441700},"subFeatureIndex":0,"acroutes":[100000,440000,441700]},{"adcode":441704,"name":"阳东区","center":[112.011267,21.864728],"centroid":[112.090991,21.962343],"childrenNum":0,"level":"district","parent":{"adcode":441700},"subFeatureIndex":1,"acroutes":[100000,440000,441700]},{"adcode":441721,"name":"阳西县","center":[111.617556,21.75367],"centroid":[111.602357,21.712491],"childrenNum":0,"level":"district","parent":{"adcode":441700},"subFeatureIndex":2,"acroutes":[100000,440000,441700]},{"adcode":441781,"name":"阳春市","center":[111.7905,22.169598],"centroid":[111.688403,22.217822],"childrenNum":0,"level":"district","parent":{"adcode":441700},"subFeatureIndex":3,"acroutes":[100000,440000,441700]}],"adcode":441700,"name":"阳江市","center":[111.975107,21.859222],"centroid":[111.779569,22.02617],"childrenNum":4,"level":"city","acroutes":[100000,440000],"parent":{"adcode":440000}}