{"children":[],"adcode":441704,"name":"阳东区","center":[112.011267,21.864728],"centroid":[112.090991,21.962343],"childrenNum":0,"level":"district","acroutes":[100000,440000,441700],"parent":{"adcode":441700}}