{"children":[],"adcode":441803,"name":"清新区","center":[113.015203,23.736949],"centroid":[112.828988,23.907746],"childrenNum":0,"level":"district","acroutes":[100000,440000,441800],"parent":{"adcode":441800}}