{"children":[],"adcode":441821,"name":"佛冈县","center":[113.534094,23.866739],"centroid":[113.5596,23.877106],"childrenNum":0,"level":"district","acroutes":[100000,440000,441800],"parent":{"adcode":441800}}