{"children":[],"adcode":441826,"name":"连南瑶族自治县","center":[112.290808,24.719097],"centroid":[112.261692,24.558638],"childrenNum":0,"level":"district","acroutes":[100000,440000,441800],"parent":{"adcode":441800}}