{"children":[],"adcode":441882,"name":"连州市","center":[112.379271,24.783966],"centroid":[112.45336,24.931735],"childrenNum":0,"level":"district","acroutes":[100000,440000,441800],"parent":{"adcode":441800}}