{"children":[],"adcode":441881,"name":"英德市","center":[113.405404,24.18612],"centroid":[113.318007,24.220066],"childrenNum":0,"level":"district","acroutes":[100000,440000,441800],"parent":{"adcode":441800}}