{"children":[],"adcode":441825,"name":"连山壮族瑶族自治县","center":[112.086555,24.567271],"childrenNum":0,"level":"district","acroutes":[100000,440000,441800],"parent":{"adcode":441800}}