{"children":[],"adcode":441802,"name":"清城区","center":[113.048698,23.688976],"centroid":[113.13697,23.671762],"childrenNum":0,"level":"district","acroutes":[100000,440000,441800],"parent":{"adcode":441800}}