{"children":[],"adcode":441823,"name":"阳山县","center":[112.634019,24.470286],"centroid":[112.675689,24.503911],"childrenNum":0,"level":"district","acroutes":[100000,440000,441800],"parent":{"adcode":441800}}