{"children":[],"adcode":441900,"name":"东莞市","center":[113.746262,23.046237],"centroid":[113.879966,22.931879],"childrenNum":0,"level":"city","acroutes":[100000,440000],"parent":{"adcode":440000}}