{"children":[],"adcode":442000,"name":"中山市","center":[113.382391,22.521113],"centroid":[113.398784,22.517323],"childrenNum":0,"level":"city","acroutes":[100000,440000],"parent":{"adcode":440000}}