{"children":[],"adcode":445103,"name":"潮安区","center":[116.67931,23.461012],"childrenNum":0,"level":"district","acroutes":[100000,440000,445100],"parent":{"adcode":445100}}