{"children":[],"adcode":445102,"name":"湘桥区","center":[116.63365,23.664675],"centroid":[116.711526,23.670302],"childrenNum":0,"level":"district","acroutes":[100000,440000,445100],"parent":{"adcode":445100}}