{"children":[],"adcode":445122,"name":"饶平县","center":[117.00205,23.668171],"centroid":[116.911862,23.83412],"childrenNum":0,"level":"district","acroutes":[100000,440000,445100],"parent":{"adcode":445100}}