{"children":[{"adcode":445102,"name":"湘桥区","center":[116.63365,23.664675],"centroid":[116.711526,23.670302],"childrenNum":0,"level":"district","parent":{"adcode":445100},"subFeatureIndex":0,"acroutes":[100000,440000,445100]},{"adcode":445103,"name":"潮安区","center":[116.67931,23.461012],"childrenNum":0,"level":"district","parent":{"adcode":445100},"subFeatureIndex":1,"acroutes":[100000,440000,445100]},{"adcode":445122,"name":"饶平县","center":[117.00205,23.668171],"centroid":[116.911862,23.83412],"childrenNum":0,"level":"district","parent":{"adcode":445100},"subFeatureIndex":2,"acroutes":[100000,440000,445100]}],"adcode":445100,"name":"潮州市","center":[116.632301,23.661701],"centroid":[116.790217,23.783155],"childrenNum":3,"level":"city","acroutes":[100000,440000],"parent":{"adcode":440000}}