{"children":[],"adcode":445203,"name":"揭东区","center":[116.412947,23.569887],"centroid":[116.311372,23.626157],"childrenNum":0,"level":"district","acroutes":[100000,440000,445200],"parent":{"adcode":445200}}