{"children":[],"adcode":445202,"name":"榕城区","center":[116.357045,23.535524],"centroid":[116.450276,23.503895],"childrenNum":0,"level":"district","acroutes":[100000,440000,445200],"parent":{"adcode":445200}}