{"children":[],"adcode":445281,"name":"普宁市","center":[116.165082,23.29788],"centroid":[116.070954,23.283317],"childrenNum":0,"level":"district","acroutes":[100000,440000,445200],"parent":{"adcode":445200}}