{"children":[],"adcode":445224,"name":"惠来县","center":[116.295832,23.029834],"centroid":[116.225917,23.026008],"childrenNum":0,"level":"district","acroutes":[100000,440000,445200],"parent":{"adcode":445200}}