{"children":[],"adcode":445222,"name":"揭西县","center":[115.838708,23.4273],"centroid":[115.911383,23.491506],"childrenNum":0,"level":"district","acroutes":[100000,440000,445200],"parent":{"adcode":445200}}