{"children":[],"adcode":445303,"name":"云安区","center":[112.005609,23.073152],"childrenNum":0,"level":"district","acroutes":[100000,440000,445300],"parent":{"adcode":445300}}