{"children":[],"adcode":445302,"name":"云城区","center":[112.04471,22.930827],"centroid":[112.123625,22.879766],"childrenNum":0,"level":"district","acroutes":[100000,440000,445300],"parent":{"adcode":445300}}