{"children":[],"adcode":445322,"name":"郁南县","center":[111.535921,23.237709],"centroid":[111.612774,23.038165],"childrenNum":0,"level":"district","acroutes":[100000,440000,445300],"parent":{"adcode":445300}}