{"children":[],"adcode":445381,"name":"罗定市","center":[111.578201,22.765415],"centroid":[111.486455,22.684982],"childrenNum":0,"level":"district","acroutes":[100000,440000,445300],"parent":{"adcode":445300}}