{"children":[],"adcode":445321,"name":"新兴县","center":[112.23083,22.703204],"centroid":[112.210419,22.620308],"childrenNum":0,"level":"district","acroutes":[100000,440000,445300],"parent":{"adcode":445300}}