{"children":[],"adcode":450105,"name":"江南区","center":[108.310478,22.799593],"centroid":[108.158574,22.624598],"childrenNum":0,"level":"district","acroutes":[100000,450000,450100],"parent":{"adcode":450100}}