{"children":[],"adcode":450126,"name":"宾阳县","center":[108.816735,23.216884],"centroid":[108.93341,23.161668],"childrenNum":0,"level":"district","acroutes":[100000,450000,450100],"parent":{"adcode":450100}}