{"children":[],"adcode":450103,"name":"青秀区","center":[108.346113,22.816614],"centroid":[108.654797,22.818931],"childrenNum":0,"level":"district","acroutes":[100000,450000,450100],"parent":{"adcode":450100}}