{"children":[],"adcode":450108,"name":"良庆区","center":[108.322102,22.75909],"centroid":[108.354483,22.44163],"childrenNum":0,"level":"district","acroutes":[100000,450000,450100],"parent":{"adcode":450100}}