{"children":[],"adcode":450127,"name":"横州市","center":[109.270987,22.68743],"centroid":[109.162329,22.769245],"childrenNum":0,"level":"district","acroutes":[100000,450000,450100],"parent":{"adcode":450100}}