{"children":[],"adcode":450125,"name":"上林县","center":[108.603937,23.431769],"centroid":[108.639391,23.515457],"childrenNum":0,"level":"district","acroutes":[100000,450000,450100],"parent":{"adcode":450100}}