{"children":[],"adcode":450107,"name":"西乡塘区","center":[108.306903,22.832779],"centroid":[108.084422,22.914586],"childrenNum":0,"level":"district","acroutes":[100000,450000,450100],"parent":{"adcode":450100}}