{"children":[],"adcode":450124,"name":"马山县","center":[108.172903,23.711758],"centroid":[108.163385,23.658632],"childrenNum":0,"level":"district","acroutes":[100000,450000,450100],"parent":{"adcode":450100}}