{"children":[],"adcode":450110,"name":"武鸣区","center":[108.280717,23.157163],"centroid":[108.25295,23.250494],"childrenNum":0,"level":"district","acroutes":[100000,450000,450100],"parent":{"adcode":450100}}