{"children":[],"adcode":450102,"name":"兴宁区","center":[108.320189,22.819511],"centroid":[108.545194,22.958805],"childrenNum":0,"level":"district","acroutes":[100000,450000,450100],"parent":{"adcode":450100}}