{"children":[],"adcode":450109,"name":"邕宁区","center":[108.484251,22.756598],"centroid":[108.601017,22.595836],"childrenNum":0,"level":"district","acroutes":[100000,450000,450100],"parent":{"adcode":450100}}