{"children":[],"adcode":450123,"name":"隆安县","center":[107.688661,23.174763],"centroid":[107.686626,23.102838],"childrenNum":0,"level":"district","acroutes":[100000,450000,450100],"parent":{"adcode":450100}}