{"children":[],"adcode":450202,"name":"城中区","center":[109.411749,24.312324],"centroid":[109.464901,24.363069],"childrenNum":0,"level":"district","acroutes":[100000,450000,450200],"parent":{"adcode":450200}}