{"children":[],"adcode":450204,"name":"柳南区","center":[109.395936,24.287013],"centroid":[109.212895,24.378543],"childrenNum":0,"level":"district","acroutes":[100000,450000,450200],"parent":{"adcode":450200}}