{"children":[],"adcode":450203,"name":"鱼峰区","center":[109.415364,24.303848],"childrenNum":0,"level":"district","acroutes":[100000,450000,450200],"parent":{"adcode":450200}}