{"children":[],"adcode":450222,"name":"柳城县","center":[109.245812,24.655121],"centroid":[109.223149,24.62324],"childrenNum":0,"level":"district","acroutes":[100000,450000,450200],"parent":{"adcode":450200}}