{"children":[],"adcode":450205,"name":"柳北区","center":[109.406577,24.359145],"centroid":[109.382205,24.452101],"childrenNum":0,"level":"district","acroutes":[100000,450000,450200],"parent":{"adcode":450200}}