{"children":[],"adcode":450225,"name":"融水苗族自治县","center":[109.252744,25.068812],"centroid":[109.051457,25.336868],"childrenNum":0,"level":"district","acroutes":[100000,450000,450200],"parent":{"adcode":450200}}