{"children":[],"adcode":450226,"name":"三江侗族自治县","center":[109.614846,25.78553],"centroid":[109.502287,25.74196],"childrenNum":0,"level":"district","acroutes":[100000,450000,450200],"parent":{"adcode":450200}}