{"children":[],"adcode":450206,"name":"柳江区","center":[109.334503,24.257512],"centroid":[109.220345,24.166442],"childrenNum":0,"level":"district","acroutes":[100000,450000,450200],"parent":{"adcode":450200}}