{"children":[],"adcode":450224,"name":"融安县","center":[109.403621,25.214703],"centroid":[109.507718,25.133696],"childrenNum":0,"level":"district","acroutes":[100000,450000,450200],"parent":{"adcode":450200}}