{"children":[],"adcode":450223,"name":"鹿寨县","center":[109.740805,24.483405],"centroid":[109.819208,24.538453],"childrenNum":0,"level":"district","acroutes":[100000,450000,450200],"parent":{"adcode":450200}}