{"children":[],"adcode":450325,"name":"兴安县","center":[110.670783,25.609554],"centroid":[110.591848,25.602028],"childrenNum":0,"level":"district","acroutes":[100000,450000,450300],"parent":{"adcode":450300}}