{"children":[],"adcode":450326,"name":"永福县","center":[109.989208,24.986692],"centroid":[109.91142,24.990887],"childrenNum":0,"level":"district","acroutes":[100000,450000,450300],"parent":{"adcode":450300}}