{"children":[],"adcode":450303,"name":"叠彩区","center":[110.300783,25.301334],"centroid":[110.335459,25.317461],"childrenNum":0,"level":"district","acroutes":[100000,450000,450300],"parent":{"adcode":450300}}