{"children":[],"adcode":450311,"name":"雁山区","center":[110.305667,25.077646],"centroid":[110.360051,25.099033],"childrenNum":0,"level":"district","acroutes":[100000,450000,450300],"parent":{"adcode":450300}}