{"children":[],"adcode":450302,"name":"秀峰区","center":[110.292445,25.278544],"centroid":[110.262245,25.281643],"childrenNum":0,"level":"district","acroutes":[100000,450000,450300],"parent":{"adcode":450300}}