{"children":[],"adcode":450312,"name":"临桂区","center":[110.205487,25.246257],"centroid":[110.064423,25.301419],"childrenNum":0,"level":"district","acroutes":[100000,450000,450300],"parent":{"adcode":450300}}