{"children":[],"adcode":450324,"name":"全州县","center":[111.072989,25.929897],"centroid":[111.019693,25.930033],"childrenNum":0,"level":"district","acroutes":[100000,450000,450300],"parent":{"adcode":450300}}