{"children":[],"adcode":450330,"name":"平乐县","center":[110.642821,24.632216],"centroid":[110.789906,24.553183],"childrenNum":0,"level":"district","acroutes":[100000,450000,450300],"parent":{"adcode":450300}}