{"children":[],"adcode":450329,"name":"资源县","center":[110.642587,26.0342],"centroid":[110.590365,26.061142],"childrenNum":0,"level":"district","acroutes":[100000,450000,450300],"parent":{"adcode":450300}}