{"children":[],"adcode":450381,"name":"荔浦市","center":[110.400149,24.497786],"centroid":[110.361825,24.519097],"childrenNum":0,"level":"district","acroutes":[100000,450000,450300],"parent":{"adcode":450300}}