{"children":[],"adcode":450332,"name":"恭城瑶族自治县","center":[110.82952,24.833612],"centroid":[110.900864,24.943414],"childrenNum":0,"level":"district","acroutes":[100000,450000,450300],"parent":{"adcode":450300}}