{"children":[],"adcode":450323,"name":"灵川县","center":[110.325712,25.408541],"centroid":[110.410686,25.375459],"childrenNum":0,"level":"district","acroutes":[100000,450000,450300],"parent":{"adcode":450300}}