{"children":[],"adcode":450305,"name":"七星区","center":[110.317577,25.254339],"centroid":[110.348904,25.260651],"childrenNum":0,"level":"district","acroutes":[100000,450000,450300],"parent":{"adcode":450300}}