{"children":[],"adcode":450328,"name":"龙胜各族自治县","center":[110.009423,25.796428],"centroid":[110.000556,25.862535],"childrenNum":0,"level":"district","acroutes":[100000,450000,450300],"parent":{"adcode":450300}}