{"children":[],"adcode":450321,"name":"阳朔县","center":[110.494699,24.77534],"centroid":[110.476659,24.850756],"childrenNum":0,"level":"district","acroutes":[100000,450000,450300],"parent":{"adcode":450300}}