{"children":[],"adcode":450304,"name":"象山区","center":[110.284882,25.261986],"centroid":[110.28045,25.198727],"childrenNum":0,"level":"district","acroutes":[100000,450000,450300],"parent":{"adcode":450300}}