{"children":[],"adcode":450327,"name":"灌阳县","center":[111.160248,25.489098],"centroid":[111.068665,25.451484],"childrenNum":0,"level":"district","acroutes":[100000,450000,450300],"parent":{"adcode":450300}}