{"children":[],"adcode":450403,"name":"万秀区","center":[111.315817,23.471318],"centroid":[111.316396,23.568598],"childrenNum":0,"level":"district","acroutes":[100000,450000,450400],"parent":{"adcode":450400}}