{"children":[],"adcode":450405,"name":"长洲区","center":[111.275678,23.4777],"centroid":[111.167456,23.553991],"childrenNum":0,"level":"district","acroutes":[100000,450000,450400],"parent":{"adcode":450400}}