{"children":[],"adcode":450421,"name":"苍梧县","center":[111.544008,23.845097],"centroid":[111.312957,23.758146],"childrenNum":0,"level":"district","acroutes":[100000,450000,450400],"parent":{"adcode":450400}}