{"children":[],"adcode":450481,"name":"岑溪市","center":[110.998114,22.918406],"centroid":[111.02251,22.919808],"childrenNum":0,"level":"district","acroutes":[100000,450000,450400],"parent":{"adcode":450400}}