{"children":[],"adcode":450423,"name":"蒙山县","center":[110.5226,24.199829],"centroid":[110.554297,24.127046],"childrenNum":0,"level":"district","acroutes":[100000,450000,450400],"parent":{"adcode":450400}}