{"children":[],"adcode":450406,"name":"龙圩区","center":[111.246035,23.40996],"centroid":[111.278444,23.225928],"childrenNum":0,"level":"district","acroutes":[100000,450000,450400],"parent":{"adcode":450400}}