{"children":[],"adcode":450422,"name":"藤县","center":[110.931826,23.373963],"centroid":[110.773481,23.505049],"childrenNum":0,"level":"district","acroutes":[100000,450000,450400],"parent":{"adcode":450400}}