{"children":[],"adcode":450502,"name":"海城区","center":[109.107529,21.468443],"centroid":[109.145908,21.501717],"childrenNum":0,"level":"district","acroutes":[100000,450000,450500],"parent":{"adcode":450500}}