{"children":[{"adcode":450502,"name":"海城区","center":[109.107529,21.468443],"centroid":[109.145908,21.501717],"childrenNum":0,"level":"district","parent":{"adcode":450500},"subFeatureIndex":0,"acroutes":[100000,450000,450500]},{"adcode":450503,"name":"银海区","center":[109.118707,21.444909],"centroid":[109.267962,21.521118],"childrenNum":0,"level":"district","parent":{"adcode":450500},"subFeatureIndex":1,"acroutes":[100000,450000,450500]},{"adcode":450512,"name":"铁山港区","center":[109.450573,21.5928],"centroid":[109.475623,21.546273],"childrenNum":0,"level":"district","parent":{"adcode":450500},"subFeatureIndex":2,"acroutes":[100000,450000,450500]},{"adcode":450521,"name":"合浦县","center":[109.200695,21.663554],"centroid":[109.342745,21.723659],"childrenNum":0,"level":"district","parent":{"adcode":450500},"subFeatureIndex":3,"acroutes":[100000,450000,450500]}],"adcode":450500,"name":"北海市","center":[109.119254,21.473343],"centroid":[109.343711,21.665234],"childrenNum":4,"level":"city","acroutes":[100000,450000],"parent":{"adcode":450000}}