{"children":[],"adcode":450521,"name":"合浦县","center":[109.200695,21.663554],"centroid":[109.342745,21.723659],"childrenNum":0,"level":"district","acroutes":[100000,450000,450500],"parent":{"adcode":450500}}