{"children":[],"adcode":450503,"name":"银海区","center":[109.118707,21.444909],"centroid":[109.267962,21.521118],"childrenNum":0,"level":"district","acroutes":[100000,450000,450500],"parent":{"adcode":450500}}