{"children":[],"adcode":450512,"name":"铁山港区","center":[109.450573,21.5928],"centroid":[109.475623,21.546273],"childrenNum":0,"level":"district","acroutes":[100000,450000,450500],"parent":{"adcode":450500}}