{"children":[],"adcode":450603,"name":"防城区","center":[108.358426,21.764758],"centroid":[108.067496,21.761178],"childrenNum":0,"level":"district","acroutes":[100000,450000,450600],"parent":{"adcode":450600}}