{"children":[],"adcode":450621,"name":"上思县","center":[107.982139,22.151423],"centroid":[107.896496,22.046768],"childrenNum":0,"level":"district","acroutes":[100000,450000,450600],"parent":{"adcode":450600}}