{"children":[],"adcode":450681,"name":"东兴市","center":[107.97017,21.541172],"centroid":[108.061602,21.61497],"childrenNum":0,"level":"district","acroutes":[100000,450000,450600],"parent":{"adcode":450600}}