{"children":[{"adcode":450602,"name":"港口区","center":[108.346281,21.614406],"centroid":[108.447897,21.63878],"childrenNum":0,"level":"district","parent":{"adcode":450600},"subFeatureIndex":0,"acroutes":[100000,450000,450600]},{"adcode":450603,"name":"防城区","center":[108.358426,21.764758],"centroid":[108.067496,21.761178],"childrenNum":0,"level":"district","parent":{"adcode":450600},"subFeatureIndex":1,"acroutes":[100000,450000,450600]},{"adcode":450621,"name":"上思县","center":[107.982139,22.151423],"centroid":[107.896496,22.046768],"childrenNum":0,"level":"district","parent":{"adcode":450600},"subFeatureIndex":2,"acroutes":[100000,450000,450600]},{"adcode":450681,"name":"东兴市","center":[107.97017,21.541172],"centroid":[108.061602,21.61497],"childrenNum":0,"level":"district","parent":{"adcode":450600},"subFeatureIndex":3,"acroutes":[100000,450000,450600]}],"adcode":450600,"name":"防城港市","center":[108.345478,21.614631],"centroid":[108.016067,21.869663],"childrenNum":4,"level":"city","acroutes":[100000,450000],"parent":{"adcode":450000}}