{"children":[],"adcode":450602,"name":"港口区","center":[108.346281,21.614406],"centroid":[108.447897,21.63878],"childrenNum":0,"level":"district","acroutes":[100000,450000,450600],"parent":{"adcode":450600}}