{"children":[],"adcode":450702,"name":"钦南区","center":[108.626629,21.966808],"centroid":[108.761074,21.892392],"childrenNum":0,"level":"district","acroutes":[100000,450000,450700],"parent":{"adcode":450700}}