{"children":[{"adcode":450702,"name":"钦南区","center":[108.626629,21.966808],"centroid":[108.761074,21.892392],"childrenNum":0,"level":"district","parent":{"adcode":450700},"subFeatureIndex":0,"acroutes":[100000,450000,450700]},{"adcode":450703,"name":"钦北区","center":[108.44911,22.132761],"centroid":[108.545483,22.170265],"childrenNum":0,"level":"district","parent":{"adcode":450700},"subFeatureIndex":1,"acroutes":[100000,450000,450700]},{"adcode":450721,"name":"灵山县","center":[109.293468,22.418041],"centroid":[109.140685,22.310073],"childrenNum":0,"level":"district","parent":{"adcode":450700},"subFeatureIndex":2,"acroutes":[100000,450000,450700]},{"adcode":450722,"name":"浦北县","center":[109.556341,22.268335],"centroid":[109.535346,22.26465],"childrenNum":0,"level":"district","parent":{"adcode":450700},"subFeatureIndex":3,"acroutes":[100000,450000,450700]}],"adcode":450700,"name":"钦州市","center":[108.624175,21.967127],"centroid":[109.020264,22.171739],"childrenNum":4,"level":"city","acroutes":[100000,450000],"parent":{"adcode":450000}}