{"children":[],"adcode":450721,"name":"灵山县","center":[109.293468,22.418041],"centroid":[109.140685,22.310073],"childrenNum":0,"level":"district","acroutes":[100000,450000,450700],"parent":{"adcode":450700}}