{"children":[],"adcode":450703,"name":"钦北区","center":[108.44911,22.132761],"centroid":[108.545483,22.170265],"childrenNum":0,"level":"district","acroutes":[100000,450000,450700],"parent":{"adcode":450700}}