{"children":[],"adcode":450722,"name":"浦北县","center":[109.556341,22.268335],"centroid":[109.535346,22.26465],"childrenNum":0,"level":"district","acroutes":[100000,450000,450700],"parent":{"adcode":450700}}