{"children":[],"adcode":450802,"name":"港北区","center":[109.59481,23.107677],"centroid":[109.654371,23.214112],"childrenNum":0,"level":"district","acroutes":[100000,450000,450800],"parent":{"adcode":450800}}