{"children":[],"adcode":450804,"name":"覃塘区","center":[109.415697,23.132815],"centroid":[109.407617,23.141698],"childrenNum":0,"level":"district","acroutes":[100000,450000,450800],"parent":{"adcode":450800}}