{"children":[],"adcode":450803,"name":"港南区","center":[109.604665,23.067516],"centroid":[109.695335,22.904304],"childrenNum":0,"level":"district","acroutes":[100000,450000,450800],"parent":{"adcode":450800}}