{"children":[],"adcode":450821,"name":"平南县","center":[110.397485,23.544546],"centroid":[110.406275,23.533037],"childrenNum":0,"level":"district","acroutes":[100000,450000,450800],"parent":{"adcode":450800}}