{"children":[],"adcode":450881,"name":"桂平市","center":[110.074668,23.382473],"centroid":[110.079734,23.328699],"childrenNum":0,"level":"district","acroutes":[100000,450000,450800],"parent":{"adcode":450800}}