{"children":[],"adcode":450923,"name":"博白县","center":[109.980004,22.271285],"centroid":[109.873387,22.061058],"childrenNum":0,"level":"district","acroutes":[100000,450000,450900],"parent":{"adcode":450900}}