{"children":[],"adcode":450921,"name":"容县","center":[110.552467,22.856435],"centroid":[110.604631,22.826723],"childrenNum":0,"level":"district","acroutes":[100000,450000,450900],"parent":{"adcode":450900}}