{"children":[],"adcode":450922,"name":"陆川县","center":[110.264842,22.321054],"centroid":[110.265722,22.245823],"childrenNum":0,"level":"district","acroutes":[100000,450000,450900],"parent":{"adcode":450900}}