{"children":[],"adcode":450924,"name":"兴业县","center":[109.877768,22.74187],"centroid":[109.923405,22.793287],"childrenNum":0,"level":"district","acroutes":[100000,450000,450900],"parent":{"adcode":450900}}