{"children":[],"adcode":450981,"name":"北流市","center":[110.348052,22.701648],"centroid":[110.461053,22.52354],"childrenNum":0,"level":"district","acroutes":[100000,450000,450900],"parent":{"adcode":450900}}