{"children":[],"adcode":450903,"name":"福绵区","center":[110.054155,22.58163],"centroid":[110.008857,22.49239],"childrenNum":0,"level":"district","acroutes":[100000,450000,450900],"parent":{"adcode":450900}}