{"children":[],"adcode":450902,"name":"玉州区","center":[110.154912,22.632132],"centroid":[110.152689,22.661535],"childrenNum":0,"level":"district","acroutes":[100000,450000,450900],"parent":{"adcode":450900}}