{"children":[],"adcode":451026,"name":"那坡县","center":[105.833553,23.400785],"centroid":[105.826792,23.241804],"childrenNum":0,"level":"district","acroutes":[100000,450000,451000],"parent":{"adcode":451000}}