{"children":[],"adcode":451002,"name":"右江区","center":[106.615727,23.897675],"centroid":[106.498284,23.937318],"childrenNum":0,"level":"district","acroutes":[100000,450000,451000],"parent":{"adcode":451000}}