{"children":[],"adcode":451031,"name":"隆林各族自治县","center":[105.342363,24.774318],"centroid":[105.301396,24.674621],"childrenNum":0,"level":"district","acroutes":[100000,450000,451000],"parent":{"adcode":451000}}