{"children":[],"adcode":451027,"name":"凌云县","center":[106.56487,24.345643],"centroid":[106.64268,24.359839],"childrenNum":0,"level":"district","acroutes":[100000,450000,451000],"parent":{"adcode":451000}}