{"children":[],"adcode":451030,"name":"西林县","center":[105.095025,24.492041],"childrenNum":0,"level":"district","acroutes":[100000,450000,451000],"parent":{"adcode":451000}}