{"children":[],"adcode":451082,"name":"平果市","center":[107.580403,23.320479],"centroid":[107.570345,23.535047],"childrenNum":0,"level":"district","acroutes":[100000,450000,451000],"parent":{"adcode":451000}}