{"children":[],"adcode":451003,"name":"田阳区","center":[106.904315,23.736079],"centroid":[106.803962,23.724271],"childrenNum":0,"level":"district","acroutes":[100000,450000,451000],"parent":{"adcode":451000}}