{"children":[],"adcode":451022,"name":"田东县","center":[107.12426,23.600444],"centroid":[107.183711,23.609382],"childrenNum":0,"level":"district","acroutes":[100000,450000,451000],"parent":{"adcode":451000}}