{"children":[],"adcode":451081,"name":"靖西市","center":[106.417549,23.134766],"centroid":[106.313744,23.143704],"childrenNum":0,"level":"district","acroutes":[100000,450000,451000],"parent":{"adcode":451000}}