{"children":[],"adcode":451029,"name":"田林县","center":[106.235047,24.290262],"centroid":[105.993,24.389081],"childrenNum":0,"level":"district","acroutes":[100000,450000,451000],"parent":{"adcode":451000}}