{"children":[],"adcode":451024,"name":"德保县","center":[106.618164,23.321464],"centroid":[106.585708,23.378131],"childrenNum":0,"level":"district","acroutes":[100000,450000,451000],"parent":{"adcode":451000}}