{"children":[],"adcode":451028,"name":"乐业县","center":[106.559638,24.782204],"centroid":[106.511821,24.824493],"childrenNum":0,"level":"district","acroutes":[100000,450000,451000],"parent":{"adcode":451000}}