{"children":[],"adcode":451103,"name":"平桂区","center":[111.524014,24.417148],"centroid":[111.436298,24.29506],"childrenNum":0,"level":"district","acroutes":[100000,450000,451100],"parent":{"adcode":451100}}