{"children":[],"adcode":451123,"name":"富川瑶族自治县","center":[111.277228,24.81896],"centroid":[111.303926,24.885589],"childrenNum":0,"level":"district","acroutes":[100000,450000,451100],"parent":{"adcode":451100}}