{"children":[],"adcode":451122,"name":"钟山县","center":[111.303629,24.528566],"centroid":[111.189216,24.499818],"childrenNum":0,"level":"district","acroutes":[100000,450000,451100],"parent":{"adcode":451100}}