{"children":[],"adcode":451102,"name":"八步区","center":[111.551991,24.412446],"centroid":[111.776929,24.331418],"childrenNum":0,"level":"district","acroutes":[100000,450000,451100],"parent":{"adcode":451100}}