{"children":[],"adcode":451121,"name":"昭平县","center":[110.810865,24.172958],"centroid":[110.969341,24.102364],"childrenNum":0,"level":"district","acroutes":[100000,450000,451100],"parent":{"adcode":451100}}