{"children":[],"adcode":451203,"name":"宜州区","center":[108.653965,24.492193],"centroid":[108.540425,24.475962],"childrenNum":0,"level":"district","acroutes":[100000,450000,451200],"parent":{"adcode":451200}}