{"children":[],"adcode":451225,"name":"罗城仫佬族自治县","center":[108.902453,24.779327],"centroid":[108.819003,24.897775],"childrenNum":0,"level":"district","acroutes":[100000,450000,451200],"parent":{"adcode":451200}}