{"children":[],"adcode":451227,"name":"巴马瑶族自治县","center":[107.253126,24.139538],"centroid":[107.200483,24.15231],"childrenNum":0,"level":"district","acroutes":[100000,450000,451200],"parent":{"adcode":451200}}