{"children":[],"adcode":451222,"name":"天峨县","center":[107.174939,24.985964],"centroid":[106.991187,25.013349],"childrenNum":0,"level":"district","acroutes":[100000,450000,451200],"parent":{"adcode":451200}}