{"children":[],"adcode":451229,"name":"大化瑶族自治县","center":[107.9945,23.739596],"centroid":[107.707416,23.96353],"childrenNum":0,"level":"district","acroutes":[100000,450000,451200],"parent":{"adcode":451200}}