{"children":[],"adcode":451224,"name":"东兰县","center":[107.373696,24.509367],"centroid":[107.385285,24.517369],"childrenNum":0,"level":"district","acroutes":[100000,450000,451200],"parent":{"adcode":451200}}