{"children":[],"adcode":451226,"name":"环江毛南族自治县","center":[108.258669,24.827628],"centroid":[108.284981,25.098735],"childrenNum":0,"level":"district","acroutes":[100000,450000,451200],"parent":{"adcode":451200}}