{"children":[],"adcode":451202,"name":"金城江区","center":[108.062131,24.695625],"centroid":[107.864564,24.653941],"childrenNum":0,"level":"district","acroutes":[100000,450000,451200],"parent":{"adcode":451200}}