{"children":[],"adcode":451221,"name":"南丹县","center":[107.546605,24.983192],"centroid":[107.461867,25.114219],"childrenNum":0,"level":"district","acroutes":[100000,450000,451200],"parent":{"adcode":451200}}