{"children":[],"adcode":451228,"name":"都安瑶族自治县","center":[108.102761,23.934964],"centroid":[108.113081,24.166077],"childrenNum":0,"level":"district","acroutes":[100000,450000,451200],"parent":{"adcode":451200}}