{"children":[],"adcode":451223,"name":"凤山县","center":[107.044592,24.544561],"centroid":[107.013919,24.557464],"childrenNum":0,"level":"district","acroutes":[100000,450000,451200],"parent":{"adcode":451200}}