{"children":[],"adcode":451381,"name":"合山市","center":[108.88858,23.81311],"centroid":[108.936588,23.797249],"childrenNum":0,"level":"district","acroutes":[100000,450000,451300],"parent":{"adcode":451300}}