{"children":[],"adcode":451323,"name":"武宣县","center":[109.66287,23.604162],"centroid":[109.680525,23.604552],"childrenNum":0,"level":"district","acroutes":[100000,450000,451300],"parent":{"adcode":451300}}