{"children":[],"adcode":451321,"name":"忻城县","center":[108.667361,24.064779],"centroid":[108.744885,24.011908],"childrenNum":0,"level":"district","acroutes":[100000,450000,451300],"parent":{"adcode":451300}}