{"children":[],"adcode":451322,"name":"象州县","center":[109.684555,23.959824],"centroid":[109.765314,24.013451],"childrenNum":0,"level":"district","acroutes":[100000,450000,451300],"parent":{"adcode":451300}}