{"children":[],"adcode":451324,"name":"金秀瑶族自治县","center":[110.188556,24.134941],"centroid":[110.130723,24.084768],"childrenNum":0,"level":"district","acroutes":[100000,450000,451300],"parent":{"adcode":451300}}