{"children":[],"adcode":451302,"name":"兴宾区","center":[109.230541,23.732926],"centroid":[109.185863,23.658223],"childrenNum":0,"level":"district","acroutes":[100000,450000,451300],"parent":{"adcode":451300}}