{"children":[],"adcode":451402,"name":"江州区","center":[107.354443,22.40469],"centroid":[107.456162,22.52387],"childrenNum":0,"level":"district","acroutes":[100000,450000,451400],"parent":{"adcode":451400}}