{"children":[],"adcode":451424,"name":"大新县","center":[107.200803,22.833369],"centroid":[107.130626,22.808],"childrenNum":0,"level":"district","acroutes":[100000,450000,451400],"parent":{"adcode":451400}}