{"children":[],"adcode":451481,"name":"凭祥市","center":[106.759038,22.108882],"centroid":[106.831607,22.088844],"childrenNum":0,"level":"district","acroutes":[100000,450000,451400],"parent":{"adcode":451400}}