{"children":[],"adcode":451423,"name":"龙州县","center":[106.857502,22.343716],"centroid":[106.852687,22.425951],"childrenNum":0,"level":"district","acroutes":[100000,450000,451400],"parent":{"adcode":451400}}