{"children":[],"adcode":451422,"name":"宁明县","center":[107.067616,22.131353],"centroid":[107.288285,21.999359],"childrenNum":0,"level":"district","acroutes":[100000,450000,451400],"parent":{"adcode":451400}}