{"children":[],"adcode":451425,"name":"天等县","center":[107.142441,23.082484],"centroid":[107.074032,23.111138],"childrenNum":0,"level":"district","acroutes":[100000,450000,451400],"parent":{"adcode":451400}}