{"children":[],"adcode":451421,"name":"扶绥县","center":[107.911533,22.635821],"centroid":[107.824039,22.518606],"childrenNum":0,"level":"district","acroutes":[100000,450000,451400],"parent":{"adcode":451400}}