{"children":[],"adcode":460108,"name":"美兰区","center":[110.356566,20.03074],"centroid":[110.517382,19.958531],"childrenNum":0,"level":"district","acroutes":[100000,460000,460100],"parent":{"adcode":460100}}