{"children":[],"adcode":460105,"name":"秀英区","center":[110.282393,20.008145],"centroid":[110.229218,19.907335],"childrenNum":0,"level":"district","acroutes":[100000,460000,460100],"parent":{"adcode":460100}}