{"children":[],"adcode":460106,"name":"龙华区","center":[110.330373,20.031026],"centroid":[110.335887,19.868373],"childrenNum":0,"level":"district","acroutes":[100000,460000,460100],"parent":{"adcode":460100}}