{"children":[{"adcode":460105,"name":"秀英区","center":[110.282393,20.008145],"centroid":[110.229218,19.907335],"childrenNum":0,"level":"district","parent":{"adcode":460100},"subFeatureIndex":0,"acroutes":[100000,460000,460100]},{"adcode":460106,"name":"龙华区","center":[110.330373,20.031026],"centroid":[110.335887,19.868373],"childrenNum":0,"level":"district","parent":{"adcode":460100},"subFeatureIndex":1,"acroutes":[100000,460000,460100]},{"adcode":460107,"name":"琼山区","center":[110.354722,20.001051],"centroid":[110.497764,19.733299],"childrenNum":0,"level":"district","parent":{"adcode":460100},"subFeatureIndex":2,"acroutes":[100000,460000,460100]},{"adcode":460108,"name":"美兰区","center":[110.356566,20.03074],"centroid":[110.517382,19.958531],"childrenNum":0,"level":"district","parent":{"adcode":460100},"subFeatureIndex":3,"acroutes":[100000,460000,460100]}],"adcode":460100,"name":"海口市","center":[110.33119,20.031971],"centroid":[110.422966,19.852113],"childrenNum":4,"level":"city","acroutes":[100000,460000],"parent":{"adcode":460000}}