{"children":[],"adcode":460107,"name":"琼山区","center":[110.354722,20.001051],"centroid":[110.497764,19.733299],"childrenNum":0,"level":"district","acroutes":[100000,460000,460100],"parent":{"adcode":460100}}