{"children":[{"adcode":460202,"name":"海棠区","center":[109.760778,18.407516],"centroid":[109.732219,18.365887],"childrenNum":0,"level":"district","parent":{"adcode":460200},"subFeatureIndex":0,"acroutes":[100000,460000,460200]},{"adcode":460203,"name":"吉阳区","center":[109.512081,18.247436],"centroid":[109.58973,18.268052],"childrenNum":0,"level":"district","parent":{"adcode":460200},"subFeatureIndex":1,"acroutes":[100000,460000,460200]},{"adcode":460204,"name":"天涯区","center":[109.506357,18.24734],"centroid":[109.374656,18.405343],"childrenNum":0,"level":"district","parent":{"adcode":460200},"subFeatureIndex":2,"acroutes":[100000,460000,460200]},{"adcode":460205,"name":"崖州区","center":[109.174306,18.352192],"centroid":[109.125084,18.368426],"childrenNum":0,"level":"district","parent":{"adcode":460200},"subFeatureIndex":3,"acroutes":[100000,460000,460200]}],"adcode":460200,"name":"三亚市","center":[109.508268,18.247872],"centroid":[109.421656,18.362263],"childrenNum":4,"level":"city","acroutes":[100000,460000],"parent":{"adcode":460000}}