{"children":[],"adcode":460205,"name":"崖州区","center":[109.174306,18.352192],"centroid":[109.125084,18.368426],"childrenNum":0,"level":"district","acroutes":[100000,460000,460200],"parent":{"adcode":460200}}