{"children":[],"adcode":460202,"name":"海棠区","center":[109.760778,18.407516],"centroid":[109.732219,18.365887],"childrenNum":0,"level":"district","acroutes":[100000,460000,460200],"parent":{"adcode":460200}}