{"children":[],"adcode":460204,"name":"天涯区","center":[109.506357,18.24734],"centroid":[109.374656,18.405343],"childrenNum":0,"level":"district","acroutes":[100000,460000,460200],"parent":{"adcode":460200}}