{"children":[],"adcode":460203,"name":"吉阳区","center":[109.512081,18.247436],"centroid":[109.58973,18.268052],"childrenNum":0,"level":"district","acroutes":[100000,460000,460200],"parent":{"adcode":460200}}