{"children":[{"adcode":460301,"name":"西沙区","center":[112.3386402,16.8310066],"childrenNum":0,"level":"district","parent":{"adcode":460300},"subFeatureIndex":0,"acroutes":[100000,460000,460300]},{"adcode":460302,"name":"南沙区","center":[112.891018,9.543575],"centroid":[113.343872,8.21455],"childrenNum":0,"level":"district","parent":{"adcode":460300},"subFeatureIndex":1,"acroutes":[100000,460000,460300]}],"adcode":460300,"name":"三沙市","center":[112.34882,16.831039],"centroid":[113.343872,8.21455],"childrenNum":2,"level":"city","acroutes":[100000,460000],"parent":{"adcode":460000}}