{"children":[],"adcode":460302,"name":"南沙区","center":[112.891018,9.543575],"centroid":[113.343872,8.21455],"childrenNum":0,"level":"district","acroutes":[100000,460000,460300],"parent":{"adcode":460300}}