{"children":[],"adcode":460301,"name":"西沙区","center":[112.3386402,16.8310066],"childrenNum":0,"level":"district","acroutes":[100000,460000,460300],"parent":{"adcode":460300}}