{"children":[],"adcode":460400,"name":"儋州市","center":[109.576782,19.517486],"centroid":[109.390059,19.579264],"childrenNum":0,"level":"city","acroutes":[100000,460000],"parent":{"adcode":460000}}