{"children":[],"adcode":469027,"name":"乐东黎族自治县","center":[109.175444,18.74758],"centroid":[109.029671,18.639822],"childrenNum":0,"level":"city","acroutes":[100000,460000],"parent":{"adcode":460000}}