{"children":[],"adcode":469026,"name":"昌江黎族自治县","center":[109.053351,19.260968],"centroid":[108.993675,19.226048],"childrenNum":0,"level":"city","acroutes":[100000,460000],"parent":{"adcode":460000}}