{"children":[],"adcode":469005,"name":"文昌市","center":[110.753975,19.612986],"centroid":[110.788535,19.747363],"childrenNum":0,"level":"city","acroutes":[100000,460000],"parent":{"adcode":460000}}