{"children":[],"adcode":469030,"name":"琼中黎族苗族自治县","center":[109.839996,19.03557],"centroid":[109.854584,19.033919],"childrenNum":0,"level":"city","acroutes":[100000,460000],"parent":{"adcode":460000}}