{"children":[],"adcode":469021,"name":"定安县","center":[110.349235,19.684966],"centroid":[110.312936,19.483405],"childrenNum":0,"level":"city","acroutes":[100000,460000],"parent":{"adcode":460000}}