{"children":[],"adcode":469023,"name":"澄迈县","center":[110.007147,19.737095],"centroid":[109.990417,19.700201],"childrenNum":0,"level":"city","acroutes":[100000,460000],"parent":{"adcode":460000}}