{"children":[],"adcode":469022,"name":"屯昌县","center":[110.102773,19.362916],"centroid":[110.055723,19.342208],"childrenNum":0,"level":"city","acroutes":[100000,460000],"parent":{"adcode":460000}}