{"children":[],"adcode":469029,"name":"保亭黎族苗族自治县","center":[109.70245,18.636371],"centroid":[109.650759,18.589686],"childrenNum":0,"level":"city","acroutes":[100000,460000],"parent":{"adcode":460000}}