{"children":[],"adcode":469001,"name":"五指山市","center":[109.516662,18.776921],"centroid":[109.511892,18.824035],"childrenNum":0,"level":"city","acroutes":[100000,460000],"parent":{"adcode":460000}}