{"children":[],"adcode":469028,"name":"陵水黎族自治县","center":[110.037218,18.505006],"centroid":[109.951436,18.549546],"childrenNum":0,"level":"city","acroutes":[100000,460000],"parent":{"adcode":460000}}