{"children":[],"adcode":469002,"name":"琼海市","center":[110.466785,19.246011],"centroid":[110.421962,19.210377],"childrenNum":0,"level":"city","acroutes":[100000,460000],"parent":{"adcode":460000}}