{"children":[],"adcode":469024,"name":"临高县","center":[109.687697,19.908293],"centroid":[109.71548,19.809704],"childrenNum":0,"level":"city","acroutes":[100000,460000],"parent":{"adcode":460000}}