{"children":[],"adcode":469006,"name":"万宁市","center":[110.388793,18.796216],"centroid":[110.324496,18.830445],"childrenNum":0,"level":"city","acroutes":[100000,460000],"parent":{"adcode":460000}}