{"children":[],"adcode":469007,"name":"东方市","center":[108.653789,19.10198],"centroid":[108.818801,18.996184],"childrenNum":0,"level":"city","acroutes":[100000,460000],"parent":{"adcode":460000}}