{"children":[],"adcode":469025,"name":"白沙黎族自治县","center":[109.452606,19.224584],"centroid":[109.351743,19.20989],"childrenNum":0,"level":"city","acroutes":[100000,460000],"parent":{"adcode":460000}}