{"children":[],"adcode":500106,"name":"沙坪坝区","center":[106.4542,29.541224],"centroid":[106.368248,29.624462],"childrenNum":0,"level":"district","acroutes":[100000,500000],"parent":{"adcode":500000}}