{"children":[],"adcode":500120,"name":"璧山区","center":[106.231126,29.593581],"centroid":[106.191948,29.561371],"childrenNum":0,"level":"district","acroutes":[100000,500000],"parent":{"adcode":500000}}