{"children":[],"adcode":500104,"name":"大渡口区","center":[106.48613,29.481002],"centroid":[106.458637,29.417574],"childrenNum":0,"level":"district","acroutes":[100000,500000],"parent":{"adcode":500000}}