{"children":[],"adcode":500102,"name":"涪陵区","center":[107.394905,29.703652],"centroid":[107.334026,29.658582],"childrenNum":0,"level":"district","acroutes":[100000,500000],"parent":{"adcode":500000}}