{"children":[],"adcode":500119,"name":"南川区","center":[107.098153,29.156646],"centroid":[107.171436,29.13547],"childrenNum":0,"level":"district","acroutes":[100000,500000],"parent":{"adcode":500000}}