{"children":[],"adcode":500112,"name":"渝北区","center":[106.512851,29.601451],"centroid":[106.746928,29.810209],"childrenNum":0,"level":"district","acroutes":[100000,500000],"parent":{"adcode":500000}}