{"children":[],"adcode":500111,"name":"大足区","center":[105.715319,29.700498],"centroid":[105.742721,29.65],"childrenNum":0,"level":"district","acroutes":[100000,500000],"parent":{"adcode":500000}}