{"children":[],"adcode":500108,"name":"南岸区","center":[106.560813,29.523992],"centroid":[106.660614,29.535521],"childrenNum":0,"level":"district","acroutes":[100000,500000],"parent":{"adcode":500000}}