{"children":[],"adcode":500105,"name":"江北区","center":[106.532844,29.575352],"centroid":[106.707043,29.613282],"childrenNum":0,"level":"district","acroutes":[100000,500000],"parent":{"adcode":500000}}