{"children":[],"adcode":500114,"name":"黔江区","center":[108.782577,29.527548],"centroid":[108.708597,29.435532],"childrenNum":0,"level":"district","acroutes":[100000,500000],"parent":{"adcode":500000}}