{"children":[],"adcode":500153,"name":"荣昌区","center":[105.594061,29.403627],"centroid":[105.506727,29.464817],"childrenNum":0,"level":"district","acroutes":[100000,500000],"parent":{"adcode":500000}}