{"children":[],"adcode":500103,"name":"渝中区","center":[106.56288,29.556742],"centroid":[106.540387,29.549305],"childrenNum":0,"level":"district","acroutes":[100000,500000],"parent":{"adcode":500000}}