{"children":[],"adcode":500118,"name":"永川区","center":[105.894714,29.348748],"centroid":[105.872859,29.290183],"childrenNum":0,"level":"district","acroutes":[100000,500000],"parent":{"adcode":500000}}