{"children":[],"adcode":500113,"name":"巴南区","center":[106.519423,29.381919],"centroid":[106.751731,29.371851],"childrenNum":0,"level":"district","acroutes":[100000,500000],"parent":{"adcode":500000}}