{"children":[],"adcode":500152,"name":"潼南区","center":[105.841818,30.189554],"centroid":[105.814632,30.143351],"childrenNum":0,"level":"district","acroutes":[100000,500000],"parent":{"adcode":500000}}