{"children":[],"adcode":500101,"name":"万州区","center":[108.380246,30.807807],"centroid":[108.406819,30.704054],"childrenNum":0,"level":"district","acroutes":[100000,500000],"parent":{"adcode":500000}}