{"children":[],"adcode":500155,"name":"梁平区","center":[107.800034,30.672168],"centroid":[107.719234,30.658344],"childrenNum":0,"level":"district","acroutes":[100000,500000],"parent":{"adcode":500000}}