{"children":[],"adcode":500115,"name":"长寿区","center":[107.074854,29.833671],"centroid":[107.140018,29.954649],"childrenNum":0,"level":"district","acroutes":[100000,500000],"parent":{"adcode":500000}}