{"children":[],"adcode":500116,"name":"江津区","center":[106.253156,29.283387],"centroid":[106.263211,29.029608],"childrenNum":0,"level":"district","acroutes":[100000,500000],"parent":{"adcode":500000}}