{"children":[],"adcode":500156,"name":"武隆区","center":[107.75655,29.32376],"centroid":[107.709628,29.373158],"childrenNum":0,"level":"district","acroutes":[100000,500000],"parent":{"adcode":500000}}