{"children":[],"adcode":500154,"name":"开州区","center":[108.413317,31.167735],"centroid":[108.382659,31.271013],"childrenNum":0,"level":"district","acroutes":[100000,500000],"parent":{"adcode":500000}}