{"children":[],"adcode":500107,"name":"九龙坡区","center":[106.480989,29.523492],"centroid":[106.364401,29.428501],"childrenNum":0,"level":"district","acroutes":[100000,500000],"parent":{"adcode":500000}}