{"children":[],"adcode":500117,"name":"合川区","center":[106.265554,29.990993],"centroid":[106.311538,30.112474],"childrenNum":0,"level":"district","acroutes":[100000,500000],"parent":{"adcode":500000}}