{"children":[],"adcode":500151,"name":"铜梁区","center":[106.054948,29.839944],"centroid":[106.0332,29.81109],"childrenNum":0,"level":"district","acroutes":[100000,500000],"parent":{"adcode":500000}}