{"children":[],"adcode":500109,"name":"北碚区","center":[106.437868,29.82543],"centroid":[106.513996,29.861006],"childrenNum":0,"level":"district","acroutes":[100000,500000],"parent":{"adcode":500000}}