{"children":[],"adcode":500110,"name":"綦江区","center":[106.651417,29.028091],"centroid":[106.722706,28.87864],"childrenNum":0,"level":"district","acroutes":[100000,500000],"parent":{"adcode":500000}}