{"children":[],"adcode":500240,"name":"石柱土家族自治县","center":[108.112448,29.99853],"centroid":[108.298494,30.093676],"childrenNum":0,"level":"district","acroutes":[100000,500000],"parent":{"adcode":500000}}