{"children":[],"adcode":500241,"name":"秀山土家族苗族自治县","center":[108.996043,28.444772],"centroid":[109.018121,28.491722],"childrenNum":0,"level":"district","acroutes":[100000,500000],"parent":{"adcode":500000}}