{"children":[],"adcode":500237,"name":"巫山县","center":[109.878928,31.074843],"centroid":[109.901246,31.115189],"childrenNum":0,"level":"district","acroutes":[100000,500000],"parent":{"adcode":500000}}