{"children":[],"adcode":500229,"name":"城口县","center":[108.6649,31.946293],"centroid":[108.735105,31.881846],"childrenNum":0,"level":"district","acroutes":[100000,500000],"parent":{"adcode":500000}}