{"children":[],"adcode":500233,"name":"忠县","center":[108.037518,30.291537],"centroid":[107.914786,30.335722],"childrenNum":0,"level":"district","acroutes":[100000,500000],"parent":{"adcode":500000}}