{"children":[],"adcode":500231,"name":"垫江县","center":[107.348692,30.330012],"centroid":[107.437814,30.253308],"childrenNum":0,"level":"district","acroutes":[100000,500000],"parent":{"adcode":500000}}