{"children":[],"adcode":500235,"name":"云阳县","center":[108.697698,30.930529],"centroid":[108.856912,31.036349],"childrenNum":0,"level":"district","acroutes":[100000,500000],"parent":{"adcode":500000}}