{"children":[],"adcode":500242,"name":"酉阳土家族苗族自治县","center":[108.767201,28.839828],"centroid":[108.800321,28.89987],"childrenNum":0,"level":"district","acroutes":[100000,500000],"parent":{"adcode":500000}}