{"children":[],"adcode":500236,"name":"奉节县","center":[109.465774,31.019967],"centroid":[109.349632,30.952293],"childrenNum":0,"level":"district","acroutes":[100000,500000],"parent":{"adcode":500000}}