{"children":[],"adcode":500238,"name":"巫溪县","center":[109.628912,31.3966],"centroid":[109.35337,31.503107],"childrenNum":0,"level":"district","acroutes":[100000,500000],"parent":{"adcode":500000}}