{"children":[],"adcode":500230,"name":"丰都县","center":[107.73248,29.866424],"centroid":[107.830885,29.884753],"childrenNum":0,"level":"district","acroutes":[100000,500000],"parent":{"adcode":500000}}