{"children":[],"adcode":500243,"name":"彭水苗族土家族自治县","center":[108.166551,29.293856],"centroid":[108.266309,29.353956],"childrenNum":0,"level":"district","acroutes":[100000,500000],"parent":{"adcode":500000}}