{"children":[],"adcode":510183,"name":"邛崃市","center":[103.46143,30.413271],"centroid":[103.369854,30.382094],"childrenNum":0,"level":"district","acroutes":[100000,510000,510100],"parent":{"adcode":510100}}