{"children":[],"adcode":510184,"name":"崇州市","center":[103.671049,30.631478],"centroid":[103.523124,30.713564],"childrenNum":0,"level":"district","acroutes":[100000,510000,510100],"parent":{"adcode":510100}}