{"children":[],"adcode":510116,"name":"双流区","center":[103.922706,30.573243],"centroid":[104.035634,30.447974],"childrenNum":0,"level":"district","acroutes":[100000,510000,510100],"parent":{"adcode":510100}}