{"children":[],"adcode":510106,"name":"金牛区","center":[104.043487,30.692058],"centroid":[104.056073,30.729831],"childrenNum":0,"level":"district","acroutes":[100000,510000,510100],"parent":{"adcode":510100}}