{"children":[],"adcode":510181,"name":"都江堰市","center":[103.627898,30.99114],"centroid":[103.63078,31.033076],"childrenNum":0,"level":"district","acroutes":[100000,510000,510100],"parent":{"adcode":510100}}