{"children":[],"adcode":510108,"name":"成华区","center":[104.103077,30.660275],"centroid":[104.143973,30.688388],"childrenNum":0,"level":"district","acroutes":[100000,510000,510100],"parent":{"adcode":510100}}