{"children":[],"adcode":510185,"name":"简阳市","center":[104.550339,30.390666],"centroid":[104.529918,30.387272],"childrenNum":0,"level":"district","acroutes":[100000,510000,510100],"parent":{"adcode":510100}}