{"children":[],"adcode":510114,"name":"新都区","center":[104.16022,30.824223],"centroid":[104.115518,30.830212],"childrenNum":0,"level":"district","acroutes":[100000,510000,510100],"parent":{"adcode":510100}}