{"children":[],"adcode":510113,"name":"青白江区","center":[104.25494,30.883438],"centroid":[104.340354,30.793354],"childrenNum":0,"level":"district","acroutes":[100000,510000,510100],"parent":{"adcode":510100}}