{"children":[],"adcode":510182,"name":"彭州市","center":[103.941173,30.985161],"centroid":[103.8832,31.142706],"childrenNum":0,"level":"district","acroutes":[100000,510000,510100],"parent":{"adcode":510100}}