{"children":[],"adcode":510117,"name":"郫都区","center":[103.887842,30.808752],"centroid":[103.862614,30.839406],"childrenNum":0,"level":"district","acroutes":[100000,510000,510100],"parent":{"adcode":510100}}