{"children":[],"adcode":510105,"name":"青羊区","center":[104.055731,30.667648],"centroid":[103.981259,30.679625],"childrenNum":0,"level":"district","acroutes":[100000,510000,510100],"parent":{"adcode":510100}}