{"children":[],"adcode":510129,"name":"大邑县","center":[103.522397,30.586602],"centroid":[103.364446,30.61507],"childrenNum":0,"level":"district","acroutes":[100000,510000,510100],"parent":{"adcode":510100}}