{"children":[],"adcode":510104,"name":"锦江区","center":[104.080989,30.657689],"centroid":[104.1151,30.60117],"childrenNum":0,"level":"district","acroutes":[100000,510000,510100],"parent":{"adcode":510100}}