{"children":[],"adcode":510107,"name":"武侯区","center":[104.05167,30.630862],"centroid":[104.025627,30.604738],"childrenNum":0,"level":"district","acroutes":[100000,510000,510100],"parent":{"adcode":510100}}