{"children":[],"adcode":510118,"name":"新津区","center":[103.812449,30.414284],"centroid":[103.825572,30.422245],"childrenNum":0,"level":"district","acroutes":[100000,510000,510100],"parent":{"adcode":510100}}