{"children":[],"adcode":510112,"name":"龙泉驿区","center":[104.269181,30.56065],"centroid":[104.294729,30.597369],"childrenNum":0,"level":"district","acroutes":[100000,510000,510100],"parent":{"adcode":510100}}