{"children":[],"adcode":510121,"name":"金堂县","center":[104.415604,30.858417],"centroid":[104.608828,30.722683],"childrenNum":0,"level":"district","acroutes":[100000,510000,510100],"parent":{"adcode":510100}}