{"children":[],"adcode":510131,"name":"蒲江县","center":[103.511541,30.194359],"centroid":[103.491481,30.234295],"childrenNum":0,"level":"district","acroutes":[100000,510000,510100],"parent":{"adcode":510100}}