{"children":[],"adcode":510115,"name":"温江区","center":[103.836776,30.697996],"centroid":[103.810468,30.724102],"childrenNum":0,"level":"district","acroutes":[100000,510000,510100],"parent":{"adcode":510100}}