{"children":[],"adcode":510322,"name":"富顺县","center":[104.984256,29.181282],"centroid":[105.022765,29.106251],"childrenNum":0,"level":"district","acroutes":[100000,510000,510300],"parent":{"adcode":510300}}