{"children":[],"adcode":510302,"name":"自流井区","center":[104.778188,29.343231],"centroid":[104.702347,29.272914],"childrenNum":0,"level":"district","acroutes":[100000,510000,510300],"parent":{"adcode":510300}}