{"children":[],"adcode":510311,"name":"沿滩区","center":[104.876417,29.272521],"centroid":[104.847509,29.245797],"childrenNum":0,"level":"district","acroutes":[100000,510000,510300],"parent":{"adcode":510300}}