{"children":[],"adcode":510304,"name":"大安区","center":[104.783229,29.367136],"centroid":[104.917711,29.378332],"childrenNum":0,"level":"district","acroutes":[100000,510000,510300],"parent":{"adcode":510300}}