{"children":[],"adcode":510303,"name":"贡井区","center":[104.714372,29.345675],"centroid":[104.632977,29.372467],"childrenNum":0,"level":"district","acroutes":[100000,510000,510300],"parent":{"adcode":510300}}