{"children":[],"adcode":510321,"name":"荣县","center":[104.423932,29.454851],"centroid":[104.321377,29.415762],"childrenNum":0,"level":"district","acroutes":[100000,510000,510300],"parent":{"adcode":510300}}