{"children":[],"adcode":510422,"name":"盐边县","center":[101.851848,26.677619],"centroid":[101.579959,26.930271],"childrenNum":0,"level":"district","acroutes":[100000,510000,510400],"parent":{"adcode":510400}}