{"children":[],"adcode":510411,"name":"仁和区","center":[101.737916,26.497185],"centroid":[101.726311,26.394003],"childrenNum":0,"level":"district","acroutes":[100000,510000,510400],"parent":{"adcode":510400}}