{"children":[],"adcode":510421,"name":"米易县","center":[102.109877,26.887474],"centroid":[101.992836,26.927684],"childrenNum":0,"level":"district","acroutes":[100000,510000,510400],"parent":{"adcode":510400}}