{"children":[],"adcode":510403,"name":"西区","center":[101.637969,26.596776],"centroid":[101.547931,26.612184],"childrenNum":0,"level":"district","acroutes":[100000,510000,510400],"parent":{"adcode":510400}}