{"children":[],"adcode":510402,"name":"东区","center":[101.715134,26.580887],"centroid":[101.743019,26.593923],"childrenNum":0,"level":"district","acroutes":[100000,510000,510400],"parent":{"adcode":510400}}