{"children":[],"adcode":510525,"name":"古蔺县","center":[105.813359,28.03948],"centroid":[105.929959,27.975923],"childrenNum":0,"level":"district","acroutes":[100000,510000,510500],"parent":{"adcode":510500}}