{"children":[],"adcode":510521,"name":"泸县","center":[105.376335,29.151288],"centroid":[105.498675,29.11915],"childrenNum":0,"level":"district","acroutes":[100000,510000,510500],"parent":{"adcode":510500}}