{"children":[],"adcode":510502,"name":"江阳区","center":[105.445131,28.882889],"centroid":[105.405085,28.852643],"childrenNum":0,"level":"district","acroutes":[100000,510000,510500],"parent":{"adcode":510500}}