{"children":[],"adcode":510524,"name":"叙永县","center":[105.437775,28.167919],"centroid":[105.462609,28.092578],"childrenNum":0,"level":"district","acroutes":[100000,510000,510500],"parent":{"adcode":510500}}