{"children":[],"adcode":510503,"name":"纳溪区","center":[105.37721,28.77631],"centroid":[105.38985,28.642428],"childrenNum":0,"level":"district","acroutes":[100000,510000,510500],"parent":{"adcode":510500}}