{"children":[],"adcode":510504,"name":"龙马潭区","center":[105.435228,28.897572],"centroid":[105.44851,28.968352],"childrenNum":0,"level":"district","acroutes":[100000,510000,510500],"parent":{"adcode":510500}}