{"children":[],"adcode":510522,"name":"合江县","center":[105.834098,28.810325],"centroid":[105.925317,28.745578],"childrenNum":0,"level":"district","acroutes":[100000,510000,510500],"parent":{"adcode":510500}}