{"children":[],"adcode":510623,"name":"中江县","center":[104.677831,31.03681],"centroid":[104.798508,30.881207],"childrenNum":0,"level":"district","acroutes":[100000,510000,510600],"parent":{"adcode":510600}}