{"children":[],"adcode":510603,"name":"旌阳区","center":[104.389648,31.130428],"centroid":[104.408535,31.173427],"childrenNum":0,"level":"district","acroutes":[100000,510000,510600],"parent":{"adcode":510600}}