{"children":[],"adcode":510604,"name":"罗江区","center":[104.507126,31.303281],"centroid":[104.528135,31.314709],"childrenNum":0,"level":"district","acroutes":[100000,510000,510600],"parent":{"adcode":510600}}