{"children":[],"adcode":510682,"name":"什邡市","center":[104.173653,31.126881],"centroid":[104.020238,31.273093],"childrenNum":0,"level":"district","acroutes":[100000,510000,510600],"parent":{"adcode":510600}}