{"children":[],"adcode":510683,"name":"绵竹市","center":[104.200162,31.343084],"centroid":[104.123167,31.431471],"childrenNum":0,"level":"district","acroutes":[100000,510000,510600],"parent":{"adcode":510600}}