{"children":[],"adcode":510681,"name":"广汉市","center":[104.281903,30.97715],"centroid":[104.292504,31.000835],"childrenNum":0,"level":"district","acroutes":[100000,510000,510600],"parent":{"adcode":510600}}