{"children":[],"adcode":510781,"name":"江油市","center":[104.744431,31.776386],"centroid":[104.926848,31.94669],"childrenNum":0,"level":"district","acroutes":[100000,510000,510700],"parent":{"adcode":510700}}