{"children":[],"adcode":510704,"name":"游仙区","center":[104.770006,31.484772],"centroid":[104.915453,31.530346],"childrenNum":0,"level":"district","acroutes":[100000,510000,510700],"parent":{"adcode":510700}}