{"children":[],"adcode":510722,"name":"三台县","center":[105.090316,31.090909],"centroid":[105.036381,31.112896],"childrenNum":0,"level":"district","acroutes":[100000,510000,510700],"parent":{"adcode":510700}}