{"children":[],"adcode":510727,"name":"平武县","center":[104.530555,32.407588],"centroid":[104.397971,32.440984],"childrenNum":0,"level":"district","acroutes":[100000,510000,510700],"parent":{"adcode":510700}}