{"children":[],"adcode":510705,"name":"安州区","center":[104.560341,31.53894],"centroid":[104.346813,31.569067],"childrenNum":0,"level":"district","acroutes":[100000,510000,510700],"parent":{"adcode":510700}}