{"children":[],"adcode":510726,"name":"北川羌族自治县","center":[104.468069,31.615863],"centroid":[104.264989,31.936796],"childrenNum":0,"level":"district","acroutes":[100000,510000,510700],"parent":{"adcode":510700}}