{"children":[],"adcode":510725,"name":"梓潼县","center":[105.16353,31.635225],"centroid":[105.188285,31.648035],"childrenNum":0,"level":"district","acroutes":[100000,510000,510700],"parent":{"adcode":510700}}