{"children":[],"adcode":510703,"name":"涪城区","center":[104.740971,31.463557],"centroid":[104.683992,31.417698],"childrenNum":0,"level":"district","acroutes":[100000,510000,510700],"parent":{"adcode":510700}}