{"children":[],"adcode":510723,"name":"盐亭县","center":[105.391991,31.22318],"centroid":[105.472763,31.242016],"childrenNum":0,"level":"district","acroutes":[100000,510000,510700],"parent":{"adcode":510700}}