{"children":[],"adcode":510822,"name":"青川县","center":[105.238847,32.585655],"centroid":[105.179411,32.50984],"childrenNum":0,"level":"district","acroutes":[100000,510000,510800],"parent":{"adcode":510800}}