{"children":[],"adcode":510811,"name":"昭化区","center":[105.964121,32.322788],"centroid":[105.834986,32.165116],"childrenNum":0,"level":"district","acroutes":[100000,510000,510800],"parent":{"adcode":510800}}