{"children":[],"adcode":510823,"name":"剑阁县","center":[105.527035,32.286517],"centroid":[105.496891,31.916771],"childrenNum":0,"level":"district","acroutes":[100000,510000,510800],"parent":{"adcode":510800}}