{"children":[],"adcode":510824,"name":"苍溪县","center":[105.939706,31.732251],"centroid":[106.106844,31.909782],"childrenNum":0,"level":"district","acroutes":[100000,510000,510800],"parent":{"adcode":510800}}