{"children":[],"adcode":510802,"name":"利州区","center":[105.826194,32.432276],"centroid":[105.759939,32.444899],"childrenNum":0,"level":"district","acroutes":[100000,510000,510800],"parent":{"adcode":510800}}