{"children":[],"adcode":510812,"name":"朝天区","center":[105.88917,32.642632],"centroid":[105.955649,32.653813],"childrenNum":0,"level":"district","acroutes":[100000,510000,510800],"parent":{"adcode":510800}}