{"children":[],"adcode":510821,"name":"旺苍县","center":[106.290426,32.22833],"centroid":[106.396062,32.367191],"childrenNum":0,"level":"district","acroutes":[100000,510000,510800],"parent":{"adcode":510800}}