{"children":[],"adcode":510981,"name":"射洪市","center":[105.381849,30.868752],"centroid":[105.381757,30.902315],"childrenNum":0,"level":"district","acroutes":[100000,510000,510900],"parent":{"adcode":510900}}