{"children":[],"adcode":510923,"name":"大英县","center":[105.252187,30.581571],"centroid":[105.250434,30.574631],"childrenNum":0,"level":"district","acroutes":[100000,510000,510900],"parent":{"adcode":510900}}