{"children":[],"adcode":510921,"name":"蓬溪县","center":[105.713699,30.774883],"childrenNum":0,"level":"district","acroutes":[100000,510000,510900],"parent":{"adcode":510900}}