{"children":[],"adcode":510903,"name":"船山区","center":[105.582215,30.502647],"centroid":[105.596302,30.521684],"childrenNum":0,"level":"district","acroutes":[100000,510000,510900],"parent":{"adcode":510900}}