{"children":[],"adcode":510904,"name":"安居区","center":[105.459383,30.346121],"centroid":[105.419935,30.366367],"childrenNum":0,"level":"district","acroutes":[100000,510000,510900],"parent":{"adcode":510900}}