{"children":[],"adcode":511011,"name":"东兴区","center":[105.067203,29.600107],"centroid":[105.199137,29.655104],"childrenNum":0,"level":"district","acroutes":[100000,510000,511000],"parent":{"adcode":511000}}