{"children":[],"adcode":511083,"name":"隆昌市","center":[105.288074,29.338162],"centroid":[105.246612,29.362041],"childrenNum":0,"level":"district","acroutes":[100000,510000,511000],"parent":{"adcode":511000}}