{"children":[],"adcode":511024,"name":"威远县","center":[104.668327,29.52686],"centroid":[104.587222,29.593308],"childrenNum":0,"level":"district","acroutes":[100000,510000,511000],"parent":{"adcode":511000}}