{"children":[],"adcode":511002,"name":"市中区","center":[105.065467,29.585265],"centroid":[104.95838,29.538407],"childrenNum":0,"level":"district","acroutes":[100000,510000,511000],"parent":{"adcode":511000}}