{"children":[],"adcode":511025,"name":"资中县","center":[104.852463,29.775295],"centroid":[104.801045,29.807692],"childrenNum":0,"level":"district","acroutes":[100000,510000,511000],"parent":{"adcode":511000}}