{"children":[],"adcode":511124,"name":"井研县","center":[104.06885,29.651645],"centroid":[104.048596,29.638626],"childrenNum":0,"level":"district","acroutes":[100000,510000,511100],"parent":{"adcode":511100}}