{"children":[],"adcode":511181,"name":"峨眉山市","center":[103.492488,29.597478],"centroid":[103.39351,29.501017],"childrenNum":0,"level":"district","acroutes":[100000,510000,511100],"parent":{"adcode":511100}}