{"children":[],"adcode":511123,"name":"犍为县","center":[103.944266,29.209782],"centroid":[103.973499,29.226388],"childrenNum":0,"level":"district","acroutes":[100000,510000,511100],"parent":{"adcode":511100}}