{"children":[],"adcode":511132,"name":"峨边彝族自治县","center":[103.262148,29.230271],"centroid":[103.207196,29.045121],"childrenNum":0,"level":"district","acroutes":[100000,510000,511100],"parent":{"adcode":511100}}