{"children":[],"adcode":511112,"name":"五通桥区","center":[103.816837,29.406186],"centroid":[103.802151,29.409682],"childrenNum":0,"level":"district","acroutes":[100000,510000,511100],"parent":{"adcode":511100}}