{"children":[],"adcode":511126,"name":"夹江县","center":[103.578862,29.741019],"centroid":[103.554116,29.770595],"childrenNum":0,"level":"district","acroutes":[100000,510000,511100],"parent":{"adcode":511100}}