{"children":[],"adcode":511129,"name":"沐川县","center":[103.90211,28.956338],"centroid":[103.818122,29.001186],"childrenNum":0,"level":"district","acroutes":[100000,510000,511100],"parent":{"adcode":511100}}