{"children":[],"adcode":511102,"name":"市中区","center":[103.75539,29.588327],"centroid":[103.791477,29.606768],"childrenNum":0,"level":"district","acroutes":[100000,510000,511100],"parent":{"adcode":511100}}