{"children":[],"adcode":511133,"name":"马边彝族自治县","center":[103.546851,28.838933],"centroid":[103.479734,28.78209],"childrenNum":0,"level":"district","acroutes":[100000,510000,511100],"parent":{"adcode":511100}}