{"children":[],"adcode":511113,"name":"金口河区","center":[103.077831,29.24602],"centroid":[103.06457,29.285462],"childrenNum":0,"level":"district","acroutes":[100000,510000,511100],"parent":{"adcode":511100}}