{"children":[],"adcode":511111,"name":"沙湾区","center":[103.549961,29.416536],"centroid":[103.587445,29.343332],"childrenNum":0,"level":"district","acroutes":[100000,510000,511100],"parent":{"adcode":511100}}