{"children":[],"adcode":511325,"name":"西充县","center":[105.893021,30.994616],"centroid":[105.850429,31.05764],"childrenNum":0,"level":"district","acroutes":[100000,510000,511300],"parent":{"adcode":511300}}