{"children":[],"adcode":511321,"name":"南部县","center":[106.061138,31.349407],"centroid":[105.902017,31.346113],"childrenNum":0,"level":"district","acroutes":[100000,510000,511300],"parent":{"adcode":511300}}