{"children":[],"adcode":511324,"name":"仪陇县","center":[106.297083,31.271261],"centroid":[106.514282,31.429868],"childrenNum":0,"level":"district","acroutes":[100000,510000,511300],"parent":{"adcode":511300}}