{"children":[],"adcode":511323,"name":"蓬安县","center":[106.413488,31.027978],"centroid":[106.423221,30.999332],"childrenNum":0,"level":"district","acroutes":[100000,510000,511300],"parent":{"adcode":511300}}