{"children":[],"adcode":511303,"name":"高坪区","center":[106.108996,30.781809],"centroid":[106.250227,30.781845],"childrenNum":0,"level":"district","acroutes":[100000,510000,511300],"parent":{"adcode":511300}}