{"children":[],"adcode":511322,"name":"营山县","center":[106.564893,31.075907],"centroid":[106.712226,31.156101],"childrenNum":0,"level":"district","acroutes":[100000,510000,511300],"parent":{"adcode":511300}}