{"children":[],"adcode":511302,"name":"顺庆区","center":[106.084091,30.795572],"centroid":[106.100914,30.944409],"childrenNum":0,"level":"district","acroutes":[100000,510000,511300],"parent":{"adcode":511300}}