{"children":[],"adcode":511381,"name":"阆中市","center":[105.975266,31.580466],"centroid":[106.072959,31.595931],"childrenNum":0,"level":"district","acroutes":[100000,510000,511300],"parent":{"adcode":511300}}