{"children":[],"adcode":511304,"name":"嘉陵区","center":[106.067027,30.762976],"centroid":[105.939905,30.694535],"childrenNum":0,"level":"district","acroutes":[100000,510000,511300],"parent":{"adcode":511300}}