{"children":[],"adcode":511403,"name":"彭山区","center":[103.8701,30.192298],"centroid":[103.859156,30.248838],"childrenNum":0,"level":"district","acroutes":[100000,510000,511400],"parent":{"adcode":511400}}