{"children":[],"adcode":511425,"name":"青神县","center":[103.846131,29.831469],"centroid":[103.831824,29.816141],"childrenNum":0,"level":"district","acroutes":[100000,510000,511400],"parent":{"adcode":511400}}