{"children":[],"adcode":511423,"name":"洪雅县","center":[103.375006,29.904867],"centroid":[103.172055,29.687151],"childrenNum":0,"level":"district","acroutes":[100000,510000,511400],"parent":{"adcode":511400}}