{"children":[],"adcode":511424,"name":"丹棱县","center":[103.518333,30.012751],"centroid":[103.42782,30.007798],"childrenNum":0,"level":"district","acroutes":[100000,510000,511400],"parent":{"adcode":511400}}