{"children":[],"adcode":511402,"name":"东坡区","center":[103.831553,30.048128],"centroid":[103.742201,30.050039],"childrenNum":0,"level":"district","acroutes":[100000,510000,511400],"parent":{"adcode":511400}}