{"children":[],"adcode":511421,"name":"仁寿县","center":[104.147646,29.996721],"centroid":[104.219157,29.979692],"childrenNum":0,"level":"district","acroutes":[100000,510000,511400],"parent":{"adcode":511400}}