{"children":[],"adcode":511529,"name":"屏山县","center":[104.162617,28.64237],"centroid":[104.016684,28.706124],"childrenNum":0,"level":"district","acroutes":[100000,510000,511500],"parent":{"adcode":511500}}