{"children":[],"adcode":511525,"name":"高县","center":[104.519187,28.435676],"centroid":[104.584445,28.4569],"childrenNum":0,"level":"district","acroutes":[100000,510000,511500],"parent":{"adcode":511500}}