{"children":[],"adcode":511503,"name":"南溪区","center":[104.981133,28.839806],"centroid":[104.93887,28.89234],"childrenNum":0,"level":"district","acroutes":[100000,510000,511500],"parent":{"adcode":511500}}