{"children":[],"adcode":511504,"name":"叙州区","center":[104.541489,28.695678],"childrenNum":0,"level":"district","acroutes":[100000,510000,511500],"parent":{"adcode":511500}}