{"children":[],"adcode":511523,"name":"江安县","center":[105.068697,28.728102],"centroid":[105.113683,28.659351],"childrenNum":0,"level":"district","acroutes":[100000,510000,511500],"parent":{"adcode":511500}}