{"children":[],"adcode":511524,"name":"长宁县","center":[104.921116,28.577271],"centroid":[104.918799,28.495258],"childrenNum":0,"level":"district","acroutes":[100000,510000,511500],"parent":{"adcode":511500}}