{"children":[],"adcode":511502,"name":"翠屏区","center":[104.630231,28.760179],"centroid":[104.660595,28.903765],"childrenNum":0,"level":"district","acroutes":[100000,510000,511500],"parent":{"adcode":511500}}