{"children":[],"adcode":511526,"name":"珙县","center":[104.712268,28.449041],"centroid":[104.800367,28.191033],"childrenNum":0,"level":"district","acroutes":[100000,510000,511500],"parent":{"adcode":511500}}