{"children":[],"adcode":511528,"name":"兴文县","center":[105.236549,28.302988],"centroid":[105.13515,28.248732],"childrenNum":0,"level":"district","acroutes":[100000,510000,511500],"parent":{"adcode":511500}}