{"children":[],"adcode":511527,"name":"筠连县","center":[104.507848,28.162017],"centroid":[104.582057,28.035973],"childrenNum":0,"level":"district","acroutes":[100000,510000,511500],"parent":{"adcode":511500}}