{"children":[],"adcode":511623,"name":"邻水县","center":[106.934968,30.334323],"centroid":[106.994749,30.256382],"childrenNum":0,"level":"district","acroutes":[100000,510000,511600],"parent":{"adcode":511600}}