{"children":[],"adcode":511681,"name":"华蓥市","center":[106.777882,30.380574],"centroid":[106.752893,30.316075],"childrenNum":0,"level":"district","acroutes":[100000,510000,511600],"parent":{"adcode":511600}}