{"children":[],"adcode":511622,"name":"武胜县","center":[106.292473,30.344291],"centroid":[106.224125,30.36773],"childrenNum":0,"level":"district","acroutes":[100000,510000,511600],"parent":{"adcode":511600}}