{"children":[],"adcode":511603,"name":"前锋区","center":[106.893277,30.4963],"centroid":[106.86707,30.534323],"childrenNum":0,"level":"district","acroutes":[100000,510000,511600],"parent":{"adcode":511600}}