{"children":[],"adcode":511602,"name":"广安区","center":[106.632907,30.456462],"centroid":[106.697181,30.619875],"childrenNum":0,"level":"district","acroutes":[100000,510000,511600],"parent":{"adcode":511600}}