{"children":[],"adcode":511621,"name":"岳池县","center":[106.444451,30.533538],"centroid":[106.413713,30.53582],"childrenNum":0,"level":"district","acroutes":[100000,510000,511600],"parent":{"adcode":511600}}