{"children":[],"adcode":511722,"name":"宣汉县","center":[107.722254,31.355025],"centroid":[107.929105,31.513846],"childrenNum":0,"level":"district","acroutes":[100000,510000,511700],"parent":{"adcode":511700}}