{"children":[],"adcode":511702,"name":"通川区","center":[107.501062,31.213522],"centroid":[107.438033,31.359446],"childrenNum":0,"level":"district","acroutes":[100000,510000,511700],"parent":{"adcode":511700}}