{"children":[],"adcode":511725,"name":"渠县","center":[106.970746,30.836348],"centroid":[106.9815,30.942875],"childrenNum":0,"level":"district","acroutes":[100000,510000,511700],"parent":{"adcode":511700}}