{"children":[],"adcode":511703,"name":"达川区","center":[107.507926,31.199062],"centroid":[107.418636,31.109789],"childrenNum":0,"level":"district","acroutes":[100000,510000,511700],"parent":{"adcode":511700}}