{"children":[],"adcode":511781,"name":"万源市","center":[108.037548,32.06777],"centroid":[107.988304,31.980633],"childrenNum":0,"level":"district","acroutes":[100000,510000,511700],"parent":{"adcode":511700}}