{"children":[],"adcode":511724,"name":"大竹县","center":[107.20742,30.736289],"centroid":[107.272827,30.685153],"childrenNum":0,"level":"district","acroutes":[100000,510000,511700],"parent":{"adcode":511700}}