{"children":[],"adcode":511723,"name":"开江县","center":[107.864135,31.085537],"centroid":[107.884059,31.045626],"childrenNum":0,"level":"district","acroutes":[100000,510000,511700],"parent":{"adcode":511700}}