{"children":[],"adcode":511823,"name":"汉源县","center":[102.677145,29.349915],"centroid":[102.617432,29.425735],"childrenNum":0,"level":"district","acroutes":[100000,510000,511800],"parent":{"adcode":511800}}