{"children":[],"adcode":511802,"name":"雨城区","center":[103.003398,29.981831],"centroid":[103.031594,29.921639],"childrenNum":0,"level":"district","acroutes":[100000,510000,511800],"parent":{"adcode":511800}}