{"children":[],"adcode":511824,"name":"石棉县","center":[102.35962,29.234063],"centroid":[102.286589,29.228591],"childrenNum":0,"level":"district","acroutes":[100000,510000,511800],"parent":{"adcode":511800}}