{"children":[],"adcode":511825,"name":"天全县","center":[102.763462,30.059955],"centroid":[102.570711,30.071499],"childrenNum":0,"level":"district","acroutes":[100000,510000,511800],"parent":{"adcode":511800}}