{"children":[],"adcode":511822,"name":"荥经县","center":[102.844674,29.795529],"centroid":[102.68556,29.734548],"childrenNum":0,"level":"district","acroutes":[100000,510000,511800],"parent":{"adcode":511800}}