{"children":[],"adcode":511803,"name":"名山区","center":[103.112214,30.084718],"centroid":[103.220689,30.126577],"childrenNum":0,"level":"district","acroutes":[100000,510000,511800],"parent":{"adcode":511800}}