{"children":[],"adcode":511827,"name":"宝兴县","center":[102.813377,30.369026],"centroid":[102.710816,30.561156],"childrenNum":0,"level":"district","acroutes":[100000,510000,511800],"parent":{"adcode":511800}}