{"children":[],"adcode":511826,"name":"芦山县","center":[102.924016,30.152907],"centroid":[103.00771,30.41529],"childrenNum":0,"level":"district","acroutes":[100000,510000,511800],"parent":{"adcode":511800}}