{"children":[],"adcode":511921,"name":"通江县","center":[107.247621,31.91212],"centroid":[107.346358,32.128411],"childrenNum":0,"level":"district","acroutes":[100000,510000,511900],"parent":{"adcode":511900}}