{"children":[],"adcode":511923,"name":"平昌县","center":[107.101937,31.562814],"centroid":[107.160172,31.591539],"childrenNum":0,"level":"district","acroutes":[100000,510000,511900],"parent":{"adcode":511900}}