{"children":[],"adcode":511902,"name":"巴州区","center":[106.753671,31.858366],"centroid":[106.865598,31.821201],"childrenNum":0,"level":"district","acroutes":[100000,510000,511900],"parent":{"adcode":511900}}