{"children":[],"adcode":511903,"name":"恩阳区","center":[106.486515,31.816336],"centroid":[106.572264,31.729307],"childrenNum":0,"level":"district","acroutes":[100000,510000,511900],"parent":{"adcode":511900}}