{"children":[],"adcode":511922,"name":"南江县","center":[106.843418,32.353164],"centroid":[106.830302,32.332551],"childrenNum":0,"level":"district","acroutes":[100000,510000,511900],"parent":{"adcode":511900}}