{"children":[],"adcode":512022,"name":"乐至县","center":[105.031142,30.275619],"centroid":[105.021469,30.308164],"childrenNum":0,"level":"district","acroutes":[100000,510000,512000],"parent":{"adcode":512000}}