{"children":[],"adcode":512002,"name":"雁江区","center":[104.642338,30.121686],"centroid":[104.748766,30.085912],"childrenNum":0,"level":"district","acroutes":[100000,510000,512000],"parent":{"adcode":512000}}