{"children":[],"adcode":512021,"name":"安岳县","center":[105.336764,30.099206],"centroid":[105.395024,29.993925],"childrenNum":0,"level":"district","acroutes":[100000,510000,512000],"parent":{"adcode":512000}}