{"children":[{"adcode":512002,"name":"雁江区","center":[104.642338,30.121686],"centroid":[104.748766,30.085912],"childrenNum":0,"level":"district","parent":{"adcode":512000},"subFeatureIndex":0,"acroutes":[100000,510000,512000]},{"adcode":512021,"name":"安岳县","center":[105.336764,30.099206],"centroid":[105.395024,29.993925],"childrenNum":0,"level":"district","parent":{"adcode":512000},"subFeatureIndex":1,"acroutes":[100000,510000,512000]},{"adcode":512022,"name":"乐至县","center":[105.031142,30.275619],"centroid":[105.021469,30.308164],"childrenNum":0,"level":"district","parent":{"adcode":512000},"subFeatureIndex":2,"acroutes":[100000,510000,512000]}],"adcode":512000,"name":"资阳市","center":[104.641917,30.122211],"centroid":[105.118328,30.098408],"childrenNum":3,"level":"city","acroutes":[100000,510000],"parent":{"adcode":510000}}