{"children":[],"adcode":513201,"name":"马尔康市","center":[102.221187,31.899761],"centroid":[102.01524,32.013374],"childrenNum":0,"level":"district","acroutes":[100000,510000,513200],"parent":{"adcode":513200}}