{"children":[],"adcode":513226,"name":"金川县","center":[102.064647,31.476356],"centroid":[101.80369,31.520161],"childrenNum":0,"level":"district","acroutes":[100000,510000,513200],"parent":{"adcode":513200}}