{"children":[],"adcode":513223,"name":"茂县","center":[103.850684,31.680407],"centroid":[103.631922,31.846249],"childrenNum":0,"level":"district","acroutes":[100000,510000,513200],"parent":{"adcode":513200}}