{"children":[],"adcode":513232,"name":"若尔盖县","center":[102.963726,33.575934],"centroid":[102.887579,33.657987],"childrenNum":0,"level":"district","acroutes":[100000,510000,513200],"parent":{"adcode":513200}}