{"children":[],"adcode":513230,"name":"壤塘县","center":[100.979136,32.264887],"centroid":[101.050311,32.148959],"childrenNum":0,"level":"district","acroutes":[100000,510000,513200],"parent":{"adcode":513200}}