{"children":[],"adcode":513222,"name":"理县","center":[103.165486,31.436764],"centroid":[103.014273,31.57306],"childrenNum":0,"level":"district","acroutes":[100000,510000,513200],"parent":{"adcode":513200}}