{"children":[],"adcode":513233,"name":"红原县","center":[102.544906,32.793902],"centroid":[102.63276,32.724316],"childrenNum":0,"level":"district","acroutes":[100000,510000,513200],"parent":{"adcode":513200}}