{"children":[],"adcode":513225,"name":"九寨沟县","center":[104.236344,33.262097],"centroid":[103.926618,33.311923],"childrenNum":0,"level":"district","acroutes":[100000,510000,513200],"parent":{"adcode":513200}}