{"children":[],"adcode":513231,"name":"阿坝县","center":[101.700985,32.904223],"centroid":[101.764537,32.879299],"childrenNum":0,"level":"district","acroutes":[100000,510000,513200],"parent":{"adcode":513200}}