{"children":[],"adcode":513224,"name":"松潘县","center":[103.599177,32.63838],"centroid":[103.529039,32.616721],"childrenNum":0,"level":"district","acroutes":[100000,510000,513200],"parent":{"adcode":513200}}