{"children":[],"adcode":513228,"name":"黑水县","center":[102.990805,32.061721],"centroid":[103.051268,32.161978],"childrenNum":0,"level":"district","acroutes":[100000,510000,513200],"parent":{"adcode":513200}}