{"children":[],"adcode":513221,"name":"汶川县","center":[103.580675,31.47463],"centroid":[103.288219,31.162761],"childrenNum":0,"level":"district","acroutes":[100000,510000,513200],"parent":{"adcode":513200}}