{"children":[],"adcode":513227,"name":"小金县","center":[102.363193,30.999016],"centroid":[102.469247,31.129073],"childrenNum":0,"level":"district","acroutes":[100000,510000,513200],"parent":{"adcode":513200}}