{"children":[],"adcode":513335,"name":"巴塘县","center":[99.109037,30.005723],"centroid":[99.303896,29.902531],"childrenNum":0,"level":"district","acroutes":[100000,510000,513300],"parent":{"adcode":513300}}