{"children":[],"adcode":513336,"name":"乡城县","center":[99.799943,28.930855],"centroid":[99.73518,29.106046],"childrenNum":0,"level":"district","acroutes":[100000,510000,513300],"parent":{"adcode":513300}}