{"children":[],"adcode":513337,"name":"稻城县","center":[100.296689,29.037544],"centroid":[100.22484,28.82965],"childrenNum":0,"level":"district","acroutes":[100000,510000,513300],"parent":{"adcode":513300}}