{"children":[],"adcode":513324,"name":"九龙县","center":[101.506942,29.001975],"centroid":[101.628507,28.912736],"childrenNum":0,"level":"district","acroutes":[100000,510000,513300],"parent":{"adcode":513300}}