{"children":[],"adcode":513327,"name":"炉霍县","center":[100.679495,31.392674],"centroid":[100.66631,31.48305],"childrenNum":0,"level":"district","acroutes":[100000,510000,513300],"parent":{"adcode":513300}}