{"children":[],"adcode":513333,"name":"色达县","center":[100.331657,32.268777],"centroid":[100.210879,32.345263],"childrenNum":0,"level":"district","acroutes":[100000,510000,513300],"parent":{"adcode":513300}}