{"children":[],"adcode":513326,"name":"道孚县","center":[101.123327,30.978767],"centroid":[101.194623,30.88312],"childrenNum":0,"level":"district","acroutes":[100000,510000,513300],"parent":{"adcode":513300}}