{"children":[],"adcode":513334,"name":"理塘县","center":[100.269862,29.991807],"centroid":[100.222804,29.899089],"childrenNum":0,"level":"district","acroutes":[100000,510000,513300],"parent":{"adcode":513300}}