{"children":[],"adcode":513329,"name":"新龙县","center":[100.312094,30.93896],"centroid":[100.247271,30.968386],"childrenNum":0,"level":"district","acroutes":[100000,510000,513300],"parent":{"adcode":513300}}