{"children":[],"adcode":513331,"name":"白玉县","center":[98.824343,31.208805],"centroid":[99.278756,31.03989],"childrenNum":0,"level":"district","acroutes":[100000,510000,513300],"parent":{"adcode":513300}}