{"children":[],"adcode":513338,"name":"得荣县","center":[99.288036,28.71134],"centroid":[99.319747,28.730876],"childrenNum":0,"level":"district","acroutes":[100000,510000,513300],"parent":{"adcode":513300}}