{"children":[],"adcode":513328,"name":"甘孜县","center":[99.991753,31.61975],"centroid":[99.769377,32.052674],"childrenNum":0,"level":"district","acroutes":[100000,510000,513300],"parent":{"adcode":513300}}