{"children":[],"adcode":513322,"name":"泸定县","center":[102.233225,29.912482],"centroid":[102.112796,29.74223],"childrenNum":0,"level":"district","acroutes":[100000,510000,513300],"parent":{"adcode":513300}}