{"children":[],"adcode":513301,"name":"康定市","center":[101.964057,30.050738],"centroid":[101.747501,29.958079],"childrenNum":0,"level":"district","acroutes":[100000,510000,513300],"parent":{"adcode":513300}}