{"children":[],"adcode":513323,"name":"丹巴县","center":[101.886125,30.877083],"centroid":[101.762082,30.944888],"childrenNum":0,"level":"district","acroutes":[100000,510000,513300],"parent":{"adcode":513300}}