{"children":[],"adcode":513325,"name":"雅江县","center":[101.015735,30.03225],"centroid":[100.969674,29.913058],"childrenNum":0,"level":"district","acroutes":[100000,510000,513300],"parent":{"adcode":513300}}