{"children":[],"adcode":513332,"name":"石渠县","center":[98.100887,32.975302],"centroid":[98.192463,33.193574],"childrenNum":0,"level":"district","acroutes":[100000,510000,513300],"parent":{"adcode":513300}}