{"children":[],"adcode":513330,"name":"德格县","center":[98.57999,31.806729],"centroid":[98.961515,32.058899],"childrenNum":0,"level":"district","acroutes":[100000,510000,513300],"parent":{"adcode":513300}}