{"children":[],"adcode":513423,"name":"盐源县","center":[101.508909,27.423415],"centroid":[101.460183,27.598362],"childrenNum":0,"level":"district","acroutes":[100000,510000,513400],"parent":{"adcode":513400}}