{"children":[],"adcode":513424,"name":"德昌县","center":[102.178845,27.403827],"centroid":[102.185867,27.324481],"childrenNum":0,"level":"district","acroutes":[100000,510000,513400],"parent":{"adcode":513400}}