{"children":[],"adcode":513430,"name":"金阳县","center":[103.248704,27.695916],"centroid":[103.195154,27.698796],"childrenNum":0,"level":"district","acroutes":[100000,510000,513400],"parent":{"adcode":513400}}