{"children":[],"adcode":513426,"name":"会东县","center":[102.578985,26.630713],"centroid":[102.73522,26.567001],"childrenNum":0,"level":"district","acroutes":[100000,510000,513400],"parent":{"adcode":513400}}