{"children":[],"adcode":513422,"name":"木里藏族自治县","center":[101.280184,27.926859],"centroid":[100.947671,28.355149],"childrenNum":0,"level":"district","acroutes":[100000,510000,513400],"parent":{"adcode":513400}}