{"children":[],"adcode":513434,"name":"越西县","center":[102.508875,28.639632],"centroid":[102.620661,28.584567],"childrenNum":0,"level":"district","acroutes":[100000,510000,513400],"parent":{"adcode":513400}}