{"children":[],"adcode":513428,"name":"普格县","center":[102.541082,27.376828],"centroid":[102.5625,27.542706],"childrenNum":0,"level":"district","acroutes":[100000,510000,513400],"parent":{"adcode":513400}}