{"children":[],"adcode":513429,"name":"布拖县","center":[102.808801,27.709062],"centroid":[102.875658,27.594374],"childrenNum":0,"level":"district","acroutes":[100000,510000,513400],"parent":{"adcode":513400}}