{"children":[],"adcode":513435,"name":"甘洛县","center":[102.775924,28.977094],"centroid":[102.758812,28.967755],"childrenNum":0,"level":"district","acroutes":[100000,510000,513400],"parent":{"adcode":513400}}