{"children":[],"adcode":513431,"name":"昭觉县","center":[102.843991,28.010554],"centroid":[102.847347,28.016043],"childrenNum":0,"level":"district","acroutes":[100000,510000,513400],"parent":{"adcode":513400}}