{"children":[],"adcode":513427,"name":"宁南县","center":[102.757374,27.065205],"centroid":[102.708916,27.08552],"childrenNum":0,"level":"district","acroutes":[100000,510000,513400],"parent":{"adcode":513400}}