{"children":[],"adcode":513433,"name":"冕宁县","center":[102.170046,28.550844],"centroid":[102.062468,28.508627],"childrenNum":0,"level":"district","acroutes":[100000,510000,513400],"parent":{"adcode":513400}}