{"children":[],"adcode":513436,"name":"美姑县","center":[103.132007,28.327946],"centroid":[103.094523,28.440281],"childrenNum":0,"level":"district","acroutes":[100000,510000,513400],"parent":{"adcode":513400}}