{"children":[],"adcode":513401,"name":"西昌市","center":[102.258758,27.885786],"centroid":[102.136393,27.858475],"childrenNum":0,"level":"district","acroutes":[100000,510000,513400],"parent":{"adcode":513400}}