{"children":[],"adcode":513432,"name":"喜德县","center":[102.412342,28.305486],"centroid":[102.442684,28.200423],"childrenNum":0,"level":"district","acroutes":[100000,510000,513400],"parent":{"adcode":513400}}