{"children":[],"adcode":513437,"name":"雷波县","center":[103.571584,28.262946],"centroid":[103.497418,28.281946],"childrenNum":0,"level":"district","acroutes":[100000,510000,513400],"parent":{"adcode":513400}}