{"children":[],"adcode":513425,"name":"会理市","center":[102.249548,26.658702],"centroid":[102.255194,26.584177],"childrenNum":0,"level":"district","acroutes":[100000,510000,513400],"parent":{"adcode":513400}}