{"children":[],"adcode":520112,"name":"乌当区","center":[106.762123,26.630928],"centroid":[106.875605,26.754776],"childrenNum":0,"level":"district","acroutes":[100000,520000,520100],"parent":{"adcode":520100}}