{"children":[],"adcode":520123,"name":"修文县","center":[106.599218,26.840672],"centroid":[106.58472,26.927148],"childrenNum":0,"level":"district","acroutes":[100000,520000,520100],"parent":{"adcode":520100}}