{"children":[],"adcode":520115,"name":"观山湖区","center":[106.626323,26.646358],"centroid":[106.55386,26.643557],"childrenNum":0,"level":"district","acroutes":[100000,520000,520100],"parent":{"adcode":520100}}