{"children":[],"adcode":520122,"name":"息烽县","center":[106.737693,27.092665],"centroid":[106.67582,27.146125],"childrenNum":0,"level":"district","acroutes":[100000,520000,520100],"parent":{"adcode":520100}}