{"children":[],"adcode":520102,"name":"南明区","center":[106.715963,26.573743],"centroid":[106.782444,26.543889],"childrenNum":0,"level":"district","acroutes":[100000,520000,520100],"parent":{"adcode":520100}}