{"children":[],"adcode":520121,"name":"开阳县","center":[106.969438,27.056793],"centroid":[107.040806,27.070201],"childrenNum":0,"level":"district","acroutes":[100000,520000,520100],"parent":{"adcode":520100}}