{"children":[],"adcode":520111,"name":"花溪区","center":[106.670791,26.410464],"centroid":[106.657834,26.380219],"childrenNum":0,"level":"district","acroutes":[100000,520000,520100],"parent":{"adcode":520100}}