{"children":[],"adcode":520113,"name":"白云区","center":[106.633037,26.676849],"centroid":[106.685851,26.733517],"childrenNum":0,"level":"district","acroutes":[100000,520000,520100],"parent":{"adcode":520100}}