{"children":[],"adcode":520181,"name":"清镇市","center":[106.470278,26.551289],"centroid":[106.335681,26.684809],"childrenNum":0,"level":"district","acroutes":[100000,520000,520100],"parent":{"adcode":520100}}