{"children":[],"adcode":520103,"name":"云岩区","center":[106.713397,26.58301],"centroid":[106.691916,26.599849],"childrenNum":0,"level":"district","acroutes":[100000,520000,520100],"parent":{"adcode":520100}}