{"children":[],"adcode":520203,"name":"六枝特区","center":[105.474235,26.210662],"centroid":[105.37663,26.231018],"childrenNum":0,"level":"district","acroutes":[100000,520000,520200],"parent":{"adcode":520200}}