{"children":[],"adcode":520281,"name":"盘州市","center":[104.468367,25.706966],"centroid":[104.66076,25.766657],"childrenNum":0,"level":"district","acroutes":[100000,520000,520200],"parent":{"adcode":520200}}