{"children":[],"adcode":520221,"name":"水城区","center":[104.95685,26.540478],"centroid":[104.921515,26.353861],"childrenNum":0,"level":"district","acroutes":[100000,520000,520200],"parent":{"adcode":520200}}