{"children":[],"adcode":520201,"name":"钟山区","center":[104.846244,26.584805],"centroid":[104.903933,26.712904],"childrenNum":0,"level":"district","acroutes":[100000,520000,520200],"parent":{"adcode":520200}}