{"children":[{"adcode":520201,"name":"钟山区","center":[104.846244,26.584805],"centroid":[104.903933,26.712904],"childrenNum":0,"level":"district","parent":{"adcode":520200},"subFeatureIndex":0,"acroutes":[100000,520000,520200]},{"adcode":520203,"name":"六枝特区","center":[105.474235,26.210662],"centroid":[105.37663,26.231018],"childrenNum":0,"level":"district","parent":{"adcode":520200},"subFeatureIndex":1,"acroutes":[100000,520000,520200]},{"adcode":520221,"name":"水城区","center":[104.95685,26.540478],"centroid":[104.921515,26.353861],"childrenNum":0,"level":"district","parent":{"adcode":520200},"subFeatureIndex":2,"acroutes":[100000,520000,520200]},{"adcode":520281,"name":"盘州市","center":[104.468367,25.706966],"centroid":[104.66076,25.766657],"childrenNum":0,"level":"district","parent":{"adcode":520200},"subFeatureIndex":3,"acroutes":[100000,520000,520200]}],"adcode":520200,"name":"六盘水市","center":[104.846743,26.584643],"centroid":[104.89694,26.128029],"childrenNum":4,"level":"city","acroutes":[100000,520000],"parent":{"adcode":520000}}