{"children":[],"adcode":520322,"name":"桐梓县","center":[106.826591,28.131559],"centroid":[106.880334,28.409528],"childrenNum":0,"level":"district","acroutes":[100000,520000,520300],"parent":{"adcode":520300}}