{"children":[],"adcode":520329,"name":"余庆县","center":[107.892566,27.221552],"centroid":[107.701578,27.389186],"childrenNum":0,"level":"district","acroutes":[100000,520000,520300],"parent":{"adcode":520300}}