{"children":[],"adcode":520303,"name":"汇川区","center":[106.937265,27.706626],"centroid":[106.822628,27.860367],"childrenNum":0,"level":"district","acroutes":[100000,520000,520300],"parent":{"adcode":520300}}