{"children":[],"adcode":520326,"name":"务川仡佬族苗族自治县","center":[107.887857,28.521567],"centroid":[107.913632,28.656176],"childrenNum":0,"level":"district","acroutes":[100000,520000,520300],"parent":{"adcode":520300}}