{"children":[],"adcode":520381,"name":"赤水市","center":[105.698116,28.587057],"centroid":[105.916744,28.487671],"childrenNum":0,"level":"district","acroutes":[100000,520000,520300],"parent":{"adcode":520300}}