{"children":[],"adcode":520327,"name":"凤冈县","center":[107.722021,27.960858],"centroid":[107.764615,27.924274],"childrenNum":0,"level":"district","acroutes":[100000,520000,520300],"parent":{"adcode":520300}}