{"children":[],"adcode":520328,"name":"湄潭县","center":[107.485723,27.765839],"centroid":[107.484061,27.756],"childrenNum":0,"level":"district","acroutes":[100000,520000,520300],"parent":{"adcode":520300}}