{"children":[],"adcode":520304,"name":"播州区","center":[106.831668,27.535288],"centroid":[106.815625,27.507382],"childrenNum":0,"level":"district","acroutes":[100000,520000,520300],"parent":{"adcode":520300}}