{"children":[],"adcode":520325,"name":"道真仡佬族苗族自治县","center":[107.605342,28.880088],"centroid":[107.610183,28.927796],"childrenNum":0,"level":"district","acroutes":[100000,520000,520300],"parent":{"adcode":520300}}