{"children":[],"adcode":520382,"name":"仁怀市","center":[106.412476,27.803377],"centroid":[106.34162,27.834213],"childrenNum":0,"level":"district","acroutes":[100000,520000,520300],"parent":{"adcode":520300}}