{"children":[],"adcode":520323,"name":"绥阳县","center":[107.191024,27.951342],"centroid":[107.197555,28.138605],"childrenNum":0,"level":"district","acroutes":[100000,520000,520300],"parent":{"adcode":520300}}