{"children":[],"adcode":520330,"name":"习水县","center":[106.200954,28.327826],"centroid":[106.351195,28.349911],"childrenNum":0,"level":"district","acroutes":[100000,520000,520300],"parent":{"adcode":520300}}