{"children":[],"adcode":520324,"name":"正安县","center":[107.441872,28.550337],"centroid":[107.404912,28.50088],"childrenNum":0,"level":"district","acroutes":[100000,520000,520300],"parent":{"adcode":520300}}