{"children":[],"adcode":520302,"name":"红花岗区","center":[106.943784,27.694395],"centroid":[107.103349,27.71204],"childrenNum":0,"level":"district","acroutes":[100000,520000,520300],"parent":{"adcode":520300}}