{"children":[],"adcode":520423,"name":"镇宁布依族苗族自治县","center":[105.768656,26.056096],"centroid":[105.827135,25.838375],"childrenNum":0,"level":"district","acroutes":[100000,520000,520400],"parent":{"adcode":520400}}