{"children":[],"adcode":520403,"name":"平坝区","center":[106.259942,26.40608],"centroid":[106.285539,26.403465],"childrenNum":0,"level":"district","acroutes":[100000,520000,520400],"parent":{"adcode":520400}}