{"children":[],"adcode":520402,"name":"西秀区","center":[105.946169,26.248323],"centroid":[106.047565,26.190451],"childrenNum":0,"level":"district","acroutes":[100000,520000,520400],"parent":{"adcode":520400}}