{"children":[],"adcode":520425,"name":"紫云苗族布依族自治县","center":[106.084515,25.751567],"centroid":[106.18289,25.695421],"childrenNum":0,"level":"district","acroutes":[100000,520000,520400],"parent":{"adcode":520400}}