{"children":[],"adcode":520422,"name":"普定县","center":[105.745609,26.305794],"centroid":[105.734736,26.339696],"childrenNum":0,"level":"district","acroutes":[100000,520000,520400],"parent":{"adcode":520400}}