{"children":[],"adcode":520424,"name":"关岭布依族苗族自治县","center":[105.618454,25.944248],"centroid":[105.559806,25.857766],"childrenNum":0,"level":"district","acroutes":[100000,520000,520400],"parent":{"adcode":520400}}