{"children":[],"adcode":520523,"name":"金沙县","center":[106.222103,27.459693],"centroid":[106.268426,27.444109],"childrenNum":0,"level":"district","acroutes":[100000,520000,520500],"parent":{"adcode":520500}}