{"children":[],"adcode":520527,"name":"赫章县","center":[104.726438,27.119243],"centroid":[104.631378,27.130432],"childrenNum":0,"level":"district","acroutes":[100000,520000,520500],"parent":{"adcode":520500}}