{"children":[],"adcode":520525,"name":"纳雍县","center":[105.375322,26.769875],"centroid":[105.277844,26.802883],"childrenNum":0,"level":"district","acroutes":[100000,520000,520500],"parent":{"adcode":520500}}