{"children":[],"adcode":520502,"name":"七星关区","center":[105.284852,27.302085],"centroid":[105.326785,27.402622],"childrenNum":0,"level":"district","acroutes":[100000,520000,520500],"parent":{"adcode":520500}}