{"children":[],"adcode":520522,"name":"黔西市","center":[106.038299,27.024923],"centroid":[106.114881,27.0455],"childrenNum":0,"level":"district","acroutes":[100000,520000,520500],"parent":{"adcode":520500}}