{"children":[],"adcode":520526,"name":"威宁彝族回族苗族自治县","center":[104.286523,26.859099],"centroid":[104.131091,26.906238],"childrenNum":0,"level":"district","acroutes":[100000,520000,520500],"parent":{"adcode":520500}}