{"children":[],"adcode":520524,"name":"织金县","center":[105.768997,26.668497],"centroid":[105.785837,26.642775],"childrenNum":0,"level":"district","acroutes":[100000,520000,520500],"parent":{"adcode":520500}}