{"children":[],"adcode":520521,"name":"大方县","center":[105.609254,27.143521],"centroid":[105.687541,27.224706],"childrenNum":0,"level":"district","acroutes":[100000,520000,520500],"parent":{"adcode":520500}}