{"children":[],"adcode":520625,"name":"印江土家族苗族自治县","center":[108.405517,27.997976],"centroid":[108.525417,27.992002],"childrenNum":0,"level":"district","acroutes":[100000,520000,520600],"parent":{"adcode":520600}}