{"children":[],"adcode":520603,"name":"万山区","center":[109.21199,27.51903],"centroid":[109.142839,27.546904],"childrenNum":0,"level":"district","acroutes":[100000,520000,520600],"parent":{"adcode":520600}}