{"children":[],"adcode":520622,"name":"玉屏侗族自治县","center":[108.917882,27.238024],"centroid":[108.98248,27.327778],"childrenNum":0,"level":"district","acroutes":[100000,520000,520600],"parent":{"adcode":520600}}