{"children":[],"adcode":520627,"name":"沿河土家族自治县","center":[108.495746,28.560487],"centroid":[108.33803,28.619745],"childrenNum":0,"level":"district","acroutes":[100000,520000,520600],"parent":{"adcode":520600}}