{"children":[],"adcode":520602,"name":"碧江区","center":[109.192117,27.718745],"centroid":[109.208951,27.716248],"childrenNum":0,"level":"district","acroutes":[100000,520000,520600],"parent":{"adcode":520600}}