{"children":[],"adcode":520624,"name":"思南县","center":[108.255827,27.941331],"centroid":[108.143482,27.844119],"childrenNum":0,"level":"district","acroutes":[100000,520000,520600],"parent":{"adcode":520600}}