{"children":[],"adcode":520626,"name":"德江县","center":[108.117317,28.26094],"centroid":[108.089156,28.259127],"childrenNum":0,"level":"district","acroutes":[100000,520000,520600],"parent":{"adcode":520600}}