{"children":[],"adcode":520628,"name":"松桃苗族自治县","center":[109.202627,28.165419],"centroid":[109.035988,28.122152],"childrenNum":0,"level":"district","acroutes":[100000,520000,520600],"parent":{"adcode":520600}}