{"children":[],"adcode":520623,"name":"石阡县","center":[108.229854,27.519386],"centroid":[108.16185,27.485797],"childrenNum":0,"level":"district","acroutes":[100000,520000,520600],"parent":{"adcode":520600}}