{"children":[],"adcode":520621,"name":"江口县","center":[108.848427,27.691904],"centroid":[108.769409,27.721401],"childrenNum":0,"level":"district","acroutes":[100000,520000,520600],"parent":{"adcode":520600}}