{"children":[],"adcode":522328,"name":"安龙县","center":[105.471498,25.108959],"centroid":[105.373138,25.135185],"childrenNum":0,"level":"district","acroutes":[100000,520000,522300],"parent":{"adcode":522300}}