{"children":[],"adcode":522323,"name":"普安县","center":[104.955347,25.786404],"centroid":[104.993622,25.721679],"childrenNum":0,"level":"district","acroutes":[100000,520000,522300],"parent":{"adcode":522300}}