{"children":[],"adcode":522301,"name":"兴义市","center":[104.897982,25.088599],"centroid":[104.851329,24.996565],"childrenNum":0,"level":"district","acroutes":[100000,520000,522300],"parent":{"adcode":522300}}