{"children":[],"adcode":522327,"name":"册亨县","center":[105.81241,24.983338],"centroid":[105.831341,24.918062],"childrenNum":0,"level":"district","acroutes":[100000,520000,522300],"parent":{"adcode":522300}}