{"children":[],"adcode":522325,"name":"贞丰县","center":[105.650133,25.385752],"centroid":[105.686901,25.416997],"childrenNum":0,"level":"district","acroutes":[100000,520000,522300],"parent":{"adcode":522300}}