{"children":[],"adcode":522302,"name":"兴仁市","center":[105.192778,25.431378],"centroid":[105.271994,25.49555],"childrenNum":0,"level":"district","acroutes":[100000,520000,522300],"parent":{"adcode":522300}}