{"children":[],"adcode":522324,"name":"晴隆县","center":[105.218773,25.832881],"centroid":[105.201903,25.835222],"childrenNum":0,"level":"district","acroutes":[100000,520000,522300],"parent":{"adcode":522300}}