{"children":[],"adcode":522326,"name":"望谟县","center":[106.091563,25.166667],"centroid":[106.166103,25.22716],"childrenNum":0,"level":"district","acroutes":[100000,520000,522300],"parent":{"adcode":522300}}