{"children":[],"adcode":522629,"name":"剑河县","center":[108.440499,26.727349],"centroid":[108.668206,26.650559],"childrenNum":0,"level":"district","acroutes":[100000,520000,522600],"parent":{"adcode":522600}}