{"children":[],"adcode":522628,"name":"锦屏县","center":[109.20252,26.680625],"centroid":[109.126379,26.559254],"childrenNum":0,"level":"district","acroutes":[100000,520000,522600],"parent":{"adcode":522600}}