{"children":[],"adcode":522623,"name":"施秉县","center":[108.12678,27.034657],"centroid":[108.149478,27.063842],"childrenNum":0,"level":"district","acroutes":[100000,520000,522600],"parent":{"adcode":522600}}