{"children":[],"adcode":522627,"name":"天柱县","center":[109.212798,26.909684],"centroid":[109.246946,26.921402],"childrenNum":0,"level":"district","acroutes":[100000,520000,522600],"parent":{"adcode":522600}}