{"children":[],"adcode":522630,"name":"台江县","center":[108.314637,26.669138],"centroid":[108.302641,26.639027],"childrenNum":0,"level":"district","acroutes":[100000,520000,522600],"parent":{"adcode":522600}}