{"children":[],"adcode":522631,"name":"黎平县","center":[109.136504,26.230636],"centroid":[109.06652,26.15095],"childrenNum":0,"level":"district","acroutes":[100000,520000,522600],"parent":{"adcode":522600}}