{"children":[],"adcode":522626,"name":"岑巩县","center":[108.816459,27.173244],"centroid":[108.698193,27.358444],"childrenNum":0,"level":"district","acroutes":[100000,520000,522600],"parent":{"adcode":522600}}