{"children":[],"adcode":522634,"name":"雷山县","center":[108.079613,26.381027],"centroid":[108.145834,26.339054],"childrenNum":0,"level":"district","acroutes":[100000,520000,522600],"parent":{"adcode":522600}}