{"children":[],"adcode":522622,"name":"黄平县","center":[107.901337,26.896973],"centroid":[107.861767,26.947233],"childrenNum":0,"level":"district","acroutes":[100000,520000,522600],"parent":{"adcode":522600}}