{"children":[],"adcode":522635,"name":"麻江县","center":[107.593172,26.494803],"centroid":[107.577738,26.444559],"childrenNum":0,"level":"district","acroutes":[100000,520000,522600],"parent":{"adcode":522600}}