{"children":[],"adcode":522633,"name":"从江县","center":[108.912648,25.747058],"centroid":[108.722995,25.713287],"childrenNum":0,"level":"district","acroutes":[100000,520000,522600],"parent":{"adcode":522600}}