{"children":[],"adcode":522624,"name":"三穗县","center":[108.681121,26.959884],"centroid":[108.755667,26.934383],"childrenNum":0,"level":"district","acroutes":[100000,520000,522600],"parent":{"adcode":522600}}