{"children":[],"adcode":522625,"name":"镇远县","center":[108.423656,27.050233],"centroid":[108.467787,27.115635],"childrenNum":0,"level":"district","acroutes":[100000,520000,522600],"parent":{"adcode":522600}}