{"children":[],"adcode":522632,"name":"榕江县","center":[108.521026,25.931085],"centroid":[108.412384,26.03085],"childrenNum":0,"level":"district","acroutes":[100000,520000,522600],"parent":{"adcode":522600}}