{"children":[],"adcode":522601,"name":"凯里市","center":[107.977541,26.582964],"centroid":[107.906876,26.609113],"childrenNum":0,"level":"district","acroutes":[100000,520000,522600],"parent":{"adcode":522600}}