{"children":[],"adcode":522636,"name":"丹寨县","center":[107.794808,26.199497],"centroid":[107.925108,26.22461],"childrenNum":0,"level":"district","acroutes":[100000,520000,522600],"parent":{"adcode":522600}}