{"children":[],"adcode":522702,"name":"福泉市","center":[107.513508,26.702508],"centroid":[107.485875,26.771622],"childrenNum":0,"level":"district","acroutes":[100000,520000,522700],"parent":{"adcode":522700}}