{"children":[],"adcode":522726,"name":"独山县","center":[107.542757,25.826283],"centroid":[107.557555,25.630225],"childrenNum":0,"level":"district","acroutes":[100000,520000,522700],"parent":{"adcode":522700}}