{"children":[],"adcode":522727,"name":"平塘县","center":[107.32405,25.831803],"centroid":[107.10723,25.783963],"childrenNum":0,"level":"district","acroutes":[100000,520000,522700],"parent":{"adcode":522700}}