{"children":[],"adcode":522729,"name":"长顺县","center":[106.447376,26.022116],"centroid":[106.398233,25.994911],"childrenNum":0,"level":"district","acroutes":[100000,520000,522700],"parent":{"adcode":522700}}