{"children":[],"adcode":522725,"name":"瓮安县","center":[107.478417,27.066339],"centroid":[107.415043,27.16651],"childrenNum":0,"level":"district","acroutes":[100000,520000,522700],"parent":{"adcode":522700}}