{"children":[],"adcode":522732,"name":"三都水族自治县","center":[107.87747,25.985183],"centroid":[107.950017,25.846399],"childrenNum":0,"level":"district","acroutes":[100000,520000,522700],"parent":{"adcode":522700}}