{"children":[],"adcode":522701,"name":"都匀市","center":[107.517021,26.258205],"centroid":[107.471383,26.146038],"childrenNum":0,"level":"district","acroutes":[100000,520000,522700],"parent":{"adcode":522700}}