{"children":[],"adcode":522730,"name":"龙里县","center":[106.977733,26.448809],"centroid":[106.990086,26.500703],"childrenNum":0,"level":"district","acroutes":[100000,520000,522700],"parent":{"adcode":522700}}