{"children":[],"adcode":522722,"name":"荔波县","center":[107.8838,25.412239],"centroid":[107.923071,25.395142],"childrenNum":0,"level":"district","acroutes":[100000,520000,522700],"parent":{"adcode":522700}}