{"children":[],"adcode":522731,"name":"惠水县","center":[106.657848,26.128637],"centroid":[106.716953,25.977497],"childrenNum":0,"level":"district","acroutes":[100000,520000,522700],"parent":{"adcode":522700}}