{"children":[],"adcode":522728,"name":"罗甸县","center":[106.750006,25.429894],"centroid":[106.703946,25.413196],"childrenNum":0,"level":"district","acroutes":[100000,520000,522700],"parent":{"adcode":522700}}