{"children":[],"adcode":522723,"name":"贵定县","center":[107.233588,26.580807],"centroid":[107.19864,26.426891],"childrenNum":0,"level":"district","acroutes":[100000,520000,522700],"parent":{"adcode":522700}}