{"children":[],"adcode":530114,"name":"呈贡区","center":[102.801382,24.889275],"centroid":[102.855526,24.864324],"childrenNum":0,"level":"district","acroutes":[100000,530000,530100],"parent":{"adcode":530100}}