{"children":[],"adcode":530125,"name":"宜良县","center":[103.145989,24.918215],"centroid":[103.192653,24.941304],"childrenNum":0,"level":"district","acroutes":[100000,530000,530100],"parent":{"adcode":530100}}