{"children":[],"adcode":530181,"name":"安宁市","center":[102.485544,24.921785],"centroid":[102.384499,24.844772],"childrenNum":0,"level":"district","acroutes":[100000,530000,530100],"parent":{"adcode":530100}}