{"children":[],"adcode":530102,"name":"五华区","center":[102.704412,25.042165],"centroid":[102.668802,25.164859],"childrenNum":0,"level":"district","acroutes":[100000,530000,530100],"parent":{"adcode":530100}}