{"children":[],"adcode":530112,"name":"西山区","center":[102.705904,25.02436],"centroid":[102.557795,24.974944],"childrenNum":0,"level":"district","acroutes":[100000,530000,530100],"parent":{"adcode":530100}}