{"children":[],"adcode":530124,"name":"富民县","center":[102.497888,25.219667],"centroid":[102.561496,25.360662],"childrenNum":0,"level":"district","acroutes":[100000,530000,530100],"parent":{"adcode":530100}}