{"children":[],"adcode":530115,"name":"晋宁区","center":[102.594987,24.666944],"centroid":[102.57727,24.607357],"childrenNum":0,"level":"district","acroutes":[100000,530000,530100],"parent":{"adcode":530100}}