{"children":[],"adcode":530111,"name":"官渡区","center":[102.723437,25.021211],"centroid":[102.886044,25.058335],"childrenNum":0,"level":"district","acroutes":[100000,530000,530100],"parent":{"adcode":530100}}