{"children":[],"adcode":530127,"name":"嵩明县","center":[103.038777,25.335087],"centroid":[103.096579,25.295154],"childrenNum":0,"level":"district","acroutes":[100000,530000,530100],"parent":{"adcode":530100}}