{"children":[],"adcode":530126,"name":"石林彝族自治县","center":[103.271962,24.754545],"centroid":[103.418596,24.740927],"childrenNum":0,"level":"district","acroutes":[100000,530000,530100],"parent":{"adcode":530100}}