{"children":[],"adcode":530129,"name":"寻甸回族彝族自治县","center":[103.257588,25.559474],"centroid":[103.121371,25.660614],"childrenNum":0,"level":"district","acroutes":[100000,530000,530100],"parent":{"adcode":530100}}