{"children":[],"adcode":530113,"name":"东川区","center":[103.182,26.08349],"centroid":[103.071677,26.134075],"childrenNum":0,"level":"district","acroutes":[100000,530000,530100],"parent":{"adcode":530100}}