{"children":[],"adcode":530128,"name":"禄劝彝族苗族自治县","center":[102.46905,25.556533],"centroid":[102.586627,25.937806],"childrenNum":0,"level":"district","acroutes":[100000,530000,530100],"parent":{"adcode":530100}}