{"children":[],"adcode":530103,"name":"盘龙区","center":[102.729044,25.070239],"centroid":[102.827207,25.266924],"childrenNum":0,"level":"district","acroutes":[100000,530000,530100],"parent":{"adcode":530100}}