{"children":[],"adcode":530323,"name":"师宗县","center":[103.993808,24.825681],"centroid":[104.12248,24.673538],"childrenNum":0,"level":"district","acroutes":[100000,530000,530300],"parent":{"adcode":530300}}