{"children":[],"adcode":530324,"name":"罗平县","center":[104.309263,24.885708],"centroid":[104.342086,24.977497],"childrenNum":0,"level":"district","acroutes":[100000,530000,530300],"parent":{"adcode":530300}}