{"children":[],"adcode":530381,"name":"宣威市","center":[104.09554,26.227777],"centroid":[104.145497,26.269802],"childrenNum":0,"level":"district","acroutes":[100000,530000,530300],"parent":{"adcode":530300}}