{"children":[],"adcode":530326,"name":"会泽县","center":[103.300041,26.412861],"centroid":[103.462167,26.455869],"childrenNum":0,"level":"district","acroutes":[100000,530000,530300],"parent":{"adcode":530300}}