{"children":[],"adcode":530302,"name":"麒麟区","center":[103.798054,25.501269],"centroid":[103.90748,25.356809],"childrenNum":0,"level":"district","acroutes":[100000,530000,530300],"parent":{"adcode":530300}}