{"children":[],"adcode":530304,"name":"马龙区","center":[103.578755,25.429451],"centroid":[103.507087,25.363437],"childrenNum":0,"level":"district","acroutes":[100000,530000,530300],"parent":{"adcode":530300}}