{"children":[],"adcode":530303,"name":"沾益区","center":[103.819262,25.600878],"centroid":[103.838781,25.781916],"childrenNum":0,"level":"district","acroutes":[100000,530000,530300],"parent":{"adcode":530300}}