{"children":[],"adcode":530325,"name":"富源县","center":[104.25692,25.67064],"centroid":[104.361058,25.461272],"childrenNum":0,"level":"district","acroutes":[100000,530000,530300],"parent":{"adcode":530300}}