{"children":[],"adcode":530322,"name":"陆良县","center":[103.655233,25.022878],"centroid":[103.702389,25.032976],"childrenNum":0,"level":"district","acroutes":[100000,530000,530300],"parent":{"adcode":530300}}