{"children":[],"adcode":530428,"name":"元江哈尼族彝族傣族自治县","center":[101.999658,23.597618],"centroid":[102.011136,23.578713],"childrenNum":0,"level":"district","acroutes":[100000,530000,530400],"parent":{"adcode":530400}}