{"children":[],"adcode":530481,"name":"澄江市","center":[102.916652,24.669679],"centroid":[102.939309,24.670443],"childrenNum":0,"level":"district","acroutes":[100000,530000,530400],"parent":{"adcode":530400}}