{"children":[],"adcode":530423,"name":"通海县","center":[102.760039,24.112205],"centroid":[102.704475,24.110701],"childrenNum":0,"level":"district","acroutes":[100000,530000,530400],"parent":{"adcode":530400}}