{"children":[],"adcode":530426,"name":"峨山彝族自治县","center":[102.404358,24.173256],"centroid":[102.213284,24.240099],"childrenNum":0,"level":"district","acroutes":[100000,530000,530400],"parent":{"adcode":530400}}