{"children":[],"adcode":530427,"name":"新平彝族傣族自治县","center":[101.990903,24.0664],"centroid":[101.7329,24.023079],"childrenNum":0,"level":"district","acroutes":[100000,530000,530400],"parent":{"adcode":530400}}