{"children":[],"adcode":530424,"name":"华宁县","center":[102.928982,24.189807],"centroid":[102.992119,24.278175],"childrenNum":0,"level":"district","acroutes":[100000,530000,530400],"parent":{"adcode":530400}}