{"children":[],"adcode":530402,"name":"红塔区","center":[102.543468,24.350753],"centroid":[102.493172,24.363709],"childrenNum":0,"level":"district","acroutes":[100000,530000,530400],"parent":{"adcode":530400}}