{"children":[],"adcode":530403,"name":"江川区","center":[102.749839,24.291006],"centroid":[102.762811,24.351402],"childrenNum":0,"level":"district","acroutes":[100000,530000,530400],"parent":{"adcode":530400}}