{"children":[],"adcode":530425,"name":"易门县","center":[102.16211,24.669598],"centroid":[102.115166,24.689397],"childrenNum":0,"level":"district","acroutes":[100000,530000,530400],"parent":{"adcode":530400}}