{"children":[],"adcode":530524,"name":"昌宁县","center":[99.612344,24.823662],"centroid":[99.586416,24.752741],"childrenNum":0,"level":"district","acroutes":[100000,530000,530500],"parent":{"adcode":530500}}