{"children":[],"adcode":530523,"name":"龙陵县","center":[98.693567,24.591912],"centroid":[98.837889,24.493095],"childrenNum":0,"level":"district","acroutes":[100000,530000,530500],"parent":{"adcode":530500}}