{"children":[],"adcode":530581,"name":"腾冲市","center":[98.497292,25.01757],"centroid":[98.49543,25.272715],"childrenNum":0,"level":"district","acroutes":[100000,530000,530500],"parent":{"adcode":530500}}