{"children":[],"adcode":530521,"name":"施甸县","center":[99.183758,24.730847],"centroid":[99.153001,24.652661],"childrenNum":0,"level":"district","acroutes":[100000,530000,530500],"parent":{"adcode":530500}}