{"children":[],"adcode":530502,"name":"隆阳区","center":[99.165825,25.112144],"centroid":[99.064528,25.199957],"childrenNum":0,"level":"district","acroutes":[100000,530000,530500],"parent":{"adcode":530500}}