{"children":[],"adcode":530681,"name":"水富市","center":[104.415376,28.629688],"centroid":[104.221254,28.505032],"childrenNum":0,"level":"district","acroutes":[100000,530000,530600],"parent":{"adcode":530600}}