{"children":[],"adcode":530628,"name":"彝良县","center":[104.048492,27.627425],"centroid":[104.234937,27.625277],"childrenNum":0,"level":"district","acroutes":[100000,530000,530600],"parent":{"adcode":530600}}