{"children":[],"adcode":530623,"name":"盐津县","center":[104.23506,28.106923],"centroid":[104.223782,28.124632],"childrenNum":0,"level":"district","acroutes":[100000,530000,530600],"parent":{"adcode":530600}}