{"children":[],"adcode":530602,"name":"昭阳区","center":[103.717267,27.336636],"centroid":[103.610527,27.424072],"childrenNum":0,"level":"district","acroutes":[100000,530000,530600],"parent":{"adcode":530600}}