{"children":[],"adcode":530624,"name":"大关县","center":[103.891608,27.747114],"centroid":[103.905461,27.898787],"childrenNum":0,"level":"district","acroutes":[100000,530000,530600],"parent":{"adcode":530600}}