{"children":[],"adcode":530621,"name":"鲁甸县","center":[103.549333,27.191637],"centroid":[103.420438,27.207184],"childrenNum":0,"level":"district","acroutes":[100000,530000,530600],"parent":{"adcode":530600}}