{"children":[],"adcode":530629,"name":"威信县","center":[105.04869,27.843381],"centroid":[105.043777,27.885568],"childrenNum":0,"level":"district","acroutes":[100000,530000,530600],"parent":{"adcode":530600}}