{"children":[],"adcode":530627,"name":"镇雄县","center":[104.873055,27.436267],"centroid":[104.827357,27.563185],"childrenNum":0,"level":"district","acroutes":[100000,530000,530600],"parent":{"adcode":530600}}