{"children":[],"adcode":530625,"name":"永善县","center":[103.63732,28.231526],"centroid":[103.647601,27.949974],"childrenNum":0,"level":"district","acroutes":[100000,530000,530600],"parent":{"adcode":530600}}