{"children":[],"adcode":530626,"name":"绥江县","center":[103.961095,28.599953],"centroid":[104.007818,28.532874],"childrenNum":0,"level":"district","acroutes":[100000,530000,530600],"parent":{"adcode":530600}}