{"children":[],"adcode":530622,"name":"巧家县","center":[102.929284,26.9117],"centroid":[103.123112,27.002163],"childrenNum":0,"level":"district","acroutes":[100000,530000,530600],"parent":{"adcode":530600}}