{"children":[],"adcode":530721,"name":"玉龙纳西族自治县","center":[100.238312,26.830593],"childrenNum":0,"level":"district","acroutes":[100000,530000,530700],"parent":{"adcode":530700}}