{"children":[],"adcode":530722,"name":"永胜县","center":[100.750901,26.685623],"centroid":[100.698844,26.485493],"childrenNum":0,"level":"district","acroutes":[100000,530000,530700],"parent":{"adcode":530700}}