{"children":[],"adcode":530702,"name":"古城区","center":[100.234412,26.872229],"centroid":[100.324243,26.864646],"childrenNum":0,"level":"district","acroutes":[100000,530000,530700],"parent":{"adcode":530700}}