{"children":[],"adcode":530723,"name":"华坪县","center":[101.267796,26.628834],"centroid":[101.244045,26.640458],"childrenNum":0,"level":"district","acroutes":[100000,530000,530700],"parent":{"adcode":530700}}