{"children":[],"adcode":530724,"name":"宁蒗彝族自治县","center":[100.852427,27.281109],"centroid":[100.770953,27.260698],"childrenNum":0,"level":"district","acroutes":[100000,530000,530700],"parent":{"adcode":530700}}