{"children":[],"adcode":530829,"name":"西盟佤族自治县","center":[99.594372,22.644423],"centroid":[99.510673,22.693953],"childrenNum":0,"level":"district","acroutes":[100000,530000,530800],"parent":{"adcode":530800}}