{"children":[],"adcode":530826,"name":"江城哈尼族彝族自治县","center":[101.859144,22.58336],"centroid":[101.787531,22.620513],"childrenNum":0,"level":"district","acroutes":[100000,530000,530800],"parent":{"adcode":530800}}