{"children":[],"adcode":530821,"name":"宁洱哈尼族彝族自治县","center":[101.04524,23.062507],"centroid":[101.189269,23.094253],"childrenNum":0,"level":"district","acroutes":[100000,530000,530800],"parent":{"adcode":530800}}