{"children":[],"adcode":530802,"name":"思茅区","center":[100.973227,22.776595],"centroid":[100.848518,22.732947],"childrenNum":0,"level":"district","acroutes":[100000,530000,530800],"parent":{"adcode":530800}}