{"children":[],"adcode":530827,"name":"孟连傣族拉祜族佤族自治县","center":[99.585406,22.325924],"centroid":[99.470437,22.288793],"childrenNum":0,"level":"district","acroutes":[100000,530000,530800],"parent":{"adcode":530800}}