{"children":[],"adcode":530823,"name":"景东彝族自治县","center":[100.840011,24.448523],"centroid":[100.791333,24.392193],"childrenNum":0,"level":"district","acroutes":[100000,530000,530800],"parent":{"adcode":530800}}