{"children":[],"adcode":530824,"name":"景谷傣族彝族自治县","center":[100.701425,23.500278],"centroid":[100.557969,23.363562],"childrenNum":0,"level":"district","acroutes":[100000,530000,530800],"parent":{"adcode":530800}}