{"children":[],"adcode":530828,"name":"澜沧拉祜族自治县","center":[99.931201,22.553083],"centroid":[99.975786,22.662293],"childrenNum":0,"level":"district","acroutes":[100000,530000,530800],"parent":{"adcode":530800}}