{"children":[],"adcode":530822,"name":"墨江哈尼族自治县","center":[101.687606,23.428165],"centroid":[101.549578,23.357476],"childrenNum":0,"level":"district","acroutes":[100000,530000,530800],"parent":{"adcode":530800}}