{"children":[],"adcode":530825,"name":"镇沅彝族哈尼族拉祜族自治县","center":[101.108512,24.005712],"centroid":[100.975476,23.942634],"childrenNum":0,"level":"district","acroutes":[100000,530000,530800],"parent":{"adcode":530800}}