{"children":[],"adcode":530926,"name":"耿马傣族佤族自治县","center":[99.402495,23.534579],"centroid":[99.424852,23.638198],"childrenNum":0,"level":"district","acroutes":[100000,530000,530900],"parent":{"adcode":530900}}