{"children":[],"adcode":530922,"name":"云县","center":[100.125637,24.439026],"centroid":[100.228076,24.320177],"childrenNum":0,"level":"district","acroutes":[100000,530000,530900],"parent":{"adcode":530900}}