{"children":[],"adcode":530923,"name":"永德县","center":[99.253679,24.028159],"centroid":[99.420248,24.083704],"childrenNum":0,"level":"district","acroutes":[100000,530000,530900],"parent":{"adcode":530900}}