{"children":[],"adcode":530927,"name":"沧源佤族自治县","center":[99.2474,23.146887],"centroid":[99.263543,23.269841],"childrenNum":0,"level":"district","acroutes":[100000,530000,530900],"parent":{"adcode":530900}}