{"children":[],"adcode":530902,"name":"临翔区","center":[100.086486,23.886562],"centroid":[100.132871,23.842644],"childrenNum":0,"level":"district","acroutes":[100000,530000,530900],"parent":{"adcode":530900}}