{"children":[],"adcode":530921,"name":"凤庆县","center":[99.91871,24.592738],"centroid":[99.915278,24.604465],"childrenNum":0,"level":"district","acroutes":[100000,530000,530900],"parent":{"adcode":530900}}