{"children":[],"adcode":530925,"name":"双江拉祜族佤族布朗族傣族自治县","center":[99.824419,23.477476],"centroid":[99.876713,23.46552],"childrenNum":0,"level":"district","acroutes":[100000,530000,530900],"parent":{"adcode":530900}}