{"children":[],"adcode":530924,"name":"镇康县","center":[98.82743,23.761415],"centroid":[98.997293,23.896411],"childrenNum":0,"level":"district","acroutes":[100000,530000,530900],"parent":{"adcode":530900}}