{"children":[],"adcode":532322,"name":"双柏县","center":[101.63824,24.685094],"centroid":[101.634901,24.529928],"childrenNum":0,"level":"district","acroutes":[100000,530000,532300],"parent":{"adcode":532300}}