{"children":[],"adcode":532329,"name":"武定县","center":[102.406785,25.5301],"centroid":[102.194802,25.724932],"childrenNum":0,"level":"district","acroutes":[100000,530000,532300],"parent":{"adcode":532300}}