{"children":[],"adcode":532328,"name":"元谋县","center":[101.870837,25.703313],"centroid":[101.863986,25.776215],"childrenNum":0,"level":"district","acroutes":[100000,530000,532300],"parent":{"adcode":532300}}