{"children":[],"adcode":532301,"name":"楚雄市","center":[101.546145,25.040912],"centroid":[101.321931,24.874184],"childrenNum":0,"level":"district","acroutes":[100000,530000,532300],"parent":{"adcode":532300}}