{"children":[],"adcode":532324,"name":"南华县","center":[101.274991,25.192408],"centroid":[101.030946,25.097831],"childrenNum":0,"level":"district","acroutes":[100000,530000,532300],"parent":{"adcode":532300}}