{"children":[],"adcode":532326,"name":"大姚县","center":[101.323602,25.722348],"centroid":[101.236763,25.941624],"childrenNum":0,"level":"district","acroutes":[100000,530000,532300],"parent":{"adcode":532300}}