{"children":[],"adcode":532331,"name":"禄丰市","center":[102.075694,25.14327],"centroid":[102.019286,25.17944],"childrenNum":0,"level":"district","acroutes":[100000,530000,532300],"parent":{"adcode":532300}}