{"children":[],"adcode":532327,"name":"永仁县","center":[101.671175,26.056316],"centroid":[101.55435,26.13843],"childrenNum":0,"level":"district","acroutes":[100000,530000,532300],"parent":{"adcode":532300}}