{"children":[],"adcode":532325,"name":"姚安县","center":[101.238399,25.505403],"centroid":[101.203974,25.511369],"childrenNum":0,"level":"district","acroutes":[100000,530000,532300],"parent":{"adcode":532300}}