{"children":[],"adcode":532323,"name":"牟定县","center":[101.543044,25.312111],"centroid":[101.590112,25.401491],"childrenNum":0,"level":"district","acroutes":[100000,530000,532300],"parent":{"adcode":532300}}