{"children":[],"adcode":532529,"name":"红河县","center":[102.42121,23.369191],"centroid":[102.235013,23.244348],"childrenNum":0,"level":"district","acroutes":[100000,530000,532500],"parent":{"adcode":532500}}