{"children":[],"adcode":532527,"name":"泸西县","center":[103.759622,24.532368],"centroid":[103.7762,24.512135],"childrenNum":0,"level":"district","acroutes":[100000,530000,532500],"parent":{"adcode":532500}}