{"children":[],"adcode":532504,"name":"弥勒市","center":[103.436988,24.40837],"centroid":[103.38346,24.21932],"childrenNum":0,"level":"district","acroutes":[100000,530000,532500],"parent":{"adcode":532500}}