{"children":[],"adcode":532501,"name":"个旧市","center":[103.154752,23.360383],"centroid":[103.129049,23.319278],"childrenNum":0,"level":"district","acroutes":[100000,530000,532500],"parent":{"adcode":532500}}