{"children":[],"adcode":532525,"name":"石屏县","center":[102.484469,23.712569],"centroid":[102.446462,23.73971],"childrenNum":0,"level":"district","acroutes":[100000,530000,532500],"parent":{"adcode":532500}}