{"children":[],"adcode":532532,"name":"河口瑶族自治县","center":[103.961593,22.507563],"centroid":[103.815949,22.782287],"childrenNum":0,"level":"district","acroutes":[100000,530000,532500],"parent":{"adcode":532500}}