{"children":[],"adcode":532528,"name":"元阳县","center":[102.837056,23.219773],"centroid":[102.812357,23.063235],"childrenNum":0,"level":"district","acroutes":[100000,530000,532500],"parent":{"adcode":532500}}