{"children":[],"adcode":532530,"name":"金平苗族瑶族傣族自治县","center":[103.228359,22.779982],"centroid":[103.095706,22.776325],"childrenNum":0,"level":"district","acroutes":[100000,530000,532500],"parent":{"adcode":532500}}