{"children":[],"adcode":532524,"name":"建水县","center":[102.820493,23.618387],"centroid":[102.883021,23.677184],"childrenNum":0,"level":"district","acroutes":[100000,530000,532500],"parent":{"adcode":532500}}