{"children":[],"adcode":532523,"name":"屏边苗族自治县","center":[103.687229,22.987013],"centroid":[103.742207,23.097221],"childrenNum":0,"level":"district","acroutes":[100000,530000,532500],"parent":{"adcode":532500}}