{"children":[],"adcode":532531,"name":"绿春县","center":[102.39286,22.99352],"centroid":[102.238852,22.873403],"childrenNum":0,"level":"district","acroutes":[100000,530000,532500],"parent":{"adcode":532500}}