{"children":[],"adcode":532502,"name":"开远市","center":[103.258679,23.713832],"centroid":[103.393708,23.722967],"childrenNum":0,"level":"district","acroutes":[100000,530000,532500],"parent":{"adcode":532500}}