{"children":[],"adcode":532503,"name":"蒙自市","center":[103.385005,23.366843],"centroid":[103.486761,23.331805],"childrenNum":0,"level":"district","acroutes":[100000,530000,532500],"parent":{"adcode":532500}}