{"children":[],"adcode":532625,"name":"马关县","center":[104.398619,23.011723],"centroid":[104.263043,22.950345],"childrenNum":0,"level":"district","acroutes":[100000,530000,532600],"parent":{"adcode":532600}}