{"children":[],"adcode":532624,"name":"麻栗坡县","center":[104.701899,23.124202],"centroid":[104.896605,23.220433],"childrenNum":0,"level":"district","acroutes":[100000,530000,532600],"parent":{"adcode":532600}}