{"children":[],"adcode":532627,"name":"广南县","center":[105.056684,24.050272],"centroid":[104.998966,23.962978],"childrenNum":0,"level":"district","acroutes":[100000,530000,532600],"parent":{"adcode":532600}}