{"children":[],"adcode":532601,"name":"文山市","center":[104.244277,23.369216],"centroid":[104.083844,23.394664],"childrenNum":0,"level":"district","acroutes":[100000,530000,532600],"parent":{"adcode":532600}}