{"children":[],"adcode":532626,"name":"丘北县","center":[104.194366,24.040982],"centroid":[104.103703,24.121397],"childrenNum":0,"level":"district","acroutes":[100000,530000,532600],"parent":{"adcode":532600}}