{"children":[],"adcode":532623,"name":"西畴县","center":[104.675711,23.437439],"centroid":[104.680698,23.35806],"childrenNum":0,"level":"district","acroutes":[100000,530000,532600],"parent":{"adcode":532600}}