{"children":[],"adcode":532622,"name":"砚山县","center":[104.343989,23.612301],"centroid":[104.245163,23.681758],"childrenNum":0,"level":"district","acroutes":[100000,530000,532600],"parent":{"adcode":532600}}