{"children":[],"adcode":532628,"name":"富宁县","center":[105.62856,23.626494],"centroid":[105.744163,23.704748],"childrenNum":0,"level":"district","acroutes":[100000,530000,532600],"parent":{"adcode":532600}}