{"children":[{"adcode":532801,"name":"景洪市","center":[100.797947,22.002087],"centroid":[100.919188,22.106119],"childrenNum":0,"level":"district","parent":{"adcode":532800},"subFeatureIndex":0,"acroutes":[100000,530000,532800]},{"adcode":532822,"name":"勐海县","center":[100.448288,21.955866],"centroid":[100.330463,21.954341],"childrenNum":0,"level":"district","parent":{"adcode":532800},"subFeatureIndex":1,"acroutes":[100000,530000,532800]},{"adcode":532823,"name":"勐腊县","center":[101.567051,21.479449],"centroid":[101.452664,21.73283],"childrenNum":0,"level":"district","parent":{"adcode":532800},"subFeatureIndex":2,"acroutes":[100000,530000,532800]}],"adcode":532800,"name":"西双版纳傣族自治州","center":[100.797941,22.001724],"centroid":[100.94391,21.930146],"childrenNum":3,"level":"city","acroutes":[100000,530000],"parent":{"adcode":530000}}