{"children":[],"adcode":532823,"name":"勐腊县","center":[101.567051,21.479449],"centroid":[101.452664,21.73283],"childrenNum":0,"level":"district","acroutes":[100000,530000,532800],"parent":{"adcode":532800}}