{"children":[],"adcode":532801,"name":"景洪市","center":[100.797947,22.002087],"centroid":[100.919188,22.106119],"childrenNum":0,"level":"district","acroutes":[100000,530000,532800],"parent":{"adcode":532800}}