{"children":[],"adcode":532822,"name":"勐海县","center":[100.448288,21.955866],"centroid":[100.330463,21.954341],"childrenNum":0,"level":"district","acroutes":[100000,530000,532800],"parent":{"adcode":532800}}