{"children":[],"adcode":532927,"name":"巍山彝族回族自治县","center":[100.30793,25.230909],"centroid":[100.171926,25.241401],"childrenNum":0,"level":"district","acroutes":[100000,530000,532900],"parent":{"adcode":532900}}