{"children":[],"adcode":532901,"name":"大理市","center":[100.241369,25.593067],"centroid":[100.210651,25.742713],"childrenNum":0,"level":"district","acroutes":[100000,530000,532900],"parent":{"adcode":532900}}