{"children":[],"adcode":532929,"name":"云龙县","center":[99.369402,25.884955],"centroid":[99.30672,25.888941],"childrenNum":0,"level":"district","acroutes":[100000,530000,532900],"parent":{"adcode":532900}}