{"children":[],"adcode":532924,"name":"宾川县","center":[100.578957,25.825904],"centroid":[100.620732,25.870548],"childrenNum":0,"level":"district","acroutes":[100000,530000,532900],"parent":{"adcode":532900}}