{"children":[],"adcode":532931,"name":"剑川县","center":[99.905887,26.530066],"centroid":[99.743872,26.432863],"childrenNum":0,"level":"district","acroutes":[100000,530000,532900],"parent":{"adcode":532900}}