{"children":[],"adcode":532923,"name":"祥云县","center":[100.554025,25.477072],"centroid":[100.770499,25.511025],"childrenNum":0,"level":"district","acroutes":[100000,530000,532900],"parent":{"adcode":532900}}