{"children":[],"adcode":532930,"name":"洱源县","center":[99.951708,26.111184],"centroid":[99.865431,26.081036],"childrenNum":0,"level":"district","acroutes":[100000,530000,532900],"parent":{"adcode":532900}}