{"children":[],"adcode":532928,"name":"永平县","center":[99.533536,25.461281],"centroid":[99.594572,25.368345],"childrenNum":0,"level":"district","acroutes":[100000,530000,532900],"parent":{"adcode":532900}}