{"children":[],"adcode":532926,"name":"南涧彝族自治县","center":[100.518683,25.041279],"centroid":[100.417648,24.896922],"childrenNum":0,"level":"district","acroutes":[100000,530000,532900],"parent":{"adcode":532900}}