{"children":[],"adcode":532925,"name":"弥渡县","center":[100.490669,25.342594],"centroid":[100.57391,25.185751],"childrenNum":0,"level":"district","acroutes":[100000,530000,532900],"parent":{"adcode":532900}}