{"children":[],"adcode":532932,"name":"鹤庆县","center":[100.173375,26.55839],"centroid":[100.271207,26.331477],"childrenNum":0,"level":"district","acroutes":[100000,530000,532900],"parent":{"adcode":532900}}