{"children":[],"adcode":532922,"name":"漾濞彝族自治县","center":[99.95797,25.669543],"centroid":[99.891787,25.599587],"childrenNum":0,"level":"district","acroutes":[100000,530000,532900],"parent":{"adcode":532900}}