{"children":[],"adcode":533123,"name":"盈江县","center":[97.93393,24.709541],"centroid":[97.915459,24.856253],"childrenNum":0,"level":"district","acroutes":[100000,530000,533100],"parent":{"adcode":533100}}