{"children":[],"adcode":533124,"name":"陇川县","center":[97.794441,24.184065],"centroid":[97.960438,24.376342],"childrenNum":0,"level":"district","acroutes":[100000,530000,533100],"parent":{"adcode":533100}}