{"children":[],"adcode":533103,"name":"芒市","center":[98.577608,24.436699],"centroid":[98.420786,24.323371],"childrenNum":0,"level":"district","acroutes":[100000,530000,533100],"parent":{"adcode":533100}}