{"children":[],"adcode":533122,"name":"梁河县","center":[98.298196,24.80742],"centroid":[98.316237,24.738018],"childrenNum":0,"level":"district","acroutes":[100000,530000,533100],"parent":{"adcode":533100}}