{"children":[],"adcode":533102,"name":"瑞丽市","center":[97.855883,24.010734],"centroid":[97.804552,24.031838],"childrenNum":0,"level":"district","acroutes":[100000,530000,533100],"parent":{"adcode":533100}}