{"children":[],"adcode":533324,"name":"贡山独龙族怒族自治县","center":[98.666141,27.738054],"centroid":[98.502139,27.88516],"childrenNum":0,"level":"district","acroutes":[100000,530000,533300],"parent":{"adcode":533300}}