{"children":[],"adcode":533323,"name":"福贡县","center":[98.867413,26.902738],"centroid":[98.862181,26.989503],"childrenNum":0,"level":"district","acroutes":[100000,530000,533300],"parent":{"adcode":533300}}