{"children":[],"adcode":533325,"name":"兰坪白族普米族自治县","center":[99.421378,26.453839],"centroid":[99.258253,26.626382],"childrenNum":0,"level":"district","acroutes":[100000,530000,533300],"parent":{"adcode":533300}}