{"children":[],"adcode":533301,"name":"泸水市","center":[98.854063,25.851142],"centroid":[98.855991,26.059559],"childrenNum":0,"level":"district","acroutes":[100000,530000,533300],"parent":{"adcode":533300}}