{"children":[{"adcode":533301,"name":"泸水市","center":[98.854063,25.851142],"centroid":[98.855991,26.059559],"childrenNum":0,"level":"district","parent":{"adcode":533300},"subFeatureIndex":0,"acroutes":[100000,530000,533300]},{"adcode":533323,"name":"福贡县","center":[98.867413,26.902738],"centroid":[98.862181,26.989503],"childrenNum":0,"level":"district","parent":{"adcode":533300},"subFeatureIndex":1,"acroutes":[100000,530000,533300]},{"adcode":533324,"name":"贡山独龙族怒族自治县","center":[98.666141,27.738054],"centroid":[98.502139,27.88516],"childrenNum":0,"level":"district","parent":{"adcode":533300},"subFeatureIndex":2,"acroutes":[100000,530000,533300]},{"adcode":533325,"name":"兰坪白族普米族自治县","center":[99.421378,26.453839],"centroid":[99.258253,26.626382],"childrenNum":0,"level":"district","parent":{"adcode":533300},"subFeatureIndex":3,"acroutes":[100000,530000,533300]}],"adcode":533300,"name":"怒江傈僳族自治州","center":[98.854304,25.850949],"centroid":[98.868904,26.962444],"childrenNum":4,"level":"city","acroutes":[100000,530000],"parent":{"adcode":530000}}