{"children":[{"adcode":533401,"name":"香格里拉市","center":[99.708667,27.825804],"centroid":[99.822449,27.902251],"childrenNum":0,"level":"district","parent":{"adcode":533400},"subFeatureIndex":0,"acroutes":[100000,530000,533400]},{"adcode":533422,"name":"德钦县","center":[98.91506,28.483272],"centroid":[99.02354,28.350704],"childrenNum":0,"level":"district","parent":{"adcode":533400},"subFeatureIndex":1,"acroutes":[100000,530000,533400]},{"adcode":533423,"name":"维西傈僳族自治县","center":[99.286355,27.180948],"centroid":[99.146705,27.442421],"childrenNum":0,"level":"district","parent":{"adcode":533400},"subFeatureIndex":2,"acroutes":[100000,530000,533400]}],"adcode":533400,"name":"迪庆藏族自治州","center":[99.706463,27.826853],"centroid":[99.440026,27.956929],"childrenNum":3,"level":"city","acroutes":[100000,530000],"parent":{"adcode":530000}}