{"children":[],"adcode":533401,"name":"香格里拉市","center":[99.708667,27.825804],"centroid":[99.822449,27.902251],"childrenNum":0,"level":"district","acroutes":[100000,530000,533400],"parent":{"adcode":533400}}