{"children":[],"adcode":533423,"name":"维西傈僳族自治县","center":[99.286355,27.180948],"centroid":[99.146705,27.442421],"childrenNum":0,"level":"district","acroutes":[100000,530000,533400],"parent":{"adcode":533400}}