{"children":[],"adcode":533422,"name":"德钦县","center":[98.91506,28.483272],"centroid":[99.02354,28.350704],"childrenNum":0,"level":"district","acroutes":[100000,530000,533400],"parent":{"adcode":533400}}