{"children":[],"adcode":540124,"name":"曲水县","center":[90.738051,29.349895],"centroid":[90.705378,29.438569],"childrenNum":0,"level":"district","acroutes":[100000,540000,540100],"parent":{"adcode":540100}}