{"children":[],"adcode":540121,"name":"林周县","center":[91.261842,29.895754],"centroid":[91.343553,30.112365],"childrenNum":0,"level":"district","acroutes":[100000,540000,540100],"parent":{"adcode":540100}}