{"children":[],"adcode":540127,"name":"墨竹工卡县","center":[91.731158,29.834657],"centroid":[92.026909,29.910067],"childrenNum":0,"level":"district","acroutes":[100000,540000,540100],"parent":{"adcode":540100}}