{"children":[],"adcode":540122,"name":"当雄县","center":[91.103551,30.474819],"centroid":[90.883319,30.418793],"childrenNum":0,"level":"district","acroutes":[100000,540000,540100],"parent":{"adcode":540100}}