{"children":[],"adcode":540123,"name":"尼木县","center":[90.165545,29.431346],"centroid":[90.087816,29.59647],"childrenNum":0,"level":"district","acroutes":[100000,540000,540100],"parent":{"adcode":540100}}