{"children":[],"adcode":540103,"name":"堆龙德庆区","center":[91.002823,29.647347],"centroid":[90.789741,29.802076],"childrenNum":0,"level":"district","acroutes":[100000,540000,540100],"parent":{"adcode":540100}}