{"children":[],"adcode":540104,"name":"达孜区","center":[91.350976,29.670314],"centroid":[91.466881,29.740597],"childrenNum":0,"level":"district","acroutes":[100000,540000,540100],"parent":{"adcode":540100}}