{"children":[],"adcode":540102,"name":"城关区","center":[91.132911,29.659472],"centroid":[91.161888,29.660642],"childrenNum":0,"level":"district","acroutes":[100000,540000,540100],"parent":{"adcode":540100}}