{"children":[],"adcode":540237,"name":"岗巴县","center":[88.518903,28.274371],"centroid":[88.565972,28.309025],"childrenNum":0,"level":"district","acroutes":[100000,540000,540200],"parent":{"adcode":540200}}