{"children":[],"adcode":540227,"name":"谢通门县","center":[88.260517,29.431597],"centroid":[88.075375,29.909197],"childrenNum":0,"level":"district","acroutes":[100000,540000,540200],"parent":{"adcode":540200}}