{"children":[],"adcode":540228,"name":"白朗县","center":[89.263618,29.106627],"centroid":[89.098067,28.811026],"childrenNum":0,"level":"district","acroutes":[100000,540000,540200],"parent":{"adcode":540200}}