{"children":[],"adcode":540221,"name":"南木林县","center":[89.099434,29.680459],"centroid":[89.374655,29.809477],"childrenNum":0,"level":"district","acroutes":[100000,540000,540200],"parent":{"adcode":540200}}