{"children":[],"adcode":540236,"name":"萨嘎县","center":[85.234622,29.328194],"centroid":[85.076198,29.397676],"childrenNum":0,"level":"district","acroutes":[100000,540000,540200],"parent":{"adcode":540200}}