{"children":[],"adcode":540231,"name":"定结县","center":[87.767723,28.36409],"centroid":[87.90725,28.230479],"childrenNum":0,"level":"district","acroutes":[100000,540000,540200],"parent":{"adcode":540200}}