{"children":[],"adcode":540233,"name":"亚东县","center":[88.906806,27.482772],"centroid":[89.073416,27.808115],"childrenNum":0,"level":"district","acroutes":[100000,540000,540200],"parent":{"adcode":540200}}