{"children":[],"adcode":540234,"name":"吉隆县","center":[85.298349,28.852416],"centroid":[85.299167,28.86175],"childrenNum":0,"level":"district","acroutes":[100000,540000,540200],"parent":{"adcode":540200}}