{"children":[],"adcode":540230,"name":"康马县","center":[89.683406,28.554719],"centroid":[89.646821,28.437105],"childrenNum":0,"level":"district","acroutes":[100000,540000,540200],"parent":{"adcode":540200}}