{"children":[],"adcode":540223,"name":"定日县","center":[87.123887,28.656667],"centroid":[86.993064,28.47135],"childrenNum":0,"level":"district","acroutes":[100000,540000,540200],"parent":{"adcode":540200}}