{"children":[],"adcode":540229,"name":"仁布县","center":[89.843207,29.230299],"centroid":[89.969367,29.217633],"childrenNum":0,"level":"district","acroutes":[100000,540000,540200],"parent":{"adcode":540200}}