{"children":[],"adcode":540222,"name":"江孜县","center":[89.605044,28.908845],"centroid":[89.663374,28.903864],"childrenNum":0,"level":"district","acroutes":[100000,540000,540200],"parent":{"adcode":540200}}