{"children":[],"adcode":540202,"name":"桑珠孜区","center":[88.88667,29.267003],"centroid":[88.951233,29.261615],"childrenNum":0,"level":"district","acroutes":[100000,540000,540200],"parent":{"adcode":540200}}