{"children":[],"adcode":540232,"name":"仲巴县","center":[84.032826,29.768336],"centroid":[83.656298,30.478688],"childrenNum":0,"level":"district","acroutes":[100000,540000,540200],"parent":{"adcode":540200}}