{"children":[],"adcode":540226,"name":"昂仁县","center":[87.23578,29.294758],"centroid":[86.647755,29.914846],"childrenNum":0,"level":"district","acroutes":[100000,540000,540200],"parent":{"adcode":540200}}