{"children":[],"adcode":540225,"name":"拉孜县","center":[87.63743,29.085136],"centroid":[87.851517,29.172171],"childrenNum":0,"level":"district","acroutes":[100000,540000,540200],"parent":{"adcode":540200}}