{"children":[],"adcode":540235,"name":"聂拉木县","center":[85.981953,28.15595],"centroid":[86.060205,28.592979],"childrenNum":0,"level":"district","acroutes":[100000,540000,540200],"parent":{"adcode":540200}}