{"children":[],"adcode":540224,"name":"萨迦县","center":[88.023007,28.901077],"centroid":[88.342235,28.847156],"childrenNum":0,"level":"district","acroutes":[100000,540000,540200],"parent":{"adcode":540200}}