{"children":[],"adcode":540325,"name":"察雅县","center":[97.565701,30.653038],"centroid":[97.840509,30.581063],"childrenNum":0,"level":"district","acroutes":[100000,540000,540300],"parent":{"adcode":540300}}