{"children":[],"adcode":540328,"name":"芒康县","center":[98.596444,29.686615],"centroid":[98.61533,29.614572],"childrenNum":0,"level":"district","acroutes":[100000,540000,540300],"parent":{"adcode":540300}}