{"children":[],"adcode":540330,"name":"边坝县","center":[94.707504,30.933849],"centroid":[94.594782,30.885255],"childrenNum":0,"level":"district","acroutes":[100000,540000,540300],"parent":{"adcode":540300}}