{"children":[],"adcode":540302,"name":"卡若区","center":[97.178255,31.137035],"centroid":[97.238019,31.442572],"childrenNum":0,"level":"district","acroutes":[100000,540000,540300],"parent":{"adcode":540300}}