{"children":[],"adcode":540321,"name":"江达县","center":[98.218351,31.499534],"centroid":[98.035567,31.803633],"childrenNum":0,"level":"district","acroutes":[100000,540000,540300],"parent":{"adcode":540300}}