{"children":[],"adcode":540322,"name":"贡觉县","center":[98.271191,30.859206],"centroid":[98.488712,30.741403],"childrenNum":0,"level":"district","acroutes":[100000,540000,540300],"parent":{"adcode":540300}}