{"children":[],"adcode":540324,"name":"丁青县","center":[95.597748,31.410681],"centroid":[95.315823,31.665971],"childrenNum":0,"level":"district","acroutes":[100000,540000,540300],"parent":{"adcode":540300}}