{"children":[],"adcode":540327,"name":"左贡县","center":[97.840532,29.671335],"centroid":[97.801161,29.557968],"childrenNum":0,"level":"district","acroutes":[100000,540000,540300],"parent":{"adcode":540300}}