{"children":[],"adcode":540323,"name":"类乌齐县","center":[96.601259,31.213048],"centroid":[96.403052,31.427845],"childrenNum":0,"level":"district","acroutes":[100000,540000,540300],"parent":{"adcode":540300}}