{"children":[],"adcode":540329,"name":"洛隆县","center":[95.823418,30.741947],"centroid":[95.907566,30.731554],"childrenNum":0,"level":"district","acroutes":[100000,540000,540300],"parent":{"adcode":540300}}