{"children":[],"adcode":540326,"name":"八宿县","center":[96.917893,30.053408],"centroid":[96.876855,30.158147],"childrenNum":0,"level":"district","acroutes":[100000,540000,540300],"parent":{"adcode":540300}}