{"children":[],"adcode":540402,"name":"巴宜区","center":[94.360987,29.653732],"centroid":[94.375395,29.77645],"childrenNum":0,"level":"district","acroutes":[100000,540000,540400],"parent":{"adcode":540400}}