{"children":[],"adcode":540425,"name":"察隅县","center":[97.465002,28.660244],"centroid":[97.057384,28.677849],"childrenNum":0,"level":"district","acroutes":[100000,540000,540400],"parent":{"adcode":540400}}