{"children":[],"adcode":540422,"name":"米林县","center":[94.213679,29.213811],"centroid":[94.010229,29.242149],"childrenNum":0,"level":"district","acroutes":[100000,540000,540400],"parent":{"adcode":540400}}