{"children":[],"adcode":540423,"name":"墨脱县","center":[95.332245,29.32573],"centroid":[95.003154,28.723177],"childrenNum":0,"level":"district","acroutes":[100000,540000,540400],"parent":{"adcode":540400}}