{"children":[],"adcode":540424,"name":"波密县","center":[95.768151,29.858771],"centroid":[95.549302,30.11911],"childrenNum":0,"level":"district","acroutes":[100000,540000,540400],"parent":{"adcode":540400}}