{"children":[],"adcode":540421,"name":"工布江达县","center":[93.246515,29.88447],"centroid":[93.236424,30.018359],"childrenNum":0,"level":"district","acroutes":[100000,540000,540400],"parent":{"adcode":540400}}