{"children":[],"adcode":540426,"name":"朗县","center":[93.073429,29.0446],"centroid":[93.101244,28.956601],"childrenNum":0,"level":"district","acroutes":[100000,540000,540400],"parent":{"adcode":540400}}