{"children":[],"adcode":540529,"name":"隆子县","center":[92.463309,28.408548],"centroid":[92.909324,28.479415],"childrenNum":0,"level":"district","acroutes":[100000,540000,540500],"parent":{"adcode":540500}}