{"children":[],"adcode":540524,"name":"琼结县","center":[91.683753,29.025242],"centroid":[91.606651,29.004637],"childrenNum":0,"level":"district","acroutes":[100000,540000,540500],"parent":{"adcode":540500}}