{"children":[],"adcode":540527,"name":"洛扎县","center":[90.858243,28.385765],"centroid":[90.864498,28.210277],"childrenNum":0,"level":"district","acroutes":[100000,540000,540500],"parent":{"adcode":540500}}