{"children":[],"adcode":540526,"name":"措美县","center":[91.432347,28.437353],"centroid":[91.509911,28.568785],"childrenNum":0,"level":"district","acroutes":[100000,540000,540500],"parent":{"adcode":540500}}