{"children":[],"adcode":540530,"name":"错那县","center":[91.960132,27.991707],"centroid":[92.894626,27.668694],"childrenNum":0,"level":"district","acroutes":[100000,540000,540500],"parent":{"adcode":540500}}