{"children":[],"adcode":540502,"name":"乃东区","center":[91.76525,29.236106],"centroid":[91.821003,29.211316],"childrenNum":0,"level":"district","acroutes":[100000,540000,540500],"parent":{"adcode":540500}}