{"children":[],"adcode":540531,"name":"浪卡子县","center":[90.398747,28.96836],"centroid":[90.629251,28.754609],"childrenNum":0,"level":"district","acroutes":[100000,540000,540500],"parent":{"adcode":540500}}