{"children":[],"adcode":540525,"name":"曲松县","center":[92.201066,29.063656],"centroid":[92.201588,28.94519],"childrenNum":0,"level":"district","acroutes":[100000,540000,540500],"parent":{"adcode":540500}}