{"children":[],"adcode":540523,"name":"桑日县","center":[92.015732,29.259774],"centroid":[92.223521,29.399917],"childrenNum":0,"level":"district","acroutes":[100000,540000,540500],"parent":{"adcode":540500}}