{"children":[],"adcode":540521,"name":"扎囊县","center":[91.338,29.246476],"centroid":[91.397787,29.273171],"childrenNum":0,"level":"district","acroutes":[100000,540000,540500],"parent":{"adcode":540500}}