{"children":[],"adcode":540522,"name":"贡嘎县","center":[90.985271,29.289078],"centroid":[90.935059,29.207781],"childrenNum":0,"level":"district","acroutes":[100000,540000,540500],"parent":{"adcode":540500}}