{"children":[],"adcode":540528,"name":"加查县","center":[92.591043,29.140921],"centroid":[92.713289,29.285457],"childrenNum":0,"level":"district","acroutes":[100000,540000,540500],"parent":{"adcode":540500}}