{"children":[],"adcode":540621,"name":"嘉黎县","center":[93.232907,30.640846],"centroid":[92.957862,30.662988],"childrenNum":0,"level":"district","acroutes":[100000,540000,540600],"parent":{"adcode":540600}}