{"children":[],"adcode":540627,"name":"班戈县","center":[90.011822,31.394578],"centroid":[90.115694,31.213967],"childrenNum":0,"level":"district","acroutes":[100000,540000,540600],"parent":{"adcode":540600}}