{"children":[],"adcode":540623,"name":"聂荣县","center":[92.303659,32.107855],"centroid":[92.636171,32.244104],"childrenNum":0,"level":"district","acroutes":[100000,540000,540600],"parent":{"adcode":540600}}