{"children":[],"adcode":540629,"name":"尼玛县","center":[87.236646,31.784979],"centroid":[86.618496,32.503905],"childrenNum":0,"level":"district","acroutes":[100000,540000,540600],"parent":{"adcode":540600}}