{"children":[],"adcode":540624,"name":"安多县","center":[91.681879,32.260299],"childrenNum":0,"level":"district","acroutes":[100000,540000,540600],"parent":{"adcode":540600}}