{"children":[],"adcode":540630,"name":"双湖县","center":[88.838578,33.18698],"centroid":[88.232824,34.10539],"childrenNum":0,"level":"district","acroutes":[100000,540000,540600],"parent":{"adcode":540600}}