{"children":[],"adcode":540622,"name":"比如县","center":[93.68044,31.479917],"centroid":[93.48801,31.4412],"childrenNum":0,"level":"district","acroutes":[100000,540000,540600],"parent":{"adcode":540600}}