{"children":[],"adcode":540602,"name":"色尼区","center":[92.061862,31.475756],"centroid":[92.027886,31.246783],"childrenNum":0,"level":"district","acroutes":[100000,540000,540600],"parent":{"adcode":540600}}