{"children":[],"adcode":540626,"name":"索县","center":[93.784964,31.886173],"centroid":[94.312261,31.583785],"childrenNum":0,"level":"district","acroutes":[100000,540000,540600],"parent":{"adcode":540600}}