{"children":[],"adcode":540625,"name":"申扎县","center":[88.709777,30.929056],"centroid":[88.725971,31.029477],"childrenNum":0,"level":"district","acroutes":[100000,540000,540600],"parent":{"adcode":540600}}