{"children":[],"adcode":540628,"name":"巴青县","center":[94.054049,31.918691],"centroid":[94.029233,32.192762],"childrenNum":0,"level":"district","acroutes":[100000,540000,540600],"parent":{"adcode":540600}}