{"children":[],"adcode":542527,"name":"措勤县","center":[85.159254,31.016774],"centroid":[85.203353,30.743152],"childrenNum":0,"level":"district","acroutes":[100000,540000,542500],"parent":{"adcode":542500}}