{"children":[],"adcode":542522,"name":"札达县","center":[79.803191,31.478587],"centroid":[79.546637,31.548029],"childrenNum":0,"level":"district","acroutes":[100000,540000,542500],"parent":{"adcode":542500}}