{"children":[],"adcode":542524,"name":"日土县","center":[79.731937,33.382454],"centroid":[80.711959,33.977869],"childrenNum":0,"level":"district","acroutes":[100000,540000,542500],"parent":{"adcode":542500}}