{"children":[],"adcode":542521,"name":"普兰县","center":[81.177588,30.291896],"centroid":[81.523891,30.632623],"childrenNum":0,"level":"district","acroutes":[100000,540000,542500],"parent":{"adcode":542500}}