{"children":[],"adcode":542525,"name":"革吉县","center":[81.142896,32.389192],"centroid":[82.056432,32.038998],"childrenNum":0,"level":"district","acroutes":[100000,540000,542500],"parent":{"adcode":542500}}