{"children":[],"adcode":542523,"name":"噶尔县","center":[80.105005,32.503373],"centroid":[80.309759,31.999793],"childrenNum":0,"level":"district","acroutes":[100000,540000,542500],"parent":{"adcode":542500}}