{"children":[],"adcode":542526,"name":"改则县","center":[84.062384,32.302076],"centroid":[84.277714,33.834313],"childrenNum":0,"level":"district","acroutes":[100000,540000,542500],"parent":{"adcode":542500}}