{"children":[],"adcode":610111,"name":"灞桥区","center":[109.067261,34.267453],"centroid":[109.093723,34.303958],"childrenNum":0,"level":"district","acroutes":[100000,610000,610100],"parent":{"adcode":610100}}