{"children":[],"adcode":610122,"name":"蓝田县","center":[109.317634,34.156189],"centroid":[109.416922,34.094783],"childrenNum":0,"level":"district","acroutes":[100000,610000,610100],"parent":{"adcode":610100}}