{"children":[],"adcode":610113,"name":"雁塔区","center":[108.926593,34.213389],"centroid":[108.933051,34.210269],"childrenNum":0,"level":"district","acroutes":[100000,610000,610100],"parent":{"adcode":610100}}