{"children":[],"adcode":610104,"name":"莲湖区","center":[108.933194,34.2656],"centroid":[108.90115,34.270687],"childrenNum":0,"level":"district","acroutes":[100000,610000,610100],"parent":{"adcode":610100}}