{"children":[],"adcode":610114,"name":"阎良区","center":[109.22802,34.662141],"centroid":[109.297704,34.658283],"childrenNum":0,"level":"district","acroutes":[100000,610000,610100],"parent":{"adcode":610100}}