{"children":[],"adcode":610124,"name":"周至县","center":[108.216465,34.161532],"centroid":[108.11396,33.949561],"childrenNum":0,"level":"district","acroutes":[100000,610000,610100],"parent":{"adcode":610100}}