{"children":[],"adcode":610102,"name":"新城区","center":[108.959903,34.26927],"centroid":[108.991696,34.271932],"childrenNum":0,"level":"district","acroutes":[100000,610000,610100],"parent":{"adcode":610100}}