{"children":[],"adcode":610118,"name":"鄠邑区","center":[108.607385,34.108668],"centroid":[108.585644,33.997967],"childrenNum":0,"level":"district","acroutes":[100000,610000,610100],"parent":{"adcode":610100}}