{"children":[],"adcode":610116,"name":"长安区","center":[108.941579,34.157097],"centroid":[108.934679,34.035934],"childrenNum":0,"level":"district","acroutes":[100000,610000,610100],"parent":{"adcode":610100}}