{"children":[],"adcode":610103,"name":"碑林区","center":[108.946994,34.251061],"centroid":[108.960946,34.246887],"childrenNum":0,"level":"district","acroutes":[100000,610000,610100],"parent":{"adcode":610100}}