{"children":[],"adcode":610115,"name":"临潼区","center":[109.213986,34.372065],"centroid":[109.288094,34.456623],"childrenNum":0,"level":"district","acroutes":[100000,610000,610100],"parent":{"adcode":610100}}