{"children":[],"adcode":610112,"name":"未央区","center":[108.946022,34.30823],"centroid":[108.914984,34.343346],"childrenNum":0,"level":"district","acroutes":[100000,610000,610100],"parent":{"adcode":610100}}