{"children":[],"adcode":610117,"name":"高陵区","center":[109.088896,34.535065],"centroid":[109.067167,34.508031],"childrenNum":0,"level":"district","acroutes":[100000,610000,610100],"parent":{"adcode":610100}}