{"children":[],"adcode":610203,"name":"印台区","center":[109.100814,35.111927],"childrenNum":0,"level":"district","acroutes":[100000,610000,610200],"parent":{"adcode":610200}}