{"children":[],"adcode":610222,"name":"宜君县","center":[109.118278,35.398766],"centroid":[109.19798,35.378879],"childrenNum":0,"level":"district","acroutes":[100000,610000,610200],"parent":{"adcode":610200}}