{"children":[],"adcode":610202,"name":"王益区","center":[109.075862,35.069098],"centroid":[109.066745,35.049881],"childrenNum":0,"level":"district","acroutes":[100000,610000,610200],"parent":{"adcode":610200}}