{"children":[{"adcode":610202,"name":"王益区","center":[109.075862,35.069098],"centroid":[109.066745,35.049881],"childrenNum":0,"level":"district","parent":{"adcode":610200},"subFeatureIndex":0,"acroutes":[100000,610000,610200]},{"adcode":610203,"name":"印台区","center":[109.100814,35.111927],"childrenNum":0,"level":"district","parent":{"adcode":610200},"subFeatureIndex":1,"acroutes":[100000,610000,610200]},{"adcode":610204,"name":"耀州区","center":[108.962538,34.910206],"centroid":[108.835923,35.052451],"childrenNum":0,"level":"district","parent":{"adcode":610200},"subFeatureIndex":2,"acroutes":[100000,610000,610200]},{"adcode":610222,"name":"宜君县","center":[109.118278,35.398766],"centroid":[109.19798,35.378879],"childrenNum":0,"level":"district","parent":{"adcode":610200},"subFeatureIndex":3,"acroutes":[100000,610000,610200]}],"adcode":610200,"name":"铜川市","center":[108.979608,34.916582],"centroid":[109.038368,35.195996],"childrenNum":4,"level":"city","acroutes":[100000,610000],"parent":{"adcode":610000}}