{"children":[],"adcode":610204,"name":"耀州区","center":[108.962538,34.910206],"centroid":[108.835923,35.052451],"childrenNum":0,"level":"district","acroutes":[100000,610000,610200],"parent":{"adcode":610200}}