{"children":[],"adcode":610326,"name":"眉县","center":[107.752371,34.272137],"centroid":[107.82612,34.144908],"childrenNum":0,"level":"district","acroutes":[100000,610000,610300],"parent":{"adcode":610300}}