{"children":[],"adcode":610331,"name":"太白县","center":[107.316533,34.059215],"centroid":[107.414568,33.933641],"childrenNum":0,"level":"district","acroutes":[100000,610000,610300],"parent":{"adcode":610300}}