{"children":[],"adcode":610327,"name":"陇县","center":[106.857066,34.893262],"centroid":[106.76859,34.870838],"childrenNum":0,"level":"district","acroutes":[100000,610000,610300],"parent":{"adcode":610300}}