{"children":[],"adcode":610329,"name":"麟游县","center":[107.796608,34.677714],"centroid":[107.703788,34.779499],"childrenNum":0,"level":"district","acroutes":[100000,610000,610300],"parent":{"adcode":610300}}