{"children":[],"adcode":610323,"name":"岐山县","center":[107.624464,34.44296],"centroid":[107.683743,34.405745],"childrenNum":0,"level":"district","acroutes":[100000,610000,610300],"parent":{"adcode":610300}}