{"children":[],"adcode":610328,"name":"千阳县","center":[107.132987,34.642584],"centroid":[107.171852,34.76077],"childrenNum":0,"level":"district","acroutes":[100000,610000,610300],"parent":{"adcode":610300}}