{"children":[],"adcode":610322,"name":"凤翔区","center":[107.400577,34.521668],"centroid":[107.429834,34.571079],"childrenNum":0,"level":"district","acroutes":[100000,610000,610300],"parent":{"adcode":610300}}