{"children":[],"adcode":610324,"name":"扶风县","center":[107.891419,34.375497],"centroid":[107.914747,34.41266],"childrenNum":0,"level":"district","acroutes":[100000,610000,610300],"parent":{"adcode":610300}}