{"children":[],"adcode":610303,"name":"金台区","center":[107.149943,34.375192],"centroid":[107.090134,34.434537],"childrenNum":0,"level":"district","acroutes":[100000,610000,610300],"parent":{"adcode":610300}}