{"children":[],"adcode":610304,"name":"陈仓区","center":[107.383645,34.352747],"childrenNum":0,"level":"district","acroutes":[100000,610000,610300],"parent":{"adcode":610300}}