{"children":[],"adcode":610302,"name":"渭滨区","center":[107.144467,34.371008],"centroid":[107.11158,34.282242],"childrenNum":0,"level":"district","acroutes":[100000,610000,610300],"parent":{"adcode":610300}}