{"children":[],"adcode":610330,"name":"凤县","center":[106.525212,33.912464],"centroid":[106.759566,33.987775],"childrenNum":0,"level":"district","acroutes":[100000,610000,610300],"parent":{"adcode":610300}}