{"children":[],"adcode":610482,"name":"彬州市","center":[108.083674,35.034233],"centroid":[108.061708,35.045129],"childrenNum":0,"level":"district","acroutes":[100000,610000,610400],"parent":{"adcode":610400}}