{"children":[],"adcode":610425,"name":"礼泉县","center":[108.428317,34.482583],"centroid":[108.475122,34.591973],"childrenNum":0,"level":"district","acroutes":[100000,610000,610400],"parent":{"adcode":610400}}