{"children":[],"adcode":610481,"name":"兴平市","center":[108.488493,34.297134],"centroid":[108.468921,34.301587],"childrenNum":0,"level":"district","acroutes":[100000,610000,610400],"parent":{"adcode":610400}}