{"children":[],"adcode":610402,"name":"秦都区","center":[108.698636,34.329801],"centroid":[108.669386,34.355257],"childrenNum":0,"level":"district","acroutes":[100000,610000,610400],"parent":{"adcode":610400}}