{"children":[],"adcode":610431,"name":"武功县","center":[108.212857,34.259732],"centroid":[108.183939,34.310242],"childrenNum":0,"level":"district","acroutes":[100000,610000,610400],"parent":{"adcode":610400}}