{"children":[],"adcode":610404,"name":"渭城区","center":[108.730957,34.336847],"centroid":[108.794955,34.418084],"childrenNum":0,"level":"district","acroutes":[100000,610000,610400],"parent":{"adcode":610400}}