{"children":[],"adcode":610426,"name":"永寿县","center":[108.143129,34.692619],"centroid":[108.059772,34.571515],"childrenNum":0,"level":"district","acroutes":[100000,610000,610400],"parent":{"adcode":610400}}