{"children":[],"adcode":610430,"name":"淳化县","center":[108.581173,34.79797],"centroid":[108.564423,34.863257],"childrenNum":0,"level":"district","acroutes":[100000,610000,610400],"parent":{"adcode":610400}}