{"children":[],"adcode":610428,"name":"长武县","center":[107.795835,35.206122],"centroid":[107.829612,35.163076],"childrenNum":0,"level":"district","acroutes":[100000,610000,610400],"parent":{"adcode":610400}}