{"children":[],"adcode":610429,"name":"旬邑县","center":[108.337231,35.112234],"centroid":[108.487689,35.210309],"childrenNum":0,"level":"district","acroutes":[100000,610000,610400],"parent":{"adcode":610400}}