{"children":[],"adcode":610422,"name":"三原县","center":[108.943481,34.613996],"centroid":[108.97373,34.697163],"childrenNum":0,"level":"district","acroutes":[100000,610000,610400],"parent":{"adcode":610400}}