{"children":[],"adcode":610403,"name":"杨陵区","center":[108.086348,34.27135],"centroid":[108.044282,34.274893],"childrenNum":0,"level":"district","acroutes":[100000,610000,610400],"parent":{"adcode":610400}}