{"children":[],"adcode":610423,"name":"泾阳县","center":[108.83784,34.528493],"centroid":[108.773246,34.603034],"childrenNum":0,"level":"district","acroutes":[100000,610000,610400],"parent":{"adcode":610400}}