{"children":[],"adcode":610424,"name":"乾县","center":[108.247406,34.527261],"centroid":[108.221928,34.522699],"childrenNum":0,"level":"district","acroutes":[100000,610000,610400],"parent":{"adcode":610400}}