{"children":[],"adcode":610502,"name":"临渭区","center":[109.503299,34.501271],"centroid":[109.557917,34.548377],"childrenNum":0,"level":"district","acroutes":[100000,610000,610500],"parent":{"adcode":610500}}