{"children":[],"adcode":610522,"name":"潼关县","center":[110.24726,34.544515],"centroid":[110.288104,34.502369],"childrenNum":0,"level":"district","acroutes":[100000,610000,610500],"parent":{"adcode":610500}}