{"children":[],"adcode":610524,"name":"合阳县","center":[110.147979,35.237098],"centroid":[110.18589,35.201423],"childrenNum":0,"level":"district","acroutes":[100000,610000,610500],"parent":{"adcode":610500}}