{"children":[],"adcode":610581,"name":"韩城市","center":[110.452391,35.475238],"centroid":[110.38647,35.574189],"childrenNum":0,"level":"district","acroutes":[100000,610000,610500],"parent":{"adcode":610500}}