{"children":[],"adcode":610582,"name":"华阴市","center":[110.08952,34.565359],"centroid":[110.048018,34.522712],"childrenNum":0,"level":"district","acroutes":[100000,610000,610500],"parent":{"adcode":610500}}