{"children":[],"adcode":610528,"name":"富平县","center":[109.187174,34.746679],"centroid":[109.229152,34.873358],"childrenNum":0,"level":"district","acroutes":[100000,610000,610500],"parent":{"adcode":610500}}