{"children":[],"adcode":610526,"name":"蒲城县","center":[109.589653,34.956034],"centroid":[109.621416,34.961865],"childrenNum":0,"level":"district","acroutes":[100000,610000,610500],"parent":{"adcode":610500}}