{"children":[],"adcode":610523,"name":"大荔县","center":[109.943123,34.795011],"centroid":[110.005565,34.792078],"childrenNum":0,"level":"district","acroutes":[100000,610000,610500],"parent":{"adcode":610500}}