{"children":[],"adcode":610527,"name":"白水县","center":[109.594309,35.177291],"centroid":[109.563626,35.265753],"childrenNum":0,"level":"district","acroutes":[100000,610000,610500],"parent":{"adcode":610500}}