{"children":[],"adcode":610503,"name":"华州区","center":[109.76141,34.511958],"centroid":[109.803444,34.406746],"childrenNum":0,"level":"district","acroutes":[100000,610000,610500],"parent":{"adcode":610500}}