{"children":[],"adcode":610525,"name":"澄城县","center":[109.937609,35.184],"centroid":[109.894763,35.216548],"childrenNum":0,"level":"district","acroutes":[100000,610000,610500],"parent":{"adcode":610500}}