{"children":[],"adcode":610630,"name":"宜川县","center":[110.175537,36.050391],"centroid":[110.185479,36.064932],"childrenNum":0,"level":"district","acroutes":[100000,610000,610600],"parent":{"adcode":610600}}