{"children":[],"adcode":610622,"name":"延川县","center":[110.190314,36.882066],"centroid":[110.076908,36.876486],"childrenNum":0,"level":"district","acroutes":[100000,610000,610600],"parent":{"adcode":610600}}