{"children":[],"adcode":610681,"name":"子长市","center":[109.675968,37.14207],"centroid":[109.61502,37.225842],"childrenNum":0,"level":"district","acroutes":[100000,610000,610600],"parent":{"adcode":610600}}