{"children":[],"adcode":610626,"name":"吴起县","center":[108.176976,36.924852],"centroid":[108.121599,36.979119],"childrenNum":0,"level":"district","acroutes":[100000,610000,610600],"parent":{"adcode":610600}}