{"children":[],"adcode":610629,"name":"洛川县","center":[109.435712,35.762133],"centroid":[109.555491,35.738441],"childrenNum":0,"level":"district","acroutes":[100000,610000,610600],"parent":{"adcode":610600}}