{"children":[],"adcode":610628,"name":"富县","center":[109.384136,35.996495],"centroid":[109.039085,36.015633],"childrenNum":0,"level":"district","acroutes":[100000,610000,610600],"parent":{"adcode":610600}}