{"children":[],"adcode":610625,"name":"志丹县","center":[108.768898,36.823031],"centroid":[108.655732,36.746356],"childrenNum":0,"level":"district","acroutes":[100000,610000,610600],"parent":{"adcode":610600}}