{"children":[],"adcode":610603,"name":"安塞区","center":[109.325341,36.86441],"centroid":[109.164305,36.920833],"childrenNum":0,"level":"district","acroutes":[100000,610000,610600],"parent":{"adcode":610600}}