{"children":[],"adcode":610627,"name":"甘泉县","center":[109.34961,36.277729],"centroid":[109.17879,36.347263],"childrenNum":0,"level":"district","acroutes":[100000,610000,610600],"parent":{"adcode":610600}}