{"children":[],"adcode":610632,"name":"黄陵县","center":[109.262469,35.580165],"centroid":[108.945565,35.6228],"childrenNum":0,"level":"district","acroutes":[100000,610000,610600],"parent":{"adcode":610600}}