{"children":[],"adcode":610602,"name":"宝塔区","center":[109.49069,36.596291],"centroid":[109.642834,36.571006],"childrenNum":0,"level":"district","acroutes":[100000,610000,610600],"parent":{"adcode":610600}}