{"children":[],"adcode":610631,"name":"黄龙县","center":[109.83502,35.583276],"centroid":[109.938098,35.696653],"childrenNum":0,"level":"district","acroutes":[100000,610000,610600],"parent":{"adcode":610600}}