{"children":[],"adcode":610621,"name":"延长县","center":[110.012961,36.578306],"centroid":[110.131082,36.537032],"childrenNum":0,"level":"district","acroutes":[100000,610000,610600],"parent":{"adcode":610600}}