{"children":[],"adcode":610730,"name":"佛坪县","center":[107.988582,33.520745],"centroid":[107.923214,33.542377],"childrenNum":0,"level":"district","acroutes":[100000,610000,610700],"parent":{"adcode":610700}}