{"children":[],"adcode":610722,"name":"城固县","center":[107.329887,33.153098],"centroid":[107.255361,33.218514],"childrenNum":0,"level":"district","acroutes":[100000,610000,610700],"parent":{"adcode":610700}}