{"children":[],"adcode":610729,"name":"留坝县","center":[106.924377,33.61334],"centroid":[106.955828,33.608009],"childrenNum":0,"level":"district","acroutes":[100000,610000,610700],"parent":{"adcode":610700}}