{"children":[],"adcode":610726,"name":"宁强县","center":[106.25739,32.830806],"centroid":[106.137049,32.906732],"childrenNum":0,"level":"district","acroutes":[100000,610000,610700],"parent":{"adcode":610700}}