{"children":[],"adcode":610727,"name":"略阳县","center":[106.153899,33.329638],"centroid":[106.156482,33.377184],"childrenNum":0,"level":"district","acroutes":[100000,610000,610700],"parent":{"adcode":610700}}