{"children":[],"adcode":610702,"name":"汉台区","center":[107.028233,33.077674],"centroid":[107.038163,33.183051],"childrenNum":0,"level":"district","acroutes":[100000,610000,610700],"parent":{"adcode":610700}}