{"children":[],"adcode":610724,"name":"西乡县","center":[107.765858,32.987961],"centroid":[107.746461,32.887127],"childrenNum":0,"level":"district","acroutes":[100000,610000,610700],"parent":{"adcode":610700}}