{"children":[],"adcode":610725,"name":"勉县","center":[106.680175,33.155618],"centroid":[106.658007,33.238796],"childrenNum":0,"level":"district","acroutes":[100000,610000,610700],"parent":{"adcode":610700}}