{"children":[],"adcode":610703,"name":"南郑区","center":[106.942393,33.003341],"centroid":[106.967343,32.805403],"childrenNum":0,"level":"district","acroutes":[100000,610000,610700],"parent":{"adcode":610700}}