{"children":[],"adcode":610723,"name":"洋县","center":[107.549962,33.223283],"centroid":[107.609844,33.362941],"childrenNum":0,"level":"district","acroutes":[100000,610000,610700],"parent":{"adcode":610700}}