{"children":[],"adcode":610728,"name":"镇巴县","center":[107.89531,32.535854],"centroid":[107.877299,32.509853],"childrenNum":0,"level":"district","acroutes":[100000,610000,610700],"parent":{"adcode":610700}}