{"children":[],"adcode":610824,"name":"靖边县","center":[108.80567,37.596084],"centroid":[108.806018,37.479373],"childrenNum":0,"level":"district","acroutes":[100000,610000,610800],"parent":{"adcode":610800}}