{"children":[],"adcode":610822,"name":"府谷县","center":[111.069645,39.029243],"centroid":[110.861477,39.181952],"childrenNum":0,"level":"district","acroutes":[100000,610000,610800],"parent":{"adcode":610800}}