{"children":[],"adcode":610829,"name":"吴堡县","center":[110.739315,37.451925],"centroid":[110.685475,37.588785],"childrenNum":0,"level":"district","acroutes":[100000,610000,610800],"parent":{"adcode":610800}}