{"children":[],"adcode":610803,"name":"横山区","center":[109.292596,37.964048],"centroid":[109.456641,37.850132],"childrenNum":0,"level":"district","acroutes":[100000,610000,610800],"parent":{"adcode":610800}}