{"children":[],"adcode":610830,"name":"清涧县","center":[110.12146,37.087702],"centroid":[110.282097,37.180796],"childrenNum":0,"level":"district","acroutes":[100000,610000,610800],"parent":{"adcode":610800}}