{"children":[],"adcode":610826,"name":"绥德县","center":[110.265377,37.507701],"centroid":[110.389683,37.514116],"childrenNum":0,"level":"district","acroutes":[100000,610000,610800],"parent":{"adcode":610800}}