{"children":[],"adcode":610802,"name":"榆阳区","center":[109.74791,38.299267],"centroid":[109.642473,38.383961],"childrenNum":0,"level":"district","acroutes":[100000,610000,610800],"parent":{"adcode":610800}}