{"children":[],"adcode":610828,"name":"佳县","center":[110.493367,38.021597],"centroid":[110.367442,38.07194],"childrenNum":0,"level":"district","acroutes":[100000,610000,610800],"parent":{"adcode":610800}}