{"children":[],"adcode":610825,"name":"定边县","center":[107.601284,37.59523],"centroid":[107.748484,37.379534],"childrenNum":0,"level":"district","acroutes":[100000,610000,610800],"parent":{"adcode":610800}}