{"children":[],"adcode":610881,"name":"神木市","center":[110.497005,38.835641],"centroid":[110.326696,38.822458],"childrenNum":0,"level":"district","acroutes":[100000,610000,610800],"parent":{"adcode":610800}}