{"children":[],"adcode":610831,"name":"子洲县","center":[110.03457,37.611573],"centroid":[109.870572,37.527631],"childrenNum":0,"level":"district","acroutes":[100000,610000,610800],"parent":{"adcode":610800}}