{"children":[],"adcode":610827,"name":"米脂县","center":[110.178683,37.759081],"centroid":[110.179548,37.822259],"childrenNum":0,"level":"district","acroutes":[100000,610000,610800],"parent":{"adcode":610800}}