{"children":[],"adcode":610922,"name":"石泉县","center":[108.250512,33.038512],"centroid":[108.242433,33.059242],"childrenNum":0,"level":"district","acroutes":[100000,610000,610900],"parent":{"adcode":610900}}