{"children":[],"adcode":610927,"name":"镇坪县","center":[109.526437,31.883395],"centroid":[109.45026,31.934629],"childrenNum":0,"level":"district","acroutes":[100000,610000,610900],"parent":{"adcode":610900}}