{"children":[],"adcode":610929,"name":"白河县","center":[110.114186,32.809484],"centroid":[109.91201,32.724972],"childrenNum":0,"level":"district","acroutes":[100000,610000,610900],"parent":{"adcode":610900}}