{"children":[],"adcode":610924,"name":"紫阳县","center":[108.537788,32.520176],"centroid":[108.438364,32.44357],"childrenNum":0,"level":"district","acroutes":[100000,610000,610900],"parent":{"adcode":610900}}