{"children":[],"adcode":610921,"name":"汉阴县","center":[108.510946,32.891121],"centroid":[108.488035,32.897453],"childrenNum":0,"level":"district","acroutes":[100000,610000,610900],"parent":{"adcode":610900}}