{"children":[],"adcode":610926,"name":"平利县","center":[109.361865,32.387933],"centroid":[109.26415,32.286608],"childrenNum":0,"level":"district","acroutes":[100000,610000,610900],"parent":{"adcode":610900}}