{"children":[],"adcode":610925,"name":"岚皋县","center":[108.900663,32.31069],"centroid":[108.87855,32.241271],"childrenNum":0,"level":"district","acroutes":[100000,610000,610900],"parent":{"adcode":610900}}