{"children":[],"adcode":610928,"name":"旬阳市","center":[109.368149,32.833567],"centroid":[109.415321,32.898614],"childrenNum":0,"level":"district","acroutes":[100000,610000,610900],"parent":{"adcode":610900}}