{"children":[],"adcode":610923,"name":"宁陕县","center":[108.313714,33.312184],"centroid":[108.445414,33.531115],"childrenNum":0,"level":"district","acroutes":[100000,610000,610900],"parent":{"adcode":610900}}