{"children":[],"adcode":610902,"name":"汉滨区","center":[109.029098,32.690817],"centroid":[108.888757,32.813049],"childrenNum":0,"level":"district","acroutes":[100000,610000,610900],"parent":{"adcode":610900}}