{"children":[],"adcode":611002,"name":"商州区","center":[109.937685,33.869208],"centroid":[109.866835,33.890504],"childrenNum":0,"level":"district","acroutes":[100000,610000,611000],"parent":{"adcode":611000}}