{"children":[],"adcode":611024,"name":"山阳县","center":[109.880435,33.530411],"centroid":[109.973263,33.421223],"childrenNum":0,"level":"district","acroutes":[100000,610000,611000],"parent":{"adcode":611000}}