{"children":[],"adcode":611025,"name":"镇安县","center":[109.151075,33.423981],"centroid":[109.068061,33.376125],"childrenNum":0,"level":"district","acroutes":[100000,610000,611000],"parent":{"adcode":611000}}