{"children":[],"adcode":611023,"name":"商南县","center":[110.885437,33.526367],"centroid":[110.757755,33.406258],"childrenNum":0,"level":"district","acroutes":[100000,610000,611000],"parent":{"adcode":611000}}