{"children":[],"adcode":611022,"name":"丹凤县","center":[110.33191,33.694711],"centroid":[110.436033,33.679413],"childrenNum":0,"level":"district","acroutes":[100000,610000,611000],"parent":{"adcode":611000}}