{"children":[],"adcode":611021,"name":"洛南县","center":[110.145716,34.088502],"centroid":[110.267177,34.159882],"childrenNum":0,"level":"district","acroutes":[100000,610000,611000],"parent":{"adcode":611000}}