{"children":[],"adcode":611026,"name":"柞水县","center":[109.111249,33.682773],"centroid":[109.274189,33.688305],"childrenNum":0,"level":"district","acroutes":[100000,610000,611000],"parent":{"adcode":611000}}