{"children":[],"adcode":620123,"name":"榆中县","center":[104.114975,35.84443],"centroid":[104.23293,35.993062],"childrenNum":0,"level":"district","acroutes":[100000,620000,620100],"parent":{"adcode":620100}}