{"children":[],"adcode":620111,"name":"红古区","center":[102.861814,36.344177],"centroid":[103.110818,36.277446],"childrenNum":0,"level":"district","acroutes":[100000,620000,620100],"parent":{"adcode":620100}}