{"children":[],"adcode":620122,"name":"皋兰县","center":[103.94933,36.331254],"centroid":[103.879915,36.389739],"childrenNum":0,"level":"district","acroutes":[100000,620000,620100],"parent":{"adcode":620100}}