{"children":[],"adcode":620102,"name":"城关区","center":[103.841032,36.049115],"centroid":[103.876332,36.073479],"childrenNum":0,"level":"district","acroutes":[100000,620000,620100],"parent":{"adcode":620100}}