{"children":[],"adcode":620105,"name":"安宁区","center":[103.724038,36.10329],"centroid":[103.686675,36.124388],"childrenNum":0,"level":"district","acroutes":[100000,620000,620100],"parent":{"adcode":620100}}