{"children":[],"adcode":620103,"name":"七里河区","center":[103.784326,36.06673],"centroid":[103.771086,35.964945],"childrenNum":0,"level":"district","acroutes":[100000,620000,620100],"parent":{"adcode":620100}}