{"children":[],"adcode":620121,"name":"永登县","center":[103.262203,36.734428],"centroid":[103.250934,36.603573],"childrenNum":0,"level":"district","acroutes":[100000,620000,620100],"parent":{"adcode":620100}}