{"children":[],"adcode":620104,"name":"西固区","center":[103.622331,36.100369],"centroid":[103.522218,36.126797],"childrenNum":0,"level":"district","acroutes":[100000,620000,620100],"parent":{"adcode":620100}}