{"children":[],"adcode":620200,"name":"嘉峪关市","center":[98.277304,39.786529],"centroid":[98.211266,39.829379],"childrenNum":0,"level":"city","acroutes":[100000,620000],"parent":{"adcode":620000}}