{"children":[{"adcode":620302,"name":"金川区","center":[102.187683,38.513793],"centroid":[102.160903,38.648119],"childrenNum":0,"level":"district","parent":{"adcode":620300},"subFeatureIndex":0,"acroutes":[100000,620000,620300]},{"adcode":620321,"name":"永昌县","center":[101.971957,38.247354],"centroid":[101.966409,38.286087],"childrenNum":0,"level":"district","parent":{"adcode":620300},"subFeatureIndex":1,"acroutes":[100000,620000,620300]}],"adcode":620300,"name":"金昌市","center":[102.187888,38.514238],"centroid":[102.045658,38.43382],"childrenNum":2,"level":"city","acroutes":[100000,620000],"parent":{"adcode":620000}}