{"children":[],"adcode":620321,"name":"永昌县","center":[101.971957,38.247354],"centroid":[101.966409,38.286087],"childrenNum":0,"level":"district","acroutes":[100000,620000,620300],"parent":{"adcode":620300}}