{"children":[],"adcode":620302,"name":"金川区","center":[102.187683,38.513793],"centroid":[102.160903,38.648119],"childrenNum":0,"level":"district","acroutes":[100000,620000,620300],"parent":{"adcode":620300}}