{"children":[],"adcode":620403,"name":"平川区","center":[104.819207,36.72921],"centroid":[104.914474,36.714717],"childrenNum":0,"level":"district","acroutes":[100000,620000,620400],"parent":{"adcode":620400}}