{"children":[],"adcode":620402,"name":"白银区","center":[104.17425,36.545649],"centroid":[104.159895,36.555703],"childrenNum":0,"level":"district","acroutes":[100000,620000,620400],"parent":{"adcode":620400}}