{"children":[],"adcode":620421,"name":"靖远县","center":[104.686972,36.561424],"centroid":[104.689721,36.506108],"childrenNum":0,"level":"district","acroutes":[100000,620000,620400],"parent":{"adcode":620400}}