{"children":[],"adcode":620422,"name":"会宁县","center":[105.054337,35.692486],"centroid":[105.09551,35.957982],"childrenNum":0,"level":"district","acroutes":[100000,620000,620400],"parent":{"adcode":620400}}