{"children":[],"adcode":620423,"name":"景泰县","center":[104.066394,37.193519],"centroid":[104.051269,37.139774],"childrenNum":0,"level":"district","acroutes":[100000,620000,620400],"parent":{"adcode":620400}}