{"children":[],"adcode":620521,"name":"清水县","center":[106.139878,34.75287],"centroid":[106.13235,34.737803],"childrenNum":0,"level":"district","acroutes":[100000,620000,620500],"parent":{"adcode":620500}}