{"children":[],"adcode":620522,"name":"秦安县","center":[105.6733,34.862354],"centroid":[105.690366,34.948641],"childrenNum":0,"level":"district","acroutes":[100000,620000,620500],"parent":{"adcode":620500}}