{"children":[],"adcode":620502,"name":"秦州区","center":[105.724477,34.578645],"centroid":[105.626678,34.395207],"childrenNum":0,"level":"district","acroutes":[100000,620000,620500],"parent":{"adcode":620500}}