{"children":[],"adcode":620524,"name":"武山县","center":[104.891696,34.721955],"centroid":[104.880927,34.673303],"childrenNum":0,"level":"district","acroutes":[100000,620000,620500],"parent":{"adcode":620500}}