{"children":[],"adcode":620503,"name":"麦积区","center":[105.897631,34.563504],"centroid":[106.135585,34.415993],"childrenNum":0,"level":"district","acroutes":[100000,620000,620500],"parent":{"adcode":620500}}