{"children":[],"adcode":620525,"name":"张家川回族自治县","center":[106.212416,34.993237],"centroid":[106.27515,34.986457],"childrenNum":0,"level":"district","acroutes":[100000,620000,620500],"parent":{"adcode":620500}}