{"children":[],"adcode":620523,"name":"甘谷县","center":[105.332347,34.747327],"centroid":[105.267882,34.80365],"childrenNum":0,"level":"district","acroutes":[100000,620000,620500],"parent":{"adcode":620500}}