{"children":[{"adcode":620602,"name":"凉州区","center":[102.634492,37.93025],"centroid":[102.753191,37.912189],"childrenNum":0,"level":"district","parent":{"adcode":620600},"subFeatureIndex":0,"acroutes":[100000,620000,620600]},{"adcode":620621,"name":"民勤县","center":[103.090654,38.624621],"centroid":[103.187983,38.831195],"childrenNum":0,"level":"district","parent":{"adcode":620600},"subFeatureIndex":1,"acroutes":[100000,620000,620600]},{"adcode":620622,"name":"古浪县","center":[102.898047,37.470571],"centroid":[103.333461,37.527981],"childrenNum":0,"level":"district","parent":{"adcode":620600},"subFeatureIndex":2,"acroutes":[100000,620000,620600]},{"adcode":620623,"name":"天祝藏族自治县","center":[103.142034,36.971678],"centroid":[102.765347,37.266388],"childrenNum":0,"level":"district","parent":{"adcode":620600},"subFeatureIndex":3,"acroutes":[100000,620000,620600]}],"adcode":620600,"name":"武威市","center":[102.634697,37.929996],"centroid":[103.059993,38.183694],"childrenNum":4,"level":"city","acroutes":[100000,620000],"parent":{"adcode":620000}}