{"children":[],"adcode":620621,"name":"民勤县","center":[103.090654,38.624621],"centroid":[103.187983,38.831195],"childrenNum":0,"level":"district","acroutes":[100000,620000,620600],"parent":{"adcode":620600}}