{"children":[],"adcode":620623,"name":"天祝藏族自治县","center":[103.142034,36.971678],"centroid":[102.765347,37.266388],"childrenNum":0,"level":"district","acroutes":[100000,620000,620600],"parent":{"adcode":620600}}