{"children":[],"adcode":620622,"name":"古浪县","center":[102.898047,37.470571],"centroid":[103.333461,37.527981],"childrenNum":0,"level":"district","acroutes":[100000,620000,620600],"parent":{"adcode":620600}}