{"children":[],"adcode":620602,"name":"凉州区","center":[102.634492,37.93025],"centroid":[102.753191,37.912189],"childrenNum":0,"level":"district","acroutes":[100000,620000,620600],"parent":{"adcode":620600}}