{"children":[],"adcode":620725,"name":"山丹县","center":[101.088442,38.784839],"centroid":[101.178076,38.523105],"childrenNum":0,"level":"district","acroutes":[100000,620000,620700],"parent":{"adcode":620700}}