{"children":[],"adcode":620724,"name":"高台县","center":[99.81665,39.376308],"centroid":[99.593611,39.540119],"childrenNum":0,"level":"district","acroutes":[100000,620000,620700],"parent":{"adcode":620700}}