{"children":[],"adcode":620721,"name":"肃南裕固族自治县","center":[99.617086,38.837269],"centroid":[98.867052,39.053609],"childrenNum":0,"level":"district","acroutes":[100000,620000,620700],"parent":{"adcode":620700}}