{"children":[],"adcode":620723,"name":"临泽县","center":[100.166333,39.152151],"centroid":[100.176927,39.346212],"childrenNum":0,"level":"district","acroutes":[100000,620000,620700],"parent":{"adcode":620700}}