{"children":[],"adcode":620702,"name":"甘州区","center":[100.454862,38.931774],"centroid":[100.507318,39.004448],"childrenNum":0,"level":"district","acroutes":[100000,620000,620700],"parent":{"adcode":620700}}