{"children":[],"adcode":620722,"name":"民乐县","center":[100.816623,38.434454],"centroid":[100.769097,38.476352],"childrenNum":0,"level":"district","acroutes":[100000,620000,620700],"parent":{"adcode":620700}}