{"children":[],"adcode":620825,"name":"庄浪县","center":[106.041979,35.203428],"centroid":[106.060558,35.248886],"childrenNum":0,"level":"district","acroutes":[100000,620000,620800],"parent":{"adcode":620800}}