{"children":[],"adcode":620826,"name":"静宁县","center":[105.733489,35.525243],"centroid":[105.670201,35.428556],"childrenNum":0,"level":"district","acroutes":[100000,620000,620800],"parent":{"adcode":620800}}