{"children":[],"adcode":620822,"name":"灵台县","center":[107.620587,35.064009],"centroid":[107.40359,35.068067],"childrenNum":0,"level":"district","acroutes":[100000,620000,620800],"parent":{"adcode":620800}}