{"children":[],"adcode":620821,"name":"泾川县","center":[107.365218,35.335283],"centroid":[107.435512,35.347794],"childrenNum":0,"level":"district","acroutes":[100000,620000,620800],"parent":{"adcode":620800}}