{"children":[],"adcode":620802,"name":"崆峒区","center":[106.684223,35.54173],"centroid":[106.741998,35.510601],"childrenNum":0,"level":"district","acroutes":[100000,620000,620800],"parent":{"adcode":620800}}