{"children":[],"adcode":620881,"name":"华亭市","center":[106.649308,35.215341],"centroid":[106.599191,35.197176],"childrenNum":0,"level":"district","acroutes":[100000,620000,620800],"parent":{"adcode":620800}}