{"children":[],"adcode":620823,"name":"崇信县","center":[107.031253,35.304533],"centroid":[106.996951,35.244221],"childrenNum":0,"level":"district","acroutes":[100000,620000,620800],"parent":{"adcode":620800}}