{"children":[],"adcode":620902,"name":"肃州区","center":[98.511155,39.743858],"centroid":[98.793103,39.603588],"childrenNum":0,"level":"district","acroutes":[100000,620000,620900],"parent":{"adcode":620900}}