{"children":[],"adcode":620924,"name":"阿克塞哈萨克族自治县","center":[94.337642,39.631642],"centroid":[94.423481,39.029363],"childrenNum":0,"level":"district","acroutes":[100000,620000,620900],"parent":{"adcode":620900}}