{"children":[],"adcode":620921,"name":"金塔县","center":[98.902959,39.983036],"centroid":[99.175125,40.374492],"childrenNum":0,"level":"district","acroutes":[100000,620000,620900],"parent":{"adcode":620900}}