{"children":[],"adcode":620981,"name":"玉门市","center":[97.037206,40.28682],"centroid":[97.460269,40.240337],"childrenNum":0,"level":"district","acroutes":[100000,620000,620900],"parent":{"adcode":620900}}