{"children":[],"adcode":620923,"name":"肃北蒙古族自治县","center":[94.87728,39.51224],"centroid":[96.143028,39.338284],"childrenNum":0,"level":"district","acroutes":[100000,620000,620900],"parent":{"adcode":620900}}