{"children":[],"adcode":620922,"name":"瓜州县","center":[95.780591,40.516525],"centroid":[95.7647,40.734009],"childrenNum":0,"level":"district","acroutes":[100000,620000,620900],"parent":{"adcode":620900}}