{"children":[],"adcode":620982,"name":"敦煌市","center":[94.664279,40.141119],"centroid":[94.12518,40.366647],"childrenNum":0,"level":"district","acroutes":[100000,620000,620900],"parent":{"adcode":620900}}