{"children":[],"adcode":621021,"name":"庆城县","center":[107.885664,36.013504],"centroid":[107.676007,36.040693],"childrenNum":0,"level":"district","acroutes":[100000,620000,621000],"parent":{"adcode":621000}}