{"children":[],"adcode":621027,"name":"镇原县","center":[107.195706,35.677806],"centroid":[107.171769,35.780281],"childrenNum":0,"level":"district","acroutes":[100000,620000,621000],"parent":{"adcode":621000}}