{"children":[],"adcode":621022,"name":"环县","center":[107.308754,36.569322],"centroid":[107.066129,36.609569],"childrenNum":0,"level":"district","acroutes":[100000,620000,621000],"parent":{"adcode":621000}}