{"children":[],"adcode":621025,"name":"正宁县","center":[108.361068,35.490642],"centroid":[108.369163,35.404697],"childrenNum":0,"level":"district","acroutes":[100000,620000,621000],"parent":{"adcode":621000}}