{"children":[],"adcode":621023,"name":"华池县","center":[107.986288,36.457304],"centroid":[108.026059,36.438664],"childrenNum":0,"level":"district","acroutes":[100000,620000,621000],"parent":{"adcode":621000}}