{"children":[],"adcode":621002,"name":"西峰区","center":[107.638824,35.733713],"centroid":[107.666366,35.669025],"childrenNum":0,"level":"district","acroutes":[100000,620000,621000],"parent":{"adcode":621000}}