{"children":[],"adcode":621024,"name":"合水县","center":[108.019865,35.819005],"centroid":[108.303275,36.002002],"childrenNum":0,"level":"district","acroutes":[100000,620000,621000],"parent":{"adcode":621000}}