{"children":[],"adcode":621026,"name":"宁县","center":[107.921182,35.50201],"centroid":[108.109713,35.56598],"childrenNum":0,"level":"district","acroutes":[100000,620000,621000],"parent":{"adcode":621000}}