{"children":[],"adcode":621122,"name":"陇西县","center":[104.637554,35.003409],"centroid":[104.627503,35.106143],"childrenNum":0,"level":"district","acroutes":[100000,620000,621100],"parent":{"adcode":621100}}