{"children":[],"adcode":621121,"name":"通渭县","center":[105.250102,35.208922],"centroid":[105.189069,35.207875],"childrenNum":0,"level":"district","acroutes":[100000,620000,621100],"parent":{"adcode":621100}}