{"children":[],"adcode":621126,"name":"岷县","center":[104.039882,34.439105],"centroid":[104.24039,34.423916],"childrenNum":0,"level":"district","acroutes":[100000,620000,621100],"parent":{"adcode":621100}}