{"children":[],"adcode":621102,"name":"安定区","center":[104.62577,35.579764],"centroid":[104.631988,35.638626],"childrenNum":0,"level":"district","acroutes":[100000,620000,621100],"parent":{"adcode":621100}}