{"children":[],"adcode":621125,"name":"漳县","center":[104.466756,34.848642],"centroid":[104.360647,34.72198],"childrenNum":0,"level":"district","acroutes":[100000,620000,621100],"parent":{"adcode":621100}}