{"children":[],"adcode":621124,"name":"临洮县","center":[103.862186,35.376233],"centroid":[103.9053,35.525162],"childrenNum":0,"level":"district","acroutes":[100000,620000,621100],"parent":{"adcode":621100}}