{"children":[],"adcode":621123,"name":"渭源县","center":[104.211742,35.133023],"centroid":[104.140362,35.13615],"childrenNum":0,"level":"district","acroutes":[100000,620000,621100],"parent":{"adcode":621100}}