{"children":[],"adcode":621227,"name":"徽县","center":[106.085632,33.767785],"centroid":[106.020127,33.887353],"childrenNum":0,"level":"district","acroutes":[100000,620000,621200],"parent":{"adcode":621200}}