{"children":[],"adcode":621225,"name":"西和县","center":[105.299737,34.013718],"centroid":[105.331569,33.911563],"childrenNum":0,"level":"district","acroutes":[100000,620000,621200],"parent":{"adcode":621200}}