{"children":[],"adcode":621226,"name":"礼县","center":[105.181616,34.189387],"centroid":[105.057059,34.105012],"childrenNum":0,"level":"district","acroutes":[100000,620000,621200],"parent":{"adcode":621200}}