{"children":[],"adcode":621223,"name":"宕昌县","center":[104.394475,34.042655],"centroid":[104.446335,34.008959],"childrenNum":0,"level":"district","acroutes":[100000,620000,621200],"parent":{"adcode":621200}}