{"children":[],"adcode":621224,"name":"康县","center":[105.609534,33.328266],"centroid":[105.630795,33.279111],"childrenNum":0,"level":"district","acroutes":[100000,620000,621200],"parent":{"adcode":621200}}