{"children":[],"adcode":621202,"name":"武都区","center":[104.929866,33.388155],"centroid":[105.128134,33.286304],"childrenNum":0,"level":"district","acroutes":[100000,620000,621200],"parent":{"adcode":621200}}