{"children":[],"adcode":621222,"name":"文县","center":[104.682448,32.942171],"centroid":[104.777076,32.94129],"childrenNum":0,"level":"district","acroutes":[100000,620000,621200],"parent":{"adcode":621200}}