{"children":[],"adcode":621221,"name":"成县","center":[105.734434,33.739863],"centroid":[105.68263,33.742725],"childrenNum":0,"level":"district","acroutes":[100000,620000,621200],"parent":{"adcode":621200}}