{"children":[],"adcode":621228,"name":"两当县","center":[106.306959,33.910729],"centroid":[106.392272,33.901067],"childrenNum":0,"level":"district","acroutes":[100000,620000,621200],"parent":{"adcode":621200}}