{"children":[],"adcode":622925,"name":"和政县","center":[103.350357,35.425971],"centroid":[103.333182,35.31092],"childrenNum":0,"level":"district","acroutes":[100000,620000,622900],"parent":{"adcode":622900}}