{"children":[],"adcode":622926,"name":"东乡族自治县","center":[103.389568,35.66383],"centroid":[103.446269,35.69273],"childrenNum":0,"level":"district","acroutes":[100000,620000,622900],"parent":{"adcode":622900}}