{"children":[],"adcode":622927,"name":"积石山保安族东乡族撒拉族自治县","center":[102.877473,35.712906],"centroid":[102.897289,35.712042],"childrenNum":0,"level":"district","acroutes":[100000,620000,622900],"parent":{"adcode":622900}}