{"children":[],"adcode":622923,"name":"永靖县","center":[103.319871,35.938933],"centroid":[103.219728,36.002814],"childrenNum":0,"level":"district","acroutes":[100000,620000,622900],"parent":{"adcode":622900}}