{"children":[],"adcode":622921,"name":"临夏县","center":[102.993873,35.49236],"centroid":[103.045652,35.514564],"childrenNum":0,"level":"district","acroutes":[100000,620000,622900],"parent":{"adcode":622900}}