{"children":[],"adcode":622924,"name":"广河县","center":[103.576188,35.481688],"centroid":[103.619802,35.471909],"childrenNum":0,"level":"district","acroutes":[100000,620000,622900],"parent":{"adcode":622900}}