{"children":[],"adcode":622901,"name":"临夏市","center":[103.211634,35.59941],"centroid":[103.187295,35.574698],"childrenNum":0,"level":"district","acroutes":[100000,620000,622900],"parent":{"adcode":622900}}