{"children":[],"adcode":622922,"name":"康乐县","center":[103.709852,35.371906],"centroid":[103.654026,35.24447],"childrenNum":0,"level":"district","acroutes":[100000,620000,622900],"parent":{"adcode":622900}}