{"children":[],"adcode":623024,"name":"迭部县","center":[103.221009,34.055348],"centroid":[103.564231,34.003525],"childrenNum":0,"level":"district","acroutes":[100000,620000,623000],"parent":{"adcode":623000}}