{"children":[],"adcode":623027,"name":"夏河县","center":[102.520743,35.200853],"centroid":[102.500211,35.018671],"childrenNum":0,"level":"district","acroutes":[100000,620000,623000],"parent":{"adcode":623000}}