{"children":[],"adcode":623023,"name":"舟曲县","center":[104.370271,33.782964],"centroid":[104.321505,33.627444],"childrenNum":0,"level":"district","acroutes":[100000,620000,623000],"parent":{"adcode":623000}}