{"children":[],"adcode":623022,"name":"卓尼县","center":[103.508508,34.588165],"centroid":[103.306318,34.453788],"childrenNum":0,"level":"district","acroutes":[100000,620000,623000],"parent":{"adcode":623000}}