{"children":[],"adcode":623001,"name":"合作市","center":[102.91149,34.985973],"centroid":[103.081045,34.992543],"childrenNum":0,"level":"district","acroutes":[100000,620000,623000],"parent":{"adcode":623000}}