{"children":[],"adcode":623021,"name":"临潭县","center":[103.353054,34.69164],"centroid":[103.679249,34.74492],"childrenNum":0,"level":"district","acroutes":[100000,620000,623000],"parent":{"adcode":623000}}