{"children":[],"adcode":623025,"name":"玛曲县","center":[102.075767,33.998068],"centroid":[101.66843,33.835509],"childrenNum":0,"level":"district","acroutes":[100000,620000,623000],"parent":{"adcode":623000}}