{"children":[],"adcode":623026,"name":"碌曲县","center":[102.488495,34.589591],"centroid":[102.471062,34.3892],"childrenNum":0,"level":"district","acroutes":[100000,620000,623000],"parent":{"adcode":623000}}