{"children":[],"adcode":630121,"name":"大通回族土族自治县","center":[101.684183,36.931343],"centroid":[101.459081,37.131876],"childrenNum":0,"level":"district","acroutes":[100000,630000,630100],"parent":{"adcode":630100}}