{"children":[],"adcode":630105,"name":"城北区","center":[101.761297,36.648448],"centroid":[101.699377,36.680565],"childrenNum":0,"level":"district","acroutes":[100000,630000,630100],"parent":{"adcode":630100}}