{"children":[],"adcode":630106,"name":"湟中区","center":[101.569475,36.500419],"centroid":[101.524222,36.60139],"childrenNum":0,"level":"district","acroutes":[100000,630000,630100],"parent":{"adcode":630100}}