{"children":[],"adcode":630102,"name":"城东区","center":[101.796095,36.616043],"centroid":[101.840903,36.583124],"childrenNum":0,"level":"district","acroutes":[100000,630000,630100],"parent":{"adcode":630100}}