{"children":[],"adcode":630123,"name":"湟源县","center":[101.263435,36.684818],"centroid":[101.169732,36.618495],"childrenNum":0,"level":"district","acroutes":[100000,630000,630100],"parent":{"adcode":630100}}