{"children":[],"adcode":630103,"name":"城中区","center":[101.784554,36.621181],"centroid":[101.720772,36.547025],"childrenNum":0,"level":"district","acroutes":[100000,630000,630100],"parent":{"adcode":630100}}