{"children":[],"adcode":630104,"name":"城西区","center":[101.763649,36.628323],"centroid":[101.698025,36.626988],"childrenNum":0,"level":"district","acroutes":[100000,630000,630100],"parent":{"adcode":630100}}