{"children":[],"adcode":630223,"name":"互助土族自治县","center":[101.956734,36.83994],"centroid":[102.158079,36.84265],"childrenNum":0,"level":"district","acroutes":[100000,630000,630200],"parent":{"adcode":630200}}