{"children":[],"adcode":630202,"name":"乐都区","center":[102.402431,36.480291],"centroid":[102.430838,36.486321],"childrenNum":0,"level":"district","acroutes":[100000,630000,630200],"parent":{"adcode":630200}}