{"children":[],"adcode":630224,"name":"化隆回族自治县","center":[102.262329,36.098322],"centroid":[102.212305,36.080497],"childrenNum":0,"level":"district","acroutes":[100000,630000,630200],"parent":{"adcode":630200}}