{"children":[],"adcode":630225,"name":"循化撒拉族自治县","center":[102.486534,35.847247],"centroid":[102.468435,35.717758],"childrenNum":0,"level":"district","acroutes":[100000,630000,630200],"parent":{"adcode":630200}}