{"children":[],"adcode":630203,"name":"平安区","center":[102.104295,36.502714],"centroid":[102.00597,36.40438],"childrenNum":0,"level":"district","acroutes":[100000,630000,630200],"parent":{"adcode":630200}}