{"children":[],"adcode":630222,"name":"民和回族土族自治县","center":[102.804209,36.329451],"centroid":[102.768516,36.137854],"childrenNum":0,"level":"district","acroutes":[100000,630000,630200],"parent":{"adcode":630200}}