{"children":[],"adcode":632223,"name":"海晏县","center":[100.90049,36.959542],"centroid":[100.782199,37.079879],"childrenNum":0,"level":"district","acroutes":[100000,630000,632200],"parent":{"adcode":632200}}