{"children":[],"adcode":632224,"name":"刚察县","center":[100.138417,37.326263],"centroid":[99.992465,37.472219],"childrenNum":0,"level":"district","acroutes":[100000,630000,632200],"parent":{"adcode":632200}}