{"children":[],"adcode":632221,"name":"门源回族自治县","center":[101.618461,37.376627],"centroid":[101.732157,37.45522],"childrenNum":0,"level":"district","acroutes":[100000,630000,632200],"parent":{"adcode":632200}}