{"children":[{"adcode":632221,"name":"门源回族自治县","center":[101.618461,37.376627],"centroid":[101.732157,37.45522],"childrenNum":0,"level":"district","parent":{"adcode":632200},"subFeatureIndex":0,"acroutes":[100000,630000,632200]},{"adcode":632222,"name":"祁连县","center":[100.249778,38.175409],"centroid":[99.716996,38.312177],"childrenNum":0,"level":"district","parent":{"adcode":632200},"subFeatureIndex":1,"acroutes":[100000,630000,632200]},{"adcode":632223,"name":"海晏县","center":[100.90049,36.959542],"centroid":[100.782199,37.079879],"childrenNum":0,"level":"district","parent":{"adcode":632200},"subFeatureIndex":2,"acroutes":[100000,630000,632200]},{"adcode":632224,"name":"刚察县","center":[100.138417,37.326263],"centroid":[99.992465,37.472219],"childrenNum":0,"level":"district","parent":{"adcode":632200},"subFeatureIndex":3,"acroutes":[100000,630000,632200]}],"adcode":632200,"name":"海北藏族自治州","center":[100.901059,36.959435],"centroid":[100.299858,37.765164],"childrenNum":4,"level":"city","acroutes":[100000,630000],"parent":{"adcode":630000}}