{"children":[],"adcode":632222,"name":"祁连县","center":[100.249778,38.175409],"centroid":[99.716996,38.312177],"childrenNum":0,"level":"district","acroutes":[100000,630000,632200],"parent":{"adcode":632200}}