{"children":[{"adcode":632301,"name":"同仁市","center":[102.017604,35.516337],"centroid":[102.077646,35.422567],"childrenNum":0,"level":"district","parent":{"adcode":632300},"subFeatureIndex":0,"acroutes":[100000,630000,632300]},{"adcode":632322,"name":"尖扎县","center":[102.031953,35.938205],"centroid":[101.862621,35.903328],"childrenNum":0,"level":"district","parent":{"adcode":632300},"subFeatureIndex":1,"acroutes":[100000,630000,632300]},{"adcode":632323,"name":"泽库县","center":[101.469343,35.036842],"centroid":[101.405752,35.100555],"childrenNum":0,"level":"district","parent":{"adcode":632300},"subFeatureIndex":2,"acroutes":[100000,630000,632300]},{"adcode":632324,"name":"河南蒙古族自治县","center":[101.611877,34.734522],"centroid":[101.553129,34.505852],"childrenNum":0,"level":"district","parent":{"adcode":632300},"subFeatureIndex":3,"acroutes":[100000,630000,632300]}],"adcode":632300,"name":"黄南藏族自治州","center":[102.019988,35.517744],"centroid":[101.484693,34.782539],"childrenNum":4,"level":"city","acroutes":[100000,630000],"parent":{"adcode":630000}}