{"children":[],"adcode":632324,"name":"河南蒙古族自治县","center":[101.611877,34.734522],"centroid":[101.553129,34.505852],"childrenNum":0,"level":"district","acroutes":[100000,630000,632300],"parent":{"adcode":632300}}