{"children":[],"adcode":632323,"name":"泽库县","center":[101.469343,35.036842],"centroid":[101.405752,35.100555],"childrenNum":0,"level":"district","acroutes":[100000,630000,632300],"parent":{"adcode":632300}}