{"children":[],"adcode":632322,"name":"尖扎县","center":[102.031953,35.938205],"centroid":[101.862621,35.903328],"childrenNum":0,"level":"district","acroutes":[100000,630000,632300],"parent":{"adcode":632300}}