{"children":[],"adcode":632301,"name":"同仁市","center":[102.017604,35.516337],"centroid":[102.077646,35.422567],"childrenNum":0,"level":"district","acroutes":[100000,630000,632300],"parent":{"adcode":632300}}