{"children":[],"adcode":632525,"name":"贵南县","center":[100.74792,35.587085],"centroid":[100.905862,35.700664],"childrenNum":0,"level":"district","acroutes":[100000,630000,632500],"parent":{"adcode":632500}}