{"children":[],"adcode":632524,"name":"兴海县","center":[99.986963,35.58909],"centroid":[99.735748,35.527614],"childrenNum":0,"level":"district","acroutes":[100000,630000,632500],"parent":{"adcode":632500}}