{"children":[],"adcode":632522,"name":"同德县","center":[100.579465,35.254492],"centroid":[100.589629,35.074636],"childrenNum":0,"level":"district","acroutes":[100000,630000,632500],"parent":{"adcode":632500}}