{"children":[],"adcode":632523,"name":"贵德县","center":[101.431856,36.040456],"centroid":[101.434323,35.999287],"childrenNum":0,"level":"district","acroutes":[100000,630000,632500],"parent":{"adcode":632500}}