{"children":[],"adcode":632521,"name":"共和县","center":[100.619597,36.280286],"centroid":[100.03371,36.464171],"childrenNum":0,"level":"district","acroutes":[100000,630000,632500],"parent":{"adcode":632500}}