{"children":[],"adcode":632626,"name":"玛多县","center":[98.211343,34.91528],"centroid":[98.230464,34.811931],"childrenNum":0,"level":"district","acroutes":[100000,630000,632600],"parent":{"adcode":632600}}