{"children":[],"adcode":632621,"name":"玛沁县","center":[100.243531,34.473386],"centroid":[99.772877,34.510606],"childrenNum":0,"level":"district","acroutes":[100000,630000,632600],"parent":{"adcode":632600}}