{"children":[],"adcode":632625,"name":"久治县","center":[101.484884,33.430217],"centroid":[100.99907,33.485934],"childrenNum":0,"level":"district","acroutes":[100000,630000,632600],"parent":{"adcode":632600}}