{"children":[],"adcode":632622,"name":"班玛县","center":[100.737955,32.931589],"centroid":[100.525409,32.929113],"childrenNum":0,"level":"district","acroutes":[100000,630000,632600],"parent":{"adcode":632600}}