{"children":[],"adcode":632624,"name":"达日县","center":[99.651715,33.753259],"centroid":[99.395019,33.482024],"childrenNum":0,"level":"district","acroutes":[100000,630000,632600],"parent":{"adcode":632600}}