{"children":[],"adcode":632623,"name":"甘德县","center":[99.902589,33.966987],"centroid":[100.136034,34.022619],"childrenNum":0,"level":"district","acroutes":[100000,630000,632600],"parent":{"adcode":632600}}