{"children":[],"adcode":632722,"name":"杂多县","center":[95.293423,32.891886],"centroid":[94.28247,33.060889],"childrenNum":0,"level":"district","acroutes":[100000,630000,632700],"parent":{"adcode":632700}}