{"children":[],"adcode":632726,"name":"曲麻莱县","center":[95.800674,34.12654],"centroid":[95.261073,34.953979],"childrenNum":0,"level":"district","acroutes":[100000,630000,632700],"parent":{"adcode":632700}}