{"children":[],"adcode":632701,"name":"玉树市","center":[97.008762,33.00393],"centroid":[96.660011,32.914187],"childrenNum":0,"level":"district","acroutes":[100000,630000,632700],"parent":{"adcode":632700}}