{"children":[],"adcode":632724,"name":"治多县","center":[95.616843,33.852322],"centroid":[92.60308,34.879225],"childrenNum":0,"level":"district","acroutes":[100000,630000,632700],"parent":{"adcode":632700}}