{"children":[],"adcode":632725,"name":"囊谦县","center":[96.479797,32.203206],"centroid":[96.12882,32.169504],"childrenNum":0,"level":"district","acroutes":[100000,630000,632700],"parent":{"adcode":632700}}