{"children":[],"adcode":632723,"name":"称多县","center":[97.110893,33.367884],"centroid":[97.013299,33.918962],"childrenNum":0,"level":"district","acroutes":[100000,630000,632700],"parent":{"adcode":632700}}