{"children":[],"adcode":632825,"name":"海西蒙古族藏族自治州直辖","center":[95.357233,37.853631],"centroid":[94.841849,37.865139],"childrenNum":0,"level":"district","acroutes":[100000,630000,632800],"parent":{"adcode":632800}}