{"children":[],"adcode":632823,"name":"天峻县","center":[99.02078,37.29906],"centroid":[98.444748,38.055909],"childrenNum":0,"level":"district","acroutes":[100000,630000,632800],"parent":{"adcode":632800}}