{"children":[],"adcode":632822,"name":"都兰县","center":[98.089161,36.298553],"centroid":[97.150277,36.177818],"childrenNum":0,"level":"district","acroutes":[100000,630000,632800],"parent":{"adcode":632800}}