{"children":[],"adcode":632803,"name":"茫崖市","center":[90.855955,38.247117],"centroid":[92.190396,38.182352],"childrenNum":0,"level":"district","acroutes":[100000,630000,632800],"parent":{"adcode":632800}}