{"children":[],"adcode":632802,"name":"德令哈市","center":[97.370143,37.374555],"centroid":[96.996105,37.723097],"childrenNum":0,"level":"district","acroutes":[100000,630000,632800],"parent":{"adcode":632800}}