{"children":[],"adcode":632801,"name":"格尔木市","center":[94.905777,36.401541],"centroid":[91.280151,33.901903],"childrenNum":0,"level":"district","acroutes":[100000,630000,632800],"parent":{"adcode":632800}}