{"children":[],"adcode":632821,"name":"乌兰县","center":[98.479852,36.930389],"centroid":[98.205794,36.808661],"childrenNum":0,"level":"district","acroutes":[100000,630000,632800],"parent":{"adcode":632800}}