{"children":[],"adcode":640106,"name":"金凤区","center":[106.228486,38.477353],"centroid":[106.196858,38.465275],"childrenNum":0,"level":"district","acroutes":[100000,640000,640100],"parent":{"adcode":640100}}