{"children":[],"adcode":640104,"name":"兴庆区","center":[106.278393,38.46747],"centroid":[106.491637,38.465854],"childrenNum":0,"level":"district","acroutes":[100000,640000,640100],"parent":{"adcode":640100}}