{"children":[],"adcode":640105,"name":"西夏区","center":[106.132116,38.492424],"centroid":[106.027676,38.541983],"childrenNum":0,"level":"district","acroutes":[100000,640000,640100],"parent":{"adcode":640100}}