{"children":[],"adcode":640122,"name":"贺兰县","center":[106.345904,38.554563],"centroid":[106.251844,38.684432],"childrenNum":0,"level":"district","acroutes":[100000,640000,640100],"parent":{"adcode":640100}}