{"children":[],"adcode":640121,"name":"永宁县","center":[106.253781,38.28043],"childrenNum":0,"level":"district","acroutes":[100000,640000,640100],"parent":{"adcode":640100}}