{"children":[],"adcode":640181,"name":"灵武市","center":[106.334701,38.094058],"centroid":[106.546866,37.987139],"childrenNum":0,"level":"district","acroutes":[100000,640000,640100],"parent":{"adcode":640100}}