{"children":[],"adcode":640205,"name":"惠农区","center":[106.775513,39.230094],"centroid":[106.653941,39.180503],"childrenNum":0,"level":"district","acroutes":[100000,640000,640200],"parent":{"adcode":640200}}