{"children":[{"adcode":640202,"name":"大武口区","center":[106.376651,39.014158],"centroid":[106.330285,39.082517],"childrenNum":0,"level":"district","parent":{"adcode":640200},"subFeatureIndex":0,"acroutes":[100000,640000,640200]},{"adcode":640205,"name":"惠农区","center":[106.775513,39.230094],"centroid":[106.653941,39.180503],"childrenNum":0,"level":"district","parent":{"adcode":640200},"subFeatureIndex":1,"acroutes":[100000,640000,640200]},{"adcode":640221,"name":"平罗县","center":[106.54489,38.90674],"centroid":[106.532228,38.882735],"childrenNum":0,"level":"district","parent":{"adcode":640200},"subFeatureIndex":2,"acroutes":[100000,640000,640200]}],"adcode":640200,"name":"石嘴山市","center":[106.376173,39.01333],"centroid":[106.517117,39.007544],"childrenNum":3,"level":"city","acroutes":[100000,640000],"parent":{"adcode":640000}}