{"children":[],"adcode":640202,"name":"大武口区","center":[106.376651,39.014158],"centroid":[106.330285,39.082517],"childrenNum":0,"level":"district","acroutes":[100000,640000,640200],"parent":{"adcode":640200}}