{"children":[],"adcode":640221,"name":"平罗县","center":[106.54489,38.90674],"centroid":[106.532228,38.882735],"childrenNum":0,"level":"district","acroutes":[100000,640000,640200],"parent":{"adcode":640200}}