{"children":[],"adcode":640381,"name":"青铜峡市","center":[106.075395,38.021509],"centroid":[105.955103,37.941312],"childrenNum":0,"level":"district","acroutes":[100000,640000,640300],"parent":{"adcode":640300}}