{"children":[],"adcode":640323,"name":"盐池县","center":[107.40541,37.784222],"centroid":[107.061277,37.626515],"childrenNum":0,"level":"district","acroutes":[100000,640000,640300],"parent":{"adcode":640300}}