{"children":[],"adcode":640303,"name":"红寺堡区","center":[106.067315,37.421616],"centroid":[106.219676,37.366282],"childrenNum":0,"level":"district","acroutes":[100000,640000,640300],"parent":{"adcode":640300}}