{"children":[],"adcode":640324,"name":"同心县","center":[105.914764,36.9829],"centroid":[106.257564,36.979031],"childrenNum":0,"level":"district","acroutes":[100000,640000,640300],"parent":{"adcode":640300}}