{"children":[],"adcode":640302,"name":"利通区","center":[106.199419,37.985967],"centroid":[106.262489,37.735999],"childrenNum":0,"level":"district","acroutes":[100000,640000,640300],"parent":{"adcode":640300}}