{"children":[],"adcode":640425,"name":"彭阳县","center":[106.641512,35.849975],"centroid":[106.652283,35.965442],"childrenNum":0,"level":"district","acroutes":[100000,640000,640400],"parent":{"adcode":640400}}