{"children":[],"adcode":640422,"name":"西吉县","center":[105.731801,35.965384],"centroid":[105.719387,35.93334],"childrenNum":0,"level":"district","acroutes":[100000,640000,640400],"parent":{"adcode":640400}}