{"children":[],"adcode":640424,"name":"泾源县","center":[106.338674,35.49344],"centroid":[106.346893,35.517645],"childrenNum":0,"level":"district","acroutes":[100000,640000,640400],"parent":{"adcode":640400}}