{"children":[],"adcode":640423,"name":"隆德县","center":[106.12344,35.618234],"centroid":[106.071087,35.591632],"childrenNum":0,"level":"district","acroutes":[100000,640000,640400],"parent":{"adcode":640400}}