{"children":[],"adcode":640402,"name":"原州区","center":[106.28477,36.005337],"centroid":[106.259439,36.126366],"childrenNum":0,"level":"district","acroutes":[100000,640000,640400],"parent":{"adcode":640400}}