{"children":[],"adcode":640521,"name":"中宁县","center":[105.675784,37.489736],"centroid":[105.668442,37.315599],"childrenNum":0,"level":"district","acroutes":[100000,640000,640500],"parent":{"adcode":640500}}