{"children":[],"adcode":640522,"name":"海原县","center":[105.647323,36.562007],"centroid":[105.795615,36.516888],"childrenNum":0,"level":"district","acroutes":[100000,640000,640500],"parent":{"adcode":640500}}