{"children":[{"adcode":640502,"name":"沙坡头区","center":[105.190536,37.514564],"centroid":[105.137781,37.28792],"childrenNum":0,"level":"district","parent":{"adcode":640500},"subFeatureIndex":0,"acroutes":[100000,640000,640500]},{"adcode":640521,"name":"中宁县","center":[105.675784,37.489736],"centroid":[105.668442,37.315599],"childrenNum":0,"level":"district","parent":{"adcode":640500},"subFeatureIndex":1,"acroutes":[100000,640000,640500]},{"adcode":640522,"name":"海原县","center":[105.647323,36.562007],"centroid":[105.795615,36.516888],"childrenNum":0,"level":"district","parent":{"adcode":640500},"subFeatureIndex":2,"acroutes":[100000,640000,640500]}],"adcode":640500,"name":"中卫市","center":[105.189568,37.514951],"centroid":[105.504008,37.016864],"childrenNum":3,"level":"city","acroutes":[100000,640000],"parent":{"adcode":640000}}