{"children":[],"adcode":640502,"name":"沙坡头区","center":[105.190536,37.514564],"centroid":[105.137781,37.28792],"childrenNum":0,"level":"district","acroutes":[100000,640000,640500],"parent":{"adcode":640500}}