{"children":[],"adcode":650106,"name":"头屯河区","center":[87.425823,43.876053],"centroid":[87.37259,43.898773],"childrenNum":0,"level":"district","acroutes":[100000,650000,650100],"parent":{"adcode":650100}}