{"children":[],"adcode":650103,"name":"沙依巴克区","center":[87.596639,43.788872],"centroid":[87.475523,43.720147],"childrenNum":0,"level":"district","acroutes":[100000,650000,650100],"parent":{"adcode":650100}}