{"children":[],"adcode":650121,"name":"乌鲁木齐县","center":[87.505603,43.982546],"centroid":[87.350611,43.38505],"childrenNum":0,"level":"district","acroutes":[100000,650000,650100],"parent":{"adcode":650100}}