{"children":[],"adcode":650102,"name":"天山区","center":[87.620116,43.796428],"centroid":[87.630072,43.712555],"childrenNum":0,"level":"district","acroutes":[100000,650000,650100],"parent":{"adcode":650100}}