{"children":[],"adcode":650105,"name":"水磨沟区","center":[87.613093,43.816747],"centroid":[87.776219,43.827476],"childrenNum":0,"level":"district","acroutes":[100000,650000,650100],"parent":{"adcode":650100}}