{"children":[],"adcode":650107,"name":"达坂城区","center":[88.30994,43.36181],"centroid":[88.340482,43.557584],"childrenNum":0,"level":"district","acroutes":[100000,650000,650100],"parent":{"adcode":650100}}