{"children":[],"adcode":650109,"name":"米东区","center":[87.691801,43.960982],"centroid":[87.734028,44.487584],"childrenNum":0,"level":"district","acroutes":[100000,650000,650100],"parent":{"adcode":650100}}