{"children":[],"adcode":650104,"name":"新市区","center":[87.560653,43.870882],"centroid":[87.517061,43.951938],"childrenNum":0,"level":"district","acroutes":[100000,650000,650100],"parent":{"adcode":650100}}