{"children":[],"adcode":650204,"name":"白碱滩区","center":[85.129882,45.689021],"centroid":[85.267354,45.613034],"childrenNum":0,"level":"district","acroutes":[100000,650000,650200],"parent":{"adcode":650200}}