{"children":[],"adcode":650202,"name":"独山子区","center":[84.882267,44.327207],"centroid":[84.892581,44.290603],"childrenNum":0,"level":"district","acroutes":[100000,650000,650200],"parent":{"adcode":650200}}