{"children":[{"adcode":650202,"name":"独山子区","center":[84.882267,44.327207],"centroid":[84.892581,44.290603],"childrenNum":0,"level":"district","parent":{"adcode":650200},"subFeatureIndex":0,"acroutes":[100000,650000,650200]},{"adcode":650203,"name":"克拉玛依区","center":[84.868918,45.600477],"centroid":[84.940358,45.243818],"childrenNum":0,"level":"district","parent":{"adcode":650200},"subFeatureIndex":1,"acroutes":[100000,650000,650200]},{"adcode":650204,"name":"白碱滩区","center":[85.129882,45.689021],"centroid":[85.267354,45.613034],"childrenNum":0,"level":"district","parent":{"adcode":650200},"subFeatureIndex":2,"acroutes":[100000,650000,650200]},{"adcode":650205,"name":"乌尔禾区","center":[85.697767,46.08776],"centroid":[85.584954,45.977349],"childrenNum":0,"level":"district","parent":{"adcode":650200},"subFeatureIndex":3,"acroutes":[100000,650000,650200]}],"adcode":650200,"name":"克拉玛依市","center":[84.873946,45.595886],"centroid":[85.224171,45.567128],"childrenNum":4,"level":"city","acroutes":[100000,650000],"parent":{"adcode":650000}}