{"children":[],"adcode":650203,"name":"克拉玛依区","center":[84.868918,45.600477],"centroid":[84.940358,45.243818],"childrenNum":0,"level":"district","acroutes":[100000,650000,650200],"parent":{"adcode":650200}}