{"children":[],"adcode":650205,"name":"乌尔禾区","center":[85.697767,46.08776],"centroid":[85.584954,45.977349],"childrenNum":0,"level":"district","acroutes":[100000,650000,650200],"parent":{"adcode":650200}}