{"children":[{"adcode":650402,"name":"高昌区","center":[89.182324,42.947627],"centroid":[89.26356,42.671844],"childrenNum":0,"level":"district","parent":{"adcode":650400},"subFeatureIndex":0,"acroutes":[100000,650000,650400]},{"adcode":650421,"name":"鄯善县","center":[90.212692,42.865503],"centroid":[90.604941,42.284855],"childrenNum":0,"level":"district","parent":{"adcode":650400},"subFeatureIndex":1,"acroutes":[100000,650000,650400]},{"adcode":650422,"name":"托克逊县","center":[88.655771,42.793536],"centroid":[88.419066,42.442219],"childrenNum":0,"level":"district","parent":{"adcode":650400},"subFeatureIndex":2,"acroutes":[100000,650000,650400]}],"adcode":650400,"name":"吐鲁番市","center":[89.184078,42.947613],"centroid":[89.829374,42.398557],"childrenNum":3,"level":"city","acroutes":[100000,650000],"parent":{"adcode":650000}}