{"children":[],"adcode":650422,"name":"托克逊县","center":[88.655771,42.793536],"centroid":[88.419066,42.442219],"childrenNum":0,"level":"district","acroutes":[100000,650000,650400],"parent":{"adcode":650400}}