{"children":[],"adcode":650421,"name":"鄯善县","center":[90.212692,42.865503],"centroid":[90.604941,42.284855],"childrenNum":0,"level":"district","acroutes":[100000,650000,650400],"parent":{"adcode":650400}}