{"children":[],"adcode":650402,"name":"高昌区","center":[89.182324,42.947627],"centroid":[89.26356,42.671844],"childrenNum":0,"level":"district","acroutes":[100000,650000,650400],"parent":{"adcode":650400}}