{"children":[],"adcode":650502,"name":"伊州区","center":[93.509174,42.833888],"centroid":[93.513378,42.349975],"childrenNum":0,"level":"district","acroutes":[100000,650000,650500],"parent":{"adcode":650500}}