{"children":[],"adcode":650521,"name":"巴里坤哈萨克自治县","center":[93.021795,43.599032],"centroid":[92.786627,44.274357],"childrenNum":0,"level":"district","acroutes":[100000,650000,650500],"parent":{"adcode":650500}}