{"children":[],"adcode":650522,"name":"伊吾县","center":[94.692773,43.252012],"centroid":[94.91022,43.565917],"childrenNum":0,"level":"district","acroutes":[100000,650000,650500],"parent":{"adcode":650500}}