{"children":[{"adcode":650502,"name":"伊州区","center":[93.509174,42.833888],"centroid":[93.513378,42.349975],"childrenNum":0,"level":"district","parent":{"adcode":650500},"subFeatureIndex":0,"acroutes":[100000,650000,650500]},{"adcode":650521,"name":"巴里坤哈萨克自治县","center":[93.021795,43.599032],"centroid":[92.786627,44.274357],"childrenNum":0,"level":"district","parent":{"adcode":650500},"subFeatureIndex":1,"acroutes":[100000,650000,650500]},{"adcode":650522,"name":"伊吾县","center":[94.692773,43.252012],"centroid":[94.91022,43.565917],"childrenNum":0,"level":"district","parent":{"adcode":650500},"subFeatureIndex":2,"acroutes":[100000,650000,650500]}],"adcode":650500,"name":"哈密市","center":[93.51316,42.833248],"centroid":[93.512835,43.0655],"childrenNum":3,"level":"city","acroutes":[100000,650000],"parent":{"adcode":650000}}