{"children":[],"adcode":652328,"name":"木垒哈萨克自治县","center":[90.282833,43.832442],"centroid":[90.804185,44.096108],"childrenNum":0,"level":"district","acroutes":[100000,650000,652300],"parent":{"adcode":652300}}