{"children":[],"adcode":652302,"name":"阜康市","center":[87.98384,44.152153],"centroid":[88.298804,44.418101],"childrenNum":0,"level":"district","acroutes":[100000,650000,652300],"parent":{"adcode":652300}}