{"children":[],"adcode":652325,"name":"奇台县","center":[89.591437,44.021996],"centroid":[90.105108,44.522528],"childrenNum":0,"level":"district","acroutes":[100000,650000,652300],"parent":{"adcode":652300}}