{"children":[],"adcode":652301,"name":"昌吉市","center":[87.304112,44.013183],"centroid":[87.0683,44.167794],"childrenNum":0,"level":"district","acroutes":[100000,650000,652300],"parent":{"adcode":652300}}