{"children":[],"adcode":652324,"name":"玛纳斯县","center":[86.217687,44.305625],"centroid":[86.127998,44.500025],"childrenNum":0,"level":"district","acroutes":[100000,650000,652300],"parent":{"adcode":652300}}