{"children":[],"adcode":652323,"name":"呼图壁县","center":[86.888613,44.189342],"centroid":[86.685898,44.376612],"childrenNum":0,"level":"district","acroutes":[100000,650000,652300],"parent":{"adcode":652300}}