{"children":[],"adcode":652327,"name":"吉木萨尔县","center":[89.181288,43.997162],"centroid":[89.046459,44.347411],"childrenNum":0,"level":"district","acroutes":[100000,650000,652300],"parent":{"adcode":652300}}