{"children":[],"adcode":652701,"name":"博乐市","center":[82.072237,44.903087],"centroid":[81.650406,44.789656],"childrenNum":0,"level":"district","acroutes":[100000,650000,652700],"parent":{"adcode":652700}}