{"children":[],"adcode":652723,"name":"温泉县","center":[81.03099,44.973751],"centroid":[80.944941,44.963262],"childrenNum":0,"level":"district","acroutes":[100000,650000,652700],"parent":{"adcode":652700}}