{"children":[{"adcode":652701,"name":"博乐市","center":[82.072237,44.903087],"centroid":[81.650406,44.789656],"childrenNum":0,"level":"district","parent":{"adcode":652700},"subFeatureIndex":0,"acroutes":[100000,650000,652700]},{"adcode":652702,"name":"阿拉山口市","center":[82.569389,45.16777],"centroid":[82.528996,45.151499],"childrenNum":0,"level":"district","parent":{"adcode":652700},"subFeatureIndex":1,"acroutes":[100000,650000,652700]},{"adcode":652722,"name":"精河县","center":[82.892938,44.605645],"centroid":[82.916681,44.548401],"childrenNum":0,"level":"district","parent":{"adcode":652700},"subFeatureIndex":2,"acroutes":[100000,650000,652700]},{"adcode":652723,"name":"温泉县","center":[81.03099,44.973751],"centroid":[80.944941,44.963262],"childrenNum":0,"level":"district","parent":{"adcode":652700},"subFeatureIndex":3,"acroutes":[100000,650000,652700]}],"adcode":652700,"name":"博尔塔拉蒙古自治州","center":[82.074778,44.903258],"centroid":[82.91122,44.549726],"childrenNum":4,"level":"city","acroutes":[100000,650000],"parent":{"adcode":650000}}