{"children":[],"adcode":652702,"name":"阿拉山口市","center":[82.569389,45.16777],"centroid":[82.528996,45.151499],"childrenNum":0,"level":"district","acroutes":[100000,650000,652700],"parent":{"adcode":652700}}