{"children":[],"adcode":652722,"name":"精河县","center":[82.892938,44.605645],"centroid":[82.916681,44.548401],"childrenNum":0,"level":"district","acroutes":[100000,650000,652700],"parent":{"adcode":652700}}