{"children":[],"adcode":652825,"name":"且末县","center":[85.532629,38.138562],"centroid":[85.486142,38.09558],"childrenNum":0,"level":"district","acroutes":[100000,650000,652800],"parent":{"adcode":652800}}