{"children":[],"adcode":652827,"name":"和静县","center":[86.391067,42.31716],"centroid":[85.19578,42.821837],"childrenNum":0,"level":"district","acroutes":[100000,650000,652800],"parent":{"adcode":652800}}