{"children":[],"adcode":652829,"name":"博湖县","center":[86.631576,41.980166],"centroid":[86.87951,41.850698],"childrenNum":0,"level":"district","acroutes":[100000,650000,652800],"parent":{"adcode":652800}}