{"children":[],"adcode":652824,"name":"若羌县","center":[88.168807,39.023807],"centroid":[89.759062,38.970853],"childrenNum":0,"level":"district","acroutes":[100000,650000,652800],"parent":{"adcode":652800}}