{"children":[],"adcode":652828,"name":"和硕县","center":[86.864947,42.268863],"centroid":[87.581058,42.134923],"childrenNum":0,"level":"district","acroutes":[100000,650000,652800],"parent":{"adcode":652800}}