{"children":[],"adcode":652801,"name":"库尔勒市","center":[86.145948,41.763122],"centroid":[85.725261,41.573031],"childrenNum":0,"level":"district","acroutes":[100000,650000,652800],"parent":{"adcode":652800}}