{"children":[],"adcode":652823,"name":"尉犁县","center":[86.263412,41.337428],"centroid":[86.853248,40.849751],"childrenNum":0,"level":"district","acroutes":[100000,650000,652800],"parent":{"adcode":652800}}