{"children":[],"adcode":652822,"name":"轮台县","center":[84.248542,41.781266],"centroid":[84.571849,41.812022],"childrenNum":0,"level":"district","acroutes":[100000,650000,652800],"parent":{"adcode":652800}}