{"children":[],"adcode":652826,"name":"焉耆回族自治县","center":[86.5698,42.064349],"centroid":[86.070359,42.088406],"childrenNum":0,"level":"district","acroutes":[100000,650000,652800],"parent":{"adcode":652800}}