{"children":[],"adcode":652924,"name":"沙雅县","center":[82.78077,41.226268],"centroid":[82.915198,40.399615],"childrenNum":0,"level":"district","acroutes":[100000,650000,652900],"parent":{"adcode":652900}}