{"children":[],"adcode":652925,"name":"新和县","center":[82.610828,41.551176],"centroid":[81.980522,41.359479],"childrenNum":0,"level":"district","acroutes":[100000,650000,652900],"parent":{"adcode":652900}}