{"children":[],"adcode":652927,"name":"乌什县","center":[79.230805,41.21587],"centroid":[79.275101,41.255403],"childrenNum":0,"level":"district","acroutes":[100000,650000,652900],"parent":{"adcode":652900}}