{"children":[],"adcode":652902,"name":"库车市","center":[82.96304,41.717141],"centroid":[83.450974,41.780147],"childrenNum":0,"level":"district","acroutes":[100000,650000,652900],"parent":{"adcode":652900}}