{"children":[],"adcode":652922,"name":"温宿县","center":[80.243273,41.272995],"centroid":[80.456808,41.575951],"childrenNum":0,"level":"district","acroutes":[100000,650000,652900],"parent":{"adcode":652900}}