{"children":[],"adcode":652928,"name":"阿瓦提县","center":[80.378426,40.638422],"centroid":[80.434763,40.056068],"childrenNum":0,"level":"district","acroutes":[100000,650000,652900],"parent":{"adcode":652900}}