{"children":[],"adcode":652926,"name":"拜城县","center":[81.869881,41.796101],"centroid":[81.893892,42.039409],"childrenNum":0,"level":"district","acroutes":[100000,650000,652900],"parent":{"adcode":652900}}