{"children":[],"adcode":652929,"name":"柯坪县","center":[79.04785,40.50624],"centroid":[78.995557,40.451002],"childrenNum":0,"level":"district","acroutes":[100000,650000,652900],"parent":{"adcode":652900}}