{"children":[],"adcode":653001,"name":"阿图什市","center":[76.173939,39.712898],"centroid":[76.860254,40.125238],"childrenNum":0,"level":"district","acroutes":[100000,650000,653000],"parent":{"adcode":653000}}