{"children":[],"adcode":653022,"name":"阿克陶县","center":[75.945159,39.147079],"centroid":[75.219157,38.638313],"childrenNum":0,"level":"district","acroutes":[100000,650000,653000],"parent":{"adcode":653000}}