{"children":[],"adcode":653024,"name":"乌恰县","center":[75.25969,39.716633],"centroid":[74.909406,39.824146],"childrenNum":0,"level":"district","acroutes":[100000,650000,653000],"parent":{"adcode":653000}}