{"children":[],"adcode":653023,"name":"阿合奇县","center":[78.450164,40.937567],"centroid":[77.885242,40.847884],"childrenNum":0,"level":"district","acroutes":[100000,650000,653000],"parent":{"adcode":653000}}