{"children":[{"adcode":653001,"name":"阿图什市","center":[76.173939,39.712898],"centroid":[76.860254,40.125238],"childrenNum":0,"level":"district","parent":{"adcode":653000},"subFeatureIndex":0,"acroutes":[100000,650000,653000]},{"adcode":653022,"name":"阿克陶县","center":[75.945159,39.147079],"centroid":[75.219157,38.638313],"childrenNum":0,"level":"district","parent":{"adcode":653000},"subFeatureIndex":1,"acroutes":[100000,650000,653000]},{"adcode":653023,"name":"阿合奇县","center":[78.450164,40.937567],"centroid":[77.885242,40.847884],"childrenNum":0,"level":"district","parent":{"adcode":653000},"subFeatureIndex":2,"acroutes":[100000,650000,653000]},{"adcode":653024,"name":"乌恰县","center":[75.25969,39.716633],"centroid":[74.909406,39.824146],"childrenNum":0,"level":"district","parent":{"adcode":653000},"subFeatureIndex":3,"acroutes":[100000,650000,653000]}],"adcode":653000,"name":"克孜勒苏柯尔克孜自治州","center":[76.172825,39.713431],"centroid":[75.956625,39.672168],"childrenNum":4,"level":"city","acroutes":[100000,650000],"parent":{"adcode":650000}}