{"children":[],"adcode":653130,"name":"巴楚县","center":[78.55041,39.783479],"centroid":[78.709196,39.490776],"childrenNum":0,"level":"district","acroutes":[100000,650000,653100],"parent":{"adcode":653100}}