{"children":[],"adcode":653123,"name":"英吉沙县","center":[76.174292,38.929839],"centroid":[76.366039,38.7956],"childrenNum":0,"level":"district","acroutes":[100000,650000,653100],"parent":{"adcode":653100}}