{"children":[],"adcode":653128,"name":"岳普湖县","center":[76.7724,39.235248],"centroid":[76.972549,39.113463],"childrenNum":0,"level":"district","acroutes":[100000,650000,653100],"parent":{"adcode":653100}}