{"children":[],"adcode":653129,"name":"伽师县","center":[76.741982,39.494325],"centroid":[77.222077,39.592157],"childrenNum":0,"level":"district","acroutes":[100000,650000,653100],"parent":{"adcode":653100}}