{"children":[],"adcode":653124,"name":"泽普县","center":[77.273593,38.191217],"centroid":[77.217388,38.11826],"childrenNum":0,"level":"district","acroutes":[100000,650000,653100],"parent":{"adcode":653100}}