{"children":[],"adcode":653126,"name":"叶城县","center":[77.420353,37.884679],"centroid":[77.221585,36.990403],"childrenNum":0,"level":"district","acroutes":[100000,650000,653100],"parent":{"adcode":653100}}