{"children":[],"adcode":653127,"name":"麦盖提县","center":[77.651538,38.903384],"centroid":[78.23669,38.841286],"childrenNum":0,"level":"district","acroutes":[100000,650000,653100],"parent":{"adcode":653100}}