{"children":[],"adcode":653131,"name":"塔什库尔干塔吉克自治县","center":[75.228068,37.775437],"centroid":[75.842831,37.013453],"childrenNum":0,"level":"district","acroutes":[100000,650000,653100],"parent":{"adcode":653100}}