{"children":[],"adcode":653122,"name":"疏勒县","center":[76.053653,39.399461],"centroid":[76.356907,39.187796],"childrenNum":0,"level":"district","acroutes":[100000,650000,653100],"parent":{"adcode":653100}}