{"children":[],"adcode":653101,"name":"喀什市","center":[75.98838,39.467861],"centroid":[76.181834,39.520854],"childrenNum":0,"level":"district","acroutes":[100000,650000,653100],"parent":{"adcode":653100}}