{"children":[],"adcode":653125,"name":"莎车县","center":[77.248884,38.414499],"centroid":[77.006178,38.31968],"childrenNum":0,"level":"district","acroutes":[100000,650000,653100],"parent":{"adcode":653100}}