{"children":[],"adcode":653121,"name":"疏附县","center":[75.863075,39.378306],"centroid":[75.614411,39.370343],"childrenNum":0,"level":"district","acroutes":[100000,650000,653100],"parent":{"adcode":653100}}