{"children":[],"adcode":653227,"name":"民丰县","center":[82.692354,37.064909],"centroid":[83.338786,37.145932],"childrenNum":0,"level":"district","acroutes":[100000,650000,653200],"parent":{"adcode":653200}}