{"children":[],"adcode":653225,"name":"策勒县","center":[80.803572,37.001672],"centroid":[80.833042,35.825415],"childrenNum":0,"level":"district","acroutes":[100000,650000,653200],"parent":{"adcode":653200}}