{"children":[],"adcode":653201,"name":"和田市","center":[79.927542,37.108944],"centroid":[79.953222,37.149],"childrenNum":0,"level":"district","acroutes":[100000,650000,653200],"parent":{"adcode":653200}}