{"children":[],"adcode":653222,"name":"墨玉县","center":[79.736629,37.271511],"centroid":[80.139748,38.58496],"childrenNum":0,"level":"district","acroutes":[100000,650000,653200],"parent":{"adcode":653200}}