{"children":[],"adcode":653223,"name":"皮山县","center":[78.282301,37.616332],"centroid":[78.276691,36.718679],"childrenNum":0,"level":"district","acroutes":[100000,650000,653200],"parent":{"adcode":653200}}