{"children":[],"adcode":653221,"name":"和田县","center":[79.81907,37.120031],"centroid":[79.344273,35.670986],"childrenNum":0,"level":"district","acroutes":[100000,650000,653200],"parent":{"adcode":653200}}