{"children":[],"adcode":653226,"name":"于田县","center":[81.667845,36.854628],"centroid":[81.986956,37.164503],"childrenNum":0,"level":"district","acroutes":[100000,650000,653200],"parent":{"adcode":653200}}