{"children":[],"adcode":653224,"name":"洛浦县","center":[80.184038,37.074377],"centroid":[80.743238,38.027345],"childrenNum":0,"level":"district","acroutes":[100000,650000,653200],"parent":{"adcode":653200}}