{"children":[],"adcode":654022,"name":"察布查尔锡伯自治县","center":[81.150874,43.838883],"centroid":[81.135435,43.611652],"childrenNum":0,"level":"district","acroutes":[100000,650000,654000],"parent":{"adcode":654000}}