{"children":[],"adcode":654004,"name":"霍尔果斯市","center":[80.420759,44.201669],"centroid":[80.517666,44.461486],"childrenNum":0,"level":"district","acroutes":[100000,650000,654000],"parent":{"adcode":654000}}