{"children":[],"adcode":654026,"name":"昭苏县","center":[81.126029,43.157765],"centroid":[80.978885,42.770524],"childrenNum":0,"level":"district","acroutes":[100000,650000,654000],"parent":{"adcode":654000}}