{"children":[],"adcode":654024,"name":"巩留县","center":[82.227044,43.481618],"childrenNum":0,"level":"district","acroutes":[100000,650000,654000],"parent":{"adcode":654000}}