{"children":[],"adcode":654023,"name":"霍城县","center":[80.872508,44.049912],"centroid":[80.977423,44.260078],"childrenNum":0,"level":"district","acroutes":[100000,650000,654000],"parent":{"adcode":654000}}