{"children":[],"adcode":654002,"name":"伊宁市","center":[81.316343,43.922209],"centroid":[81.278288,44.008605],"childrenNum":0,"level":"district","acroutes":[100000,650000,654000],"parent":{"adcode":654000}}