{"children":[],"adcode":654025,"name":"新源县","center":[83.258493,43.434249],"centroid":[83.55063,43.370951],"childrenNum":0,"level":"district","acroutes":[100000,650000,654000],"parent":{"adcode":654000}}