{"children":[],"adcode":654003,"name":"奎屯市","center":[84.901602,44.423445],"centroid":[85.047698,44.483247],"childrenNum":0,"level":"district","acroutes":[100000,650000,654000],"parent":{"adcode":654000}}