{"children":[],"adcode":654027,"name":"特克斯县","center":[81.840058,43.214861],"centroid":[82.000834,42.919968],"childrenNum":0,"level":"district","acroutes":[100000,650000,654000],"parent":{"adcode":654000}}