{"children":[],"adcode":654028,"name":"尼勒克县","center":[82.504119,43.789737],"centroid":[83.228249,43.810846],"childrenNum":0,"level":"district","acroutes":[100000,650000,654000],"parent":{"adcode":654000}}