{"children":[],"adcode":654021,"name":"伊宁县","center":[81.524671,43.977876],"centroid":[81.747785,44.006026],"childrenNum":0,"level":"district","acroutes":[100000,650000,654000],"parent":{"adcode":654000}}