{"children":[],"adcode":654223,"name":"沙湾市","center":[85.622508,44.329544],"centroid":[85.46967,44.345745],"childrenNum":0,"level":"district","acroutes":[100000,650000,654200],"parent":{"adcode":654200}}