{"children":[],"adcode":654224,"name":"托里县","center":[83.60469,45.935863],"centroid":[83.889529,45.652023],"childrenNum":0,"level":"district","acroutes":[100000,650000,654200],"parent":{"adcode":654200}}