{"children":[],"adcode":654226,"name":"和布克赛尔蒙古自治县","center":[85.733551,46.793001],"centroid":[86.210142,46.249959],"childrenNum":0,"level":"district","acroutes":[100000,650000,654200],"parent":{"adcode":654200}}