{"children":[],"adcode":654201,"name":"塔城市","center":[82.983988,46.746281],"centroid":[83.192609,46.806534],"childrenNum":0,"level":"district","acroutes":[100000,650000,654200],"parent":{"adcode":654200}}