{"children":[],"adcode":654225,"name":"裕民县","center":[82.982157,46.202781],"centroid":[82.809047,45.995133],"childrenNum":0,"level":"district","acroutes":[100000,650000,654200],"parent":{"adcode":654200}}