{"children":[],"adcode":654221,"name":"额敏县","center":[83.622118,46.522555],"centroid":[84.198457,46.584946],"childrenNum":0,"level":"district","acroutes":[100000,650000,654200],"parent":{"adcode":654200}}