{"children":[],"adcode":654202,"name":"乌苏市","center":[84.677624,44.430115],"centroid":[84.266599,44.392603],"childrenNum":0,"level":"district","acroutes":[100000,650000,654200],"parent":{"adcode":654200}}