{"children":[],"adcode":654301,"name":"阿勒泰市","center":[88.138743,47.848911],"centroid":[87.917843,47.884663],"childrenNum":0,"level":"district","acroutes":[100000,650000,654300],"parent":{"adcode":654300}}