{"children":[],"adcode":654322,"name":"富蕴县","center":[89.524993,46.993106],"centroid":[89.386618,46.532364],"childrenNum":0,"level":"district","acroutes":[100000,650000,654300],"parent":{"adcode":654300}}