{"children":[],"adcode":654324,"name":"哈巴河县","center":[86.418964,48.059284],"centroid":[86.402485,48.310203],"childrenNum":0,"level":"district","acroutes":[100000,650000,654300],"parent":{"adcode":654300}}