{"children":[],"adcode":654323,"name":"福海县","center":[87.494569,47.113128],"centroid":[88.046601,46.362515],"childrenNum":0,"level":"district","acroutes":[100000,650000,654300],"parent":{"adcode":654300}}