{"children":[],"adcode":654321,"name":"布尔津县","center":[86.86186,47.70453],"centroid":[87.230803,48.313428],"childrenNum":0,"level":"district","acroutes":[100000,650000,654300],"parent":{"adcode":654300}}