{"children":[],"adcode":654325,"name":"青河县","center":[90.381561,46.672446],"centroid":[90.39768,46.263028],"childrenNum":0,"level":"district","acroutes":[100000,650000,654300],"parent":{"adcode":654300}}