{"children":[],"adcode":654326,"name":"吉木乃县","center":[85.876064,47.434633],"centroid":[86.200562,47.399536],"childrenNum":0,"level":"district","acroutes":[100000,650000,654300],"parent":{"adcode":654300}}