{"children":[],"adcode":659007,"name":"双河市","center":[82.353656,44.840524],"centroid":[82.468534,44.833549],"childrenNum":0,"level":"city","acroutes":[100000,650000],"parent":{"adcode":650000}}