{"children":[],"adcode":659005,"name":"北屯市","center":[87.824932,47.353177],"centroid":[87.95973,47.244003],"childrenNum":0,"level":"city","acroutes":[100000,650000],"parent":{"adcode":650000}}