{"children":[],"adcode":659002,"name":"阿拉尔市","center":[81.285884,40.541914],"centroid":[81.316958,40.6005],"childrenNum":0,"level":"city","acroutes":[100000,650000],"parent":{"adcode":650000}}