{"children":[],"adcode":659008,"name":"可克达拉市","center":[80.63579,43.6832],"centroid":[80.603017,43.96732],"childrenNum":0,"level":"city","acroutes":[100000,650000],"parent":{"adcode":650000}}