{"children":[],"adcode":659003,"name":"图木舒克市","center":[79.077978,39.867316],"centroid":[79.163596,39.870411],"childrenNum":0,"level":"city","acroutes":[100000,650000],"parent":{"adcode":650000}}