{"children":[],"adcode":659010,"name":"胡杨河市","center":[84.8275959,44.69288853],"centroid":[84.786397,44.84257],"childrenNum":0,"level":"city","acroutes":[100000,650000],"parent":{"adcode":650000}}