{"children":[],"adcode":659009,"name":"昆玉市","center":[79.287372,37.207994],"centroid":[79.593726,37.372468],"childrenNum":0,"level":"city","acroutes":[100000,650000],"parent":{"adcode":650000}}