{"children":[],"adcode":659006,"name":"铁门关市","center":[85.501218,41.827251],"centroid":[85.590071,41.800499],"childrenNum":0,"level":"city","acroutes":[100000,650000],"parent":{"adcode":650000}}