{"children":[],"adcode":659004,"name":"五家渠市","center":[87.526884,44.167401],"centroid":[87.557631,44.362095],"childrenNum":0,"level":"city","acroutes":[100000,650000],"parent":{"adcode":650000}}