{"children":[],"adcode":659001,"name":"石河子市","center":[86.041075,44.305886],"centroid":[86.038213,44.306831],"childrenNum":0,"level":"city","acroutes":[100000,650000],"parent":{"adcode":650000}}