{"children":[],"adcode":710000,"name":"台湾省","center":[121.509062,25.044332],"centroid":[120.971485,23.749452],"childrenNum":0,"level":"province","acroutes":[100000],"parent":{"adcode":100000}}