{"children":[],"adcode":810001,"name":"中西区","center":[114.1543731,22.28198083],"centroid":[114.152342,22.274164],"childrenNum":0,"level":"district","acroutes":[100000,810000],"parent":{"adcode":810000}}