{"children":[],"adcode":810012,"name":"元朗区","center":[114.0324381,22.44142833],"centroid":[114.047174,22.445964],"childrenNum":0,"level":"district","acroutes":[100000,810000],"parent":{"adcode":810000}}