{"children":[],"adcode":810009,"name":"观塘区","center":[114.2140542,22.32083778],"centroid":[114.230773,22.309542],"childrenNum":0,"level":"district","acroutes":[100000,810000],"parent":{"adcode":810000}}