{"children":[],"adcode":810008,"name":"黄大仙区","center":[114.2038856,22.33632056],"centroid":[114.20974,22.341657],"childrenNum":0,"level":"district","acroutes":[100000,810000],"parent":{"adcode":810000}}