{"children":[],"adcode":810018,"name":"离岛区","center":[113.94612,22.28640778],"centroid":[113.944813,22.260175],"childrenNum":0,"level":"district","acroutes":[100000,810000],"parent":{"adcode":810000}}