{"children":[],"adcode":810007,"name":"九龙城区","center":[114.1928467,22.31251],"centroid":[114.197767,22.314545],"childrenNum":0,"level":"district","acroutes":[100000,810000],"parent":{"adcode":810000}}