{"children":[],"adcode":810017,"name":"葵青区","center":[114.1393194,22.36387667],"centroid":[114.118692,22.34175],"childrenNum":0,"level":"district","acroutes":[100000,810000],"parent":{"adcode":810000}}