{"children":[],"adcode":810004,"name":"南区","center":[114.1600117,22.24589667],"centroid":[114.206983,22.23293],"childrenNum":0,"level":"district","acroutes":[100000,810000],"parent":{"adcode":810000}}