{"children":[],"adcode":810015,"name":"西贡区","center":[114.264645,22.31421306],"childrenNum":0,"level":"district","acroutes":[100000,810000],"parent":{"adcode":810000}}