{"children":[],"adcode":810014,"name":"大埔区","center":[114.1717431,22.44565306],"centroid":[114.205562,22.458868],"childrenNum":0,"level":"district","acroutes":[100000,810000],"parent":{"adcode":810000}}