{"children":[],"adcode":810003,"name":"东区","center":[114.2260031,22.27969306],"centroid":[114.227107,22.270314],"childrenNum":0,"level":"district","acroutes":[100000,810000],"parent":{"adcode":810000}}