{"children":[],"adcode":810005,"name":"油尖旺区","center":[114.1733317,22.31170389],"centroid":[114.172222,22.303469],"childrenNum":0,"level":"district","acroutes":[100000,810000],"parent":{"adcode":810000}}