{"children":[],"adcode":810010,"name":"荃湾区","center":[114.1210792,22.36830667],"centroid":[114.086798,22.365421],"childrenNum":0,"level":"district","acroutes":[100000,810000],"parent":{"adcode":810000}}