{"children":[],"adcode":810011,"name":"屯门区","center":[113.9765742,22.39384417],"centroid":[113.979886,22.388499],"childrenNum":0,"level":"district","acroutes":[100000,810000],"parent":{"adcode":810000}}