{"children":[],"adcode":810006,"name":"深水埗区","center":[114.1632417,22.33385417],"centroid":[114.156935,22.328966],"childrenNum":0,"level":"district","acroutes":[100000,810000],"parent":{"adcode":810000}}