{"children":[],"adcode":810002,"name":"湾仔区","center":[114.1829153,22.27638889],"centroid":[114.189433,22.266406],"childrenNum":0,"level":"district","acroutes":[100000,810000],"parent":{"adcode":810000}}