{"children":[],"adcode":810013,"name":"北区","center":[114.1473639,22.49610389],"centroid":[114.182122,22.510784],"childrenNum":0,"level":"district","acroutes":[100000,810000],"parent":{"adcode":810000}}