{"children":[],"adcode":810016,"name":"沙田区","center":[114.1953653,22.37953167],"centroid":[114.207032,22.386019],"childrenNum":0,"level":"district","acroutes":[100000,810000],"parent":{"adcode":810000}}