{"children":[],"adcode":820001,"name":"花地玛堂区","center":[113.5528956,22.20787],"centroid":[113.561427,22.201995],"childrenNum":0,"level":"district","acroutes":[100000,820000],"parent":{"adcode":820000}}