{"children":[],"adcode":820004,"name":"大堂区","center":[113.5536475,22.18853944],"centroid":[113.557955,22.17835],"childrenNum":0,"level":"district","acroutes":[100000,820000],"parent":{"adcode":820000}}