{"children":[],"adcode":820007,"name":"路凼填海区","center":[113.5695992,22.13663],"centroid":[113.56766,22.139899],"childrenNum":0,"level":"district","acroutes":[100000,820000],"parent":{"adcode":820000}}