{"children":[],"adcode":820003,"name":"望德堂区","center":[113.5501828,22.19372083],"centroid":[113.554545,22.195889],"childrenNum":0,"level":"district","acroutes":[100000,820000],"parent":{"adcode":820000}}