{"children":[],"adcode":820008,"name":"圣方济各堂区","center":[113.5599542,22.12348639],"centroid":[113.577403,22.123389],"childrenNum":0,"level":"district","acroutes":[100000,820000],"parent":{"adcode":820000}}