{"children":[],"adcode":820006,"name":"嘉模堂区","center":[113.5587044,22.15375944],"centroid":[113.573356,22.157677],"childrenNum":0,"level":"district","acroutes":[100000,820000],"parent":{"adcode":820000}}