{"children":[],"adcode":820002,"name":"花王堂区","center":[113.5489608,22.1992075],"centroid":[113.546753,22.198828],"childrenNum":0,"level":"district","acroutes":[100000,820000],"parent":{"adcode":820000}}