{"children":[],"adcode":820005,"name":"风顺堂区","center":[113.5419278,22.18736806],"centroid":[113.539116,22.185895],"childrenNum":0,"level":"district","acroutes":[100000,820000],"parent":{"adcode":820000}}